id,entry_time,exit_time,side,lot,entry,exit,initial_sl,risk_px,risk_usd,pnl_px,pnl,swap,r_multiple,exit_reason,sl_kind,score0,via,chain,level,cycle,graduated,bars,max_fav,max_adv,k_open,atr,spread_pts,hour,dow,equity_in,balance_out,full
1,2021-09-01 15:20:00,2021-09-01 15:39:00,BUY,0.01,1816.11,1816.26,1806.11,10.0,10.0,0.15000000000009095,0.15000000000009095,-0.0,0.015000000000009095,CHAIN_ROLL,cleared,7.323960164030422,signal,True,0,0,False,19.0,0.5099999999999909,2.8999999999998636,148,1.5074999999999932,32.0,15,2,1000.0,1000.1500000000001,True
2,2021-09-01 15:24:00,2021-09-01 15:48:00,SELL,0.03,1813.42,1819.4299999999998,0.0,,,-6.0099999999997635,-18.02999999999929,0.0,,CHAIN_COVERED,none,0.0,hedge,True,1,0,False,24.0,0.0,6.2999999999999545,148,1.5074999999999932,32.0,15,2,0.0,982.1200000000008,True
3,2021-09-01 15:39:00,2021-09-02 12:42:00,BUY,0.08,1816.58,1816.61,0.0,,,0.029999999999972715,-6.707200000000219,-6.9472000000000005,,CHAIN_RESEED,none,0.0,hedge,True,0,0,False,1263.0,3.3200000000001637,8.0,151,1.8199999999999363,32.0,15,2,0.0,956.5628000000019,True
5,2021-09-01 17:00:00,2021-09-02 12:42:00,SELL,0.05,1813.16,1816.9299999999998,0.0,,,-3.7699999999997544,-18.849999999998772,0.0,,CHAIN_RESEED_PARTIAL,none,0.0,hedge,True,1,0,False,1182.0,4.260000000000218,3.9299999999998363,167,1.951249999999959,32.0,16,2,0.0,963.270000000002,False
4,2021-09-01 16:20:00,2021-09-02 13:26:00,SELL,0.01,1815.94,1815.9199999999998,1825.94,10.0,10.0,0.020000000000209184,0.21790000000020918,0.1979,0.002000000000020918,CHAIN_ROLL,cleared,6.979070271833445,signal,True,0,0,False,1266.0,7.040000000000191,1.959999999999809,160,2.5900000000000603,32.0,16,2,977.0000000000018,956.7807000000021,True
7,2021-09-02 12:42:00,2021-09-02 14:21:00,BUY,0.03,1816.93,1814.24,0.0,,,-2.6900000000000546,-8.070000000000164,-0.0,,CHAIN_COVERED,none,0.0,hedge,True,1,0,False,99.0,0.06999999999993634,2.740000000000009,392,0.6537499999999739,32.0,12,3,0.0,948.7107000000019,True
5,2021-09-01 17:00:00,2021-09-02 15:25:00,SELL,0.05,1813.16,1812.7,0.0,,,0.4600000000000364,3.289500000000182,0.9895,,CHAIN_RESEED,none,0.0,hedge,True,0,1,False,1345.0,4.260000000000218,4.1599999999998545,167,1.951249999999959,32.0,16,2,0.0,929.2502000000023,True
6,2021-09-02 12:42:00,2021-09-02 15:25:00,BUY,0.05,1816.93,1812.38,0.0,,,-4.5499999999999545,-22.749999999999773,0.0,,CHAIN_RESEED_PARTIAL,none,0.0,hedge,True,1,1,False,163.0,0.06999999999993634,4.730000000000018,392,0.6537499999999739,32.0,12,3,0.0,925.9607000000021,False
6,2021-09-02 12:42:00,2021-09-02 17:06:00,BUY,0.05,1816.93,1806.86,0.0,,,-10.070000000000164,-50.35000000000082,-0.0,,CHAIN_COVERED,none,0.0,hedge,True,0,2,False,264.0,0.06999999999993634,10.920000000000073,392,0.6537499999999739,32.0,12,3,0.0,878.9002000000015,True
10,2021-09-02 17:05:00,2021-09-03 05:26:00,SELL,0.01,1807.38,1814.6299999999999,1817.38,10.0,10.0,-7.249999999999773,-7.052099999999774,0.1979,-0.7249999999999772,CHAIN_COVERED,cleared,7.233582976828079,signal,True,0,0,False,741.0,2.1800000000000637,7.269999999999754,445,2.5687499999999943,32.0,17,3,1007.3002000000018,871.8481000000018,True
11,2021-09-02 17:39:00,2021-09-03 08:44:00,BUY,0.03,1811.77,1811.92,0.0,,,0.15000000000009095,-2.1551999999997276,-2.6052000000000004,,CHAIN_ROLL,none,0.0,hedge,True,0,0,False,905.0,2.9400000000000546,4.900000000000091,451,2.8374999999999773,32.0,17,3,0.0,869.692900000002,True
12,2021-09-03 08:09:00,2021-09-03 15:31:00,SELL,0.08,1811.0,1822.82,0.0,,,-11.819999999999936,-94.55999999999949,0.0,,CHAIN_COVERED,none,0.0,hedge,True,1,0,False,442.0,0.14000000000010004,13.740000000000009,613,0.4437499999999943,32.0,8,4,0.0,775.1329000000026,True
14,2021-09-07 17:05:00,2021-09-08 06:12:00,SELL,0.01,1799.85,1799.79,1809.85,10.0,10.0,0.05999999999994543,0.6536999999999454,0.5937,0.005999999999994543,CHAIN_ROLL,cleared,8.15861355080703,signal,True,0,0,False,787.0,7.230000000000018,3.130000000000109,1225,3.346250000000026,32.0,17,1,927.6329000000048,775.7866000000025,True
15,2021-09-08 05:41:00,2021-09-08 06:22:00,BUY,0.03,1800.96,1798.18,0.0,,,-2.7799999999999727,-8.339999999999918,-0.0,,CHAIN_COVERED,none,0.0,hedge,True,1,0,False,41.0,0.0,2.7899999999999636,1364,0.691250000000025,32.0,5,2,0.0,767.4466000000026,True
18,2021-09-08 16:50:00,2021-09-08 18:09:00,SELL,0.01,1783.71,1793.6299999999999,1793.71,10.0,10.0,-9.919999999999845,-9.919999999999845,0.0,-0.9919999999999846,CHAIN_COVERED,cleared,8.295549591048383,signal,True,0,0,False,79.0,1.1400000000001,9.959999999999809,1498,3.0049999999999955,32.0,16,2,1243.706600000004,757.5266000000028,True
17,2021-09-08 16:45:00,2021-09-08 21:53:00,SELL,0.01,1791.99,1791.9399999999998,1801.99,10.0,10.0,0.0500000000001819,0.2479000000001819,0.1979,0.0050000000000181895,CHAIN_ROLL,cleared,7.261959766385487,signal,True,0,0,False,308.0,9.420000000000073,3.349999999999909,1497,1.9262499999999818,32.0,16,2,1070.1466000000048,757.774500000003,True
20,2021-09-08 21:15:00,2021-09-08 22:24:00,BUY,0.03,1793.19,1790.34,0.0,,,-2.8500000000001364,-8.55000000000041,-0.0,,CHAIN_COVERED,none,0.0,hedge,True,1,0,False,69.0,0.16999999999984539,2.9500000000000455,1550,0.6837500000000318,32.0,21,2,0.0,749.2245000000025,True
19,2021-09-08 18:03:00,2021-09-09 01:44:00,BUY,0.04,1790.31,1790.31,0.0,,,0.0,-3.4736000000000002,-3.4736000000000002,,CHAIN_RESEED,none,0.0,hedge,True,0,0,False,461.0,4.710000000000036,1.8799999999998818,1512,2.3162499999999966,32.0,18,2,0.0,739.8009000000034,True
22,2021-09-08 22:29:00,2021-09-09 01:44:00,SELL,0.05,1789.44,1790.6299999999999,0.0,,,-1.1899999999998272,-5.949999999999137,0.0,,CHAIN_RESEED_PARTIAL,none,0.0,hedge,True,1,0,False,195.0,0.6900000000000546,1.1899999999998272,1565,0.5299999999999727,32.0,22,2,0.0,743.2745000000034,False
22,2021-09-08 22:29:00,2021-09-09 02:10:00,SELL,0.05,1789.44,1789.4299999999998,0.0,,,0.010000000000218279,0.050000000001091394,0.0,,CHAIN_RESEED,none,0.0,hedge,True,0,1,False,221.0,0.6900000000000546,1.3399999999999181,1565,0.5299999999999727,32.0,22,2,0.0,732.2509000000034,True
23,2021-09-09 01:44:00,2021-09-09 02:10:00,BUY,0.05,1790.63,1789.11,0.0,,,-1.5200000000002092,-7.600000000001046,0.0,,CHAIN_RESEED_PARTIAL,none,0.0,hedge,True,1,1,False,26.0,0.0,1.5200000000002092,1592,0.46875000000005684,32.0,1,3,0.0,732.2009000000023,False
8,2021-09-02 13:26:00,2026-09-25 00:00:00,SELL,0.1,1815.6,4275.01,0.0,,,-2459.4100000000003,-19890.017000000003,4704.083,,END,none,0.0,hedge,True,0,0,True,2661754.0,200.56999999999994,3781.7100000000005,401,0.508749999999992,32.0,13,3,0.0,-19157.7661,True
9,2021-09-02 15:25:00,2026-09-25 00:00:00,SELL,0.1,1812.38,4275.01,0.0,,,-2462.63,-19922.217000000004,4704.083,,END,none,0.0,hedge,True,0,0,True,2661635.0,197.35000000000014,3784.9300000000003,424,0.7987499999999841,32.0,15,3,0.0,-39079.983100000005,True
13,2021-09-03 08:44:00,2026-09-25 00:00:00,BUY,0.1,1812.24,4274.5,0.0,,,2462.26,3989.416000000001,-20633.184,,END,none,0.0,hedge,True,0,0,True,2660596.0,3784.5600000000004,197.52999999999997,620,0.539999999999992,32.0,8,4,0.0,-35090.5671,True
16,2021-09-08 06:12:00,2026-09-25 00:00:00,SELL,0.1,1799.47,4275.01,0.0,,,-2475.54,-20067.149,4688.250999999999,,END,none,0.0,hedge,True,0,0,True,2653548.0,184.44000000000005,3797.84,1370,0.6850000000000023,32.0,6,2,0.0,-55157.716100000005,True
21,2021-09-08 21:53:00,2026-09-25 00:00:00,SELL,0.1,1791.62,4275.01,0.0,,,-2483.3900000000003,-20147.628000000004,4686.272,,END,none,0.0,hedge,True,0,0,True,2652607.0,176.58999999999992,3805.6900000000005,1558,0.5662499999999966,32.0,21,2,0.0,-75305.34410000002,True
23,2021-09-09 01:44:00,2026-09-25 00:00:00,BUY,0.05,1790.63,4274.5,0.0,,,2483.87,2137.4940000000006,-10281.856,,END,none,0.0,hedge,True,0,0,True,2652376.0,3806.17,175.92000000000007,1592,0.46875000000005684,32.0,1,3,0.0,-73167.85010000001,True
24,2021-09-09 02:10:00,2026-09-25 00:00:00,SELL,0.1,1789.11,4275.01,0.0,,,-2485.9000000000005,-20172.728000000006,4686.272,,END,none,0.0,hedge,True,0,0,True,2652350.0,174.07999999999993,3808.2000000000007,1597,0.39875000000006366,32.0,2,3,0.0,-93340.57810000001,True
