k_in,k_out,side,entry,exit,isl,sl_exit,lots,pnl,swap,mfe_px,mae_px,k_mfe,reason,j_in,j_pend,risk_usd,balance,spread_entry,atr_entry,adx_entry,sl_src,k_pend,be_hit,prot_active,min_equity,slip_usd,max_sl,k_mae,pend_px,pend_sl0,stage,time_in,time_out,time_mfe,time_pend,hold_min,bars_held,mfe_usd,mae_usd,gross_usd,r,mfe_r,mae_r,giveback_usd,giveback_pct,exit_reason,hour_in,weekday_in,session,fill_delay_bars,regime_trend,regime_direction,regime_vol,regime_breakout,regime_sharp_reversal,regime_big_move,regime
4612,4730,1,413.6,393.64,393.74,393.74,0.01,-26.038800000000037,-6.0788,2.839999999999975,20.230000000000018,4613,1,204,203,19.860000000000014,173.96119999999996,0.319,7.160909090909089,27.133799332813798,1,4598,0.0,0.0,179.76999999999998,0.2,393.74,4730,413.5,393.74,0,2004-02-13 15:00:00,2004-02-20 19:00:00,2004-02-13 16:00:00,2004-02-13 01:00:00,10320.0,6,2.839999999999975,20.230000000000018,-19.960000000000036,-1.311117824773415,0.14300100704934407,1.018630412890232,28.878800000000012,1016.8591549295868,SL_initial,15,4,London/NY,0,strong_trend,bull,high_vol,False,False,False,strong_trend/high_vol
5145,5560,1,403.87000000000006,417.92999999999995,394.0,412.03,0.01,-9.386800000000115,-23.446800000000003,26.62999999999994,1.6100000000000705,5392,8,227,226,9.870000000000061,164.57439999999986,0.319,7.094545454545451,16.843897428619332,3,5126,1.0,1.0,172.3511999999999,0.2,412.03,5145,403.77000000000004,394.0,0,2004-03-17 20:00:00,2004-04-13 01:00:00,2004-04-01 16:00:00,2004-03-17 01:00:00,37740.0,20,26.62999999999994,1.6100000000000705,14.059999999999889,-0.951043566362721,2.6980749746706962,0.16312056737589264,36.01680000000005,135.24896733007938,MA18_exit,20,2,NewYork,0,range,bull,mid_vol,False,False,False,range/mid_vol
6152,6217,-1,375.38999999999993,383.77000000000004,383.67,383.67,0.01,-7.3905000000001095,0.9894999999999999,0.6909999999999172,11.169000000000096,6153,1,271,270,8.280000000000086,157.18389999999974,0.319,6.982727272727278,21.008968087166124,1,6134,0.0,0.0,153.40539999999976,0.2,383.67,6217,375.48999999999995,383.67,0,2004-05-18 19:00:00,2004-05-21 15:00:00,2004-05-18 20:00:00,2004-05-18 01:00:00,4080.0,4,0.6909999999999172,11.169000000000096,-8.38000000000011,-0.8925724637681198,0.08345410628018236,1.3489130434782584,8.081500000000027,1169.5369030392178,SL_initial,19,1,NewYork,0,weak_trend,bear,high_vol,False,False,False,weak_trend/high_vol
6578,6676,-1,381.49999999999994,395.1,395.0,395.0,0.01,-12.41260000000008,1.1874,0.630999999999915,14.44900000000007,6604,1,290,288,13.500000000000057,144.77129999999966,0.319,5.834090909090918,22.668380546867652,1,6547,0.0,0.0,142.73489999999967,0.2,395.0,6676,381.59999999999997,395.0,0,2004-06-14 10:00:00,2004-06-18 16:00:00,2004-06-15 13:00:00,2004-06-11 01:00:00,6120.0,5,0.630999999999915,14.44900000000007,-13.60000000000008,-0.9194518518518539,0.04674074074073425,1.070296296296297,13.043599999999994,2067.13153724275,SL_initial,10,0,London,1,,,,,,,nan/nan
8147,8287,1,405.80000000000007,405.79999999999995,394.11,405.9,0.01,-6.947200000000114,-6.9472000000000005,5.819999999999936,4.150000000000091,8264,2,358,357,11.690000000000055,137.82409999999953,0.319,5.636818181818184,23.796812019491163,2,8133,1.0,1.0,140.62129999999956,0.2,405.9,8149,405.70000000000005,394.11,0,2004-09-16 15:00:00,2004-09-24 17:00:00,2004-09-23 17:00:00,2004-09-16 01:00:00,11640.0,7,5.819999999999936,4.150000000000091,-1.1368683772161603e-13,-0.5942857142857213,0.4978614200171009,0.3550042771599719,12.76720000000005,219.367697594505,SL_breakeven,15,3,London/NY,0,weak_trend,bull,low_vol,False,False,False,weak_trend/low_vol
8342,8424,1,412.83000000000004,412.83,394.11,412.93,0.01,-4.342000000000057,-4.3420000000000005,6.5499999999999545,2.8700000000000614,8393,2,367,366,18.720000000000027,133.48209999999946,0.331,5.10727272727273,42.92330371707149,2,8340,1.0,1.0,134.95409999999947,0.2,412.93,8352,412.73,394.11,0,2004-09-29 03:00:00,2004-10-04 16:00:00,2004-10-01 08:00:00,2004-09-29 01:00:00,7980.0,4,6.5499999999999545,2.8700000000000614,-5.684341886080802e-14,-0.23194444444444717,0.34989316239315943,0.15331196581196888,10.892000000000012,166.2900763358792,SL_breakeven,3,2,Asia,0,strong_trend,bull,low_vol,True,False,False,strong_trend/low_vol
8450,8909,1,418.84000000000003,419.09,394.11,419.19,0.01,-24.065200000000065,-24.315200000000008,11.199999999999989,10.450000000000045,8885,3,371,370,24.730000000000018,109.4168999999994,0.319,5.2972727272727305,53.181904341750624,3,8432,1.0,1.0,123.03209999999942,0.2,419.19,8584,418.74,394.11,0,2004-10-05 19:00:00,2004-11-02 18:00:00,2004-11-01 17:00:00,2004-10-05 01:00:00,40260.0,21,11.199999999999989,10.450000000000045,0.24999999999994316,-0.9731176708451292,0.45289122523251035,0.42256368782854986,35.26520000000005,314.86785714285793,SL_swing,19,1,NewYork,0,strong_trend,bull,low_vol,False,False,False,strong_trend/low_vol
8977,9498,1,432.71000000000004,445.72999999999996,416.45,445.83,0.01,-13.900400000000083,-26.920400000000008,23.769999999999982,3.3700000000000614,9406,3,394,393,16.260000000000048,95.51649999999933,0.319,6.203181818181815,22.681241397499253,3,8961,1.0,1.0,106.04689999999934,0.2,445.83,8977,432.61,416.45,0,2004-11-05 17:00:00,2004-12-08 09:00:00,2004-12-02 09:00:00,2004-11-05 01:00:00,47040.0,24,23.769999999999982,3.3700000000000614,13.019999999999925,-0.8548831488314909,1.4618696186961815,0.20725707257072887,37.670400000000065,158.47875473285694,SL_swing,17,4,NewYork,0,weak_trend,bull,mid_vol,True,False,False,weak_trend/mid_vol
10269,10290,1,427.79,421.63,419.17,419.17,0.01,-7.028400000000025,-0.8684000000000001,-0.3199999999999932,7.550000000000011,10269,8,451,450,8.620000000000005,88.4880999999993,0.331,5.400454545454543,23.413516821941823,1,10267,0.0,0.0,87.96649999999931,0.2,419.17,10286,427.69,419.17,0,2005-01-25 03:00:00,2005-01-26 01:00:00,2005-01-25 03:00:00,2005-01-25 01:00:00,1320.0,2,0.0,7.550000000000011,-6.160000000000025,-0.8153596287703041,0.0,0.8758700696055693,7.028400000000025,,MA18_exit,3,1,Asia,0,weak_trend,bull,low_vol,False,False,False,weak_trend/low_vol
10626,10874,1,426.08000000000004,429.33,409.64,429.43,0.01,-9.776000000000057,-13.026,11.069999999999936,4.990000000000066,10835,3,466,465,16.440000000000055,78.71209999999925,0.319,5.118181818181807,34.674517461038285,3,10612,1.0,1.0,83.49809999999924,0.2,429.43,10651,425.98,409.64,0,2005-02-15 15:00:00,2005-03-02 10:00:00,2005-02-28 17:00:00,2005-02-15 01:00:00,21300.0,12,11.069999999999936,4.990000000000066,3.249999999999943,-0.5946472019464735,0.6733576642335706,0.3035279805352828,20.845999999999993,188.31074977416543,SL_swing,15,1,London/NY,0,strong_trend,bull,low_vol,False,False,False,strong_trend/low_vol
10895,10903,1,433.37000000000006,429.83,429.93,429.93,0.01,-3.5400000000000773,0.0,-0.3100000000000591,4.660000000000082,10895,1,478,477,3.4400000000000546,75.17209999999918,0.325,4.980909090909088,33.09599592953727,1,10888,0.0,0.0,74.05209999999917,0.2,429.93,10903,433.27000000000004,429.93,0,2005-03-03 08:00:00,2005-03-03 16:00:00,2005-03-03 08:00:00,2005-03-03 01:00:00,480.0,1,0.0,4.660000000000082,-3.5400000000000773,-1.0290697674418665,0.0,1.3546511627907,3.5400000000000773,,SL_initial,8,3,London,0,strong_trend,bull,low_vol,False,False,False,strong_trend/low_vol
10926,11178,1,433.26000000000005,433.26,429.93,433.36,0.01,-13.026000000000057,-13.026,13.299999999999955,3.060000000000059,11043,2,479,478,3.330000000000041,62.14609999999912,0.319,5.050454545454543,28.966048708972615,2,10911,1.0,1.0,72.11209999999912,0.2,433.36,11178,433.16,429.93,0,2005-03-04 16:00:00,2005-03-21 15:00:00,2005-03-11 18:00:00,2005-03-04 01:00:00,24420.0,12,13.299999999999955,3.060000000000059,-5.684341886080802e-14,-3.9117117117116806,3.9939939939939313,0.9189189189189254,26.32600000000001,197.9398496240609,SL_breakeven,16,4,London/NY,0,strong_trend,bull,low_vol,False,False,False,strong_trend/low_vol
11669,11876,1,433.64000000000004,428.84,421.3,421.3,0.01,-16.08920000000007,-11.2892,3.579999999999984,5.940000000000055,11782,8,512,511,12.340000000000032,46.056899999999054,0.355,4.687272727272733,21.115702072143566,1,11669,0.0,0.0,56.20609999999907,0.2,421.3,11869,433.54,421.3,0,2005-04-20 01:00:00,2005-05-03 01:00:00,2005-04-26 22:00:00,2005-04-20 01:00:00,18720.0,10,3.579999999999984,5.940000000000055,-4.80000000000007,-1.3038249594813636,0.29011345218800444,0.48136142625608097,19.669200000000053,549.4189944134117,MA18_exit,1,2,Asia,0,weak_trend,bull,low_vol,True,False,False,weak_trend/low_vol
12348,12400,-1,414.93999999999994,422.86,422.76,422.76,0.01,-7.128400000000073,0.7916,1.9709999999999468,8.259000000000071,12350,1,541,536,7.82000000000005,38.928499999998984,0.319,4.275454545454537,12.494726430987539,1,12244,0.0,0.0,37.79789999999898,0.2,422.76,12400,415.03999999999996,422.76,0,2005-05-31 13:00:00,2005-06-02 19:00:00,2005-05-31 15:00:00,2005-05-25 01:00:00,3240.0,3,1.9709999999999468,8.259000000000071,-7.920000000000073,-0.9115601023017937,0.2520460358056182,1.056138107416882,9.09940000000002,461.6641298833215,SL_initial,13,1,London/NY,4,range,bear,low_vol,False,False,False,range/low_vol
13753,13761,1,440.40000000000003,436.76,431.8,431.8,0.01,-6.245200000000043,-2.6052,0.14999999999997726,5.460000000000036,13753,8,602,601,8.600000000000023,32.68329999999894,0.319,5.231818181818181,19.99559431856625,1,13738,0.0,0.0,33.46849999999894,0.2,431.8,13755,440.3,431.8,0,2005-08-24 16:00:00,2005-08-25 01:00:00,2005-08-24 16:00:00,2005-08-24 01:00:00,540.0,2,0.14999999999997726,5.460000000000036,-3.640000000000043,-0.726186046511631,0.01744186046511359,0.6348837209302352,6.39520000000002,4263.4666666673265,MA18_exit,16,2,London/NY,0,weak_trend,bull,mid_vol,False,False,False,weak_trend/mid_vol
13982,14075,1,446.06000000000006,446.06,428.37,446.16,0.01,-5.210400000000058,-5.210400000000001,5.269999999999925,3.970000000000084,14039,2,612,611,17.690000000000055,27.47289999999888,0.319,5.791363636363638,20.65628362690563,2,13968,1.0,1.0,28.713299999998853,0.2,446.16,13982,445.96000000000004,428.37,0,2005-09-07 15:00:00,2005-09-13 16:00:00,2005-09-12 03:00:00,2005-09-07 01:00:00,8700.0,5,5.269999999999925,3.970000000000084,-5.684341886080802e-14,-0.29453928773318494,0.29790842283775626,0.2244205765969515,10.480399999999982,198.86907020873113,SL_breakeven,15,2,London/NY,0,weak_trend,bull,mid_vol,False,False,False,weak_trend/mid_vol
14097,14674,1,449.56000000000006,464.19,428.37,464.29,0.01,-15.76400000000007,-30.39400000000001,30.529999999999916,2.7600000000000477,14552,3,617,616,21.190000000000055,11.70889999999881,0.319,5.60227272727273,24.87302721542177,3,14083,1.0,1.0,24.712899999998832,0.2,464.29,14100,449.46000000000004,428.37,0,2005-09-14 15:00:00,2005-10-19 17:00:00,2005-10-12 10:00:00,2005-09-14 01:00:00,50520.0,26,30.52999999999992,2.7600000000000477,14.629999999999939,-0.743935818782446,1.4407739499763965,0.13025011798018124,46.29399999999999,151.63445791025256,SL_swing,15,2,London/NY,0,weak_trend,bull,mid_vol,False,False,False,weak_trend/mid_vol
14805,14859,1,473.98,463.83,458.86,458.86,0.01,-11.886800000000035,-1.7368000000000001,1.3899999999999864,10.050000000000011,14811,12,648,647,15.120000000000005,-0.17790000000122497,0.319,7.152727272727263,20.415833599316954,1,14796,0.0,0.0,-0.07790000000120223,0.2,458.86,14859,473.88,458.86,0,2005-10-27 10:00:00,2005-10-31 18:00:00,2005-10-27 16:00:00,2005-10-27 01:00:00,6240.0,3,1.3899999999999864,10.050000000000011,-10.150000000000034,-0.7861640211640232,0.091931216931216,0.6646825396825402,13.276800000000021,955.1654676259102,stop_out,10,3,London,0,weak_trend,bull,high_vol,False,False,False,weak_trend/high_vol
