tf,variant,period,trades,net_profit,profit_factor,win_rate,expectancy,expectancy_r,max_dd_usd,giveback_avg,profit_to_loss_2usd,avg_hold_min,class,d_trades,d_pf,d_net,d_wr,d_dd,d_exp
M1,BASE,ALL,54900,-30212.35,0.551,20.6,-0.55,-0.325,30239.03,2.57,4608.0,17.0,base,,,,,,
M1,BASE,DEV,26204,-14158.88,0.377,18.6,-0.54,-0.407,14158.88,1.53,645.0,16.4,base,,,,,,
M1,BASE,VAL,11313,-5923.62,0.457,19.8,-0.524,-0.365,5923.62,1.78,424.0,17.4,base,,,,,,
M1,BASE,OOS,17383,-10129.86,0.698,23.9,-0.583,-0.177,10157.75,4.65,3539.0,17.8,base,,,,,,
M1,F01 volume filter OFF,ALL,75238,-41445.77,0.528,19.4,-0.551,-0.352,41468.27,2.4,5777.0,15.1,Harmful,20338.0,-0.023,-11233.42,-1.2,11229.24,-0.001
M1,F01 volume filter OFF,DEV,35718,-19247.73,0.356,17.5,-0.539,-0.439,19247.73,1.44,739.0,14.5,Harmful,9514.0,-0.021,-5088.85,-1.1,5088.85,0.001
M1,F01 volume filter OFF,VAL,15750,-8237.14,0.434,18.6,-0.523,-0.387,8237.14,1.67,508.0,15.6,Harmful,4437.0,-0.023,-2313.52,-1.2,2313.52,0.001
M1,F01 volume filter OFF,OOS,23770,-13960.9,0.678,22.8,-0.587,-0.199,13984.3,4.34,4530.0,15.8,Harmful,6387.0,-0.02,-3831.04,-1.1,3826.55,-0.004
M1,F02 MA200 trend filter OFF,ALL,97963,-55262.13,0.531,20.9,-0.564,-0.328,55269.52,2.49,7904.0,16.3,Harmful,43063.0,-0.02,-25049.78,0.3,25030.49,-0.014
M1,F02 MA200 trend filter OFF,DEV,46653,-24969.15,0.373,18.9,-0.535,-0.407,24969.15,1.48,992.0,15.8,Harmful,20449.0,-0.004,-10810.27,0.3,10810.27,0.005
M1,F02 MA200 trend filter OFF,VAL,20366,-10868.18,0.436,19.8,-0.534,-0.373,10868.18,1.72,687.0,17.3,Harmful,9053.0,-0.021,-4944.56,0.0,4944.56,-0.01
M1,F02 MA200 trend filter OFF,OOS,30944,-19424.81,0.67,24.5,-0.628,-0.179,19432.85,4.52,6225.0,16.3,Harmful,13561.0,-0.028,-9294.95,0.6,9275.1,-0.045
M1,F03 1-bar confirmation,ALL,67015,-37266.68,0.529,19.2,-0.556,-0.36,37288.76,2.44,5333.0,15.2,Harmful,12115.0,-0.022,-7054.33,-1.4,7049.73,-0.006
M1,F03 1-bar confirmation,DEV,32015,-17368.66,0.358,17.4,-0.543,-0.448,17368.66,1.46,709.0,14.6,Harmful,5811.0,-0.019,-3209.78,-1.2,3209.78,-0.003
M1,F03 1-bar confirmation,VAL,13699,-7221.33,0.437,18.4,-0.527,-0.404,7221.33,1.7,465.0,15.6,Harmful,2386.0,-0.02,-1297.71,-1.4,1297.71,-0.003
M1,F03 1-bar confirmation,OOS,21301,-12676.69,0.676,22.5,-0.595,-0.2,12701.11,4.4,4159.0,15.8,Harmful,3918.0,-0.022,-2546.83,-1.4,2543.36,-0.012
M1,F04 3-bar confirmation,ALL,47982,-26574.95,0.553,20.7,-0.554,-0.317,26605.78,2.61,4108.0,17.2,Neutral,-6918.0,0.002,3637.4,0.1,-3633.25,-0.004
M1,F04 3-bar confirmation,DEV,22957,-12575.56,0.376,18.7,-0.548,-0.397,12575.56,1.55,584.0,16.2,Neutral,-3247.0,-0.001,1583.32,0.1,-1583.32,-0.008
M1,F04 3-bar confirmation,VAL,9925,-5257.02,0.458,20.1,-0.53,-0.355,5257.02,1.81,398.0,17.6,Neutral,-1388.0,0.001,666.6,0.3,-666.6,-0.006
M1,F04 3-bar confirmation,OOS,15100,-8742.37,0.704,24.2,-0.579,-0.17,8773.2,4.75,3126.0,18.4,Neutral,-2283.0,0.006,1387.49,0.3,-1384.55,0.004
M1,F05 ADX>=25,ALL,40005,-22100.47,0.567,21.5,-0.552,-0.296,22129.4,2.7,3592.0,17.7,Helpful,-14895.0,0.016,8111.88,0.9,-8109.63,-0.002
M1,F05 ADX>=25,DEV,19149,-10500.16,0.388,19.5,-0.548,-0.371,10500.16,1.6,527.0,16.4,Helpful,-7055.0,0.011,3658.72,0.9,-3658.72,-0.008
M1,F05 ADX>=25,VAL,8361,-4320.71,0.483,20.9,-0.517,-0.326,4320.71,1.87,358.0,19.1,Helpful,-2952.0,0.026,1602.91,1.1,-1602.91,0.007
M1,F05 ADX>=25,OOS,12495,-7279.6,0.715,25.0,-0.583,-0.161,7309.74,4.94,2707.0,18.9,Helpful,-4888.0,0.017,2850.26,1.1,-2848.01,0.0
M1,F06 ADX>=20,ALL,48574,-27051.58,0.554,21.0,-0.557,-0.31,27075.62,2.63,4242.0,17.5,Neutral,-6326.0,0.003,3160.77,0.4,-3163.41,-0.007
M1,F06 ADX>=20,DEV,23231,-12724.43,0.379,19.0,-0.548,-0.389,12724.43,1.56,604.0,16.4,Neutral,-2973.0,0.002,1434.45,0.4,-1434.45,-0.008
M1,F06 ADX>=20,VAL,10009,-5153.83,0.474,20.4,-0.515,-0.342,5153.83,1.82,401.0,18.4,Neutral,-1304.0,0.017,769.79,0.6,-769.79,0.009
M1,F06 ADX>=20,OOS,15334,-9173.32,0.698,24.4,-0.598,-0.169,9198.56,4.78,3237.0,18.4,Neutral,-2049.0,0.0,956.54,0.5,-959.19,-0.015
M1,F07 ADX>=30,ALL,31375,-17697.3,0.567,21.7,-0.564,-0.288,17709.4,2.78,2899.0,18.3,Helpful,-23525.0,0.016,12515.05,1.1,-12529.63,-0.014
M1,F07 ADX>=30,DEV,15055,-8378.77,0.393,19.6,-0.557,-0.36,8378.77,1.64,428.0,16.3,Helpful,-11149.0,0.016,5780.11,1.0,-5780.11,-0.017
M1,F07 ADX>=30,VAL,6608,-3497.59,0.478,21.1,-0.529,-0.317,3497.59,1.92,293.0,20.4,Helpful,-4705.0,0.021,2426.03,1.3,-2426.03,-0.005
M1,F07 ADX>=30,OOS,9712,-5820.95,0.715,25.2,-0.599,-0.157,5835.34,5.12,2178.0,20.0,Helpful,-7671.0,0.017,4308.91,1.3,-4322.41,-0.016
M1,F08 ADX>=25 rising(3),ALL,32747,-17891.1,0.583,22.4,-0.546,-0.271,17922.45,2.82,3158.0,18.9,Helpful,-22153.0,0.032,12321.25,1.8,-12316.58,0.004
M1,F08 ADX>=25 rising(3),DEV,15682,-8670.94,0.401,20.3,-0.553,-0.345,8670.94,1.67,482.0,17.3,Helpful,-10522.0,0.024,5487.94,1.7,-5487.94,-0.013
M1,F08 ADX>=25 rising(3),VAL,6831,-3524.64,0.496,21.9,-0.516,-0.304,3524.64,1.95,320.0,20.5,Helpful,-4482.0,0.039,2398.98,2.1,-2398.98,0.008
M1,F08 ADX>=25 rising(3),OOS,10234,-5695.52,0.734,25.9,-0.557,-0.136,5726.87,5.15,2356.0,20.2,Helpful,-7149.0,0.036,4434.34,2.0,-4430.88,0.026
M1,F09 ADX>=25 consecutive rise(3),ALL,27335,-14994.93,0.593,23.2,-0.549,-0.254,15013.19,2.91,2726.0,19.8,Helpful,-27565.0,0.042,15217.42,2.6,-15225.84,0.001
M1,F09 ADX>=25 consecutive rise(3),DEV,12946,-7197.21,0.413,21.2,-0.556,-0.329,7197.21,1.72,405.0,18.2,Helpful,-13258.0,0.036,6961.67,2.6,-6961.67,-0.016
M1,F09 ADX>=25 consecutive rise(3),VAL,5678,-2839.38,0.521,22.9,-0.5,-0.279,2839.38,2.02,285.0,22.0,Helpful,-5635.0,0.064,3084.24,3.1,-3084.24,0.024
M1,F09 ADX>=25 consecutive rise(3),OOS,8711,-4958.34,0.734,26.3,-0.569,-0.129,4976.6,5.25,2036.0,20.9,Helpful,-8672.0,0.036,5171.52,2.4,-5181.15,0.014
M1,F10 session London 8-17,ALL,23506,-12679.96,0.574,21.8,-0.539,-0.276,12704.9,2.74,2261.0,10.8,Helpful,-31394.0,0.023,17532.39,1.2,-17534.13,0.011
M1,F10 session London 8-17,DEV,11449,-5914.18,0.449,20.6,-0.517,-0.332,5914.18,1.75,397.0,11.0,Helpful,-14755.0,0.072,8244.7,2.0,-8244.7,0.023
M1,F10 session London 8-17,VAL,4861,-2527.02,0.489,21.8,-0.52,-0.305,2530.94,1.96,237.0,11.0,Helpful,-6452.0,0.032,3396.6,2.0,-3392.68,0.004
M1,F10 session London 8-17,OOS,7196,-4238.76,0.699,23.9,-0.589,-0.169,4263.7,4.84,1627.0,10.4,Helpful,-10187.0,0.001,5891.1,0.0,-5894.05,-0.006
M1,F11 session New York 13-22,ALL,23090,-13027.83,0.579,22.0,-0.564,-0.268,13045.81,2.92,2437.0,11.2,Neutral,-31810.0,0.028,17184.52,1.4,-17193.22,-0.014
M1,F11 session New York 13-22,DEV,11101,-5701.94,0.472,21.5,-0.514,-0.318,5702.55,1.85,484.0,11.1,Neutral,-15103.0,0.095,8456.94,2.9,-8456.33,0.026
M1,F11 session New York 13-22,VAL,4822,-2457.16,0.532,21.6,-0.51,-0.292,2457.16,2.13,284.0,11.1,Neutral,-6491.0,0.075,3466.46,1.8,-3466.46,0.014
M1,F11 session New York 13-22,OOS,7167,-4868.73,0.672,23.1,-0.679,-0.175,4886.71,5.1,1669.0,11.5,Neutral,-10216.0,-0.026,5261.13,-0.8,-5271.04,-0.096
M1,F12 session London+NY 8-22,ALL,35411,-20010.08,0.557,21.8,-0.565,-0.281,20035.02,2.74,3370.0,11.1,Neutral,-19489.0,0.006,10202.27,1.2,-10204.01,-0.015
M1,F12 session London+NY 8-22,DEV,17113,-8977.5,0.434,20.8,-0.525,-0.338,8978.11,1.72,574.0,11.0,Neutral,-9091.0,0.057,5181.38,2.2,-5180.77,0.015
M1,F12 session London+NY 8-22,VAL,7363,-3735.98,0.502,21.7,-0.507,-0.303,3735.98,1.96,349.0,11.1,Neutral,-3950.0,0.045,2187.64,1.9,-2187.64,0.017
M1,F12 session London+NY 8-22,OOS,10935,-7296.59,0.666,23.5,-0.667,-0.178,7321.53,4.87,2447.0,11.2,Neutral,-6448.0,-0.032,2833.27,-0.4,-2836.22,-0.084
M1,F13 session Tokyo 0-9,ALL,18561,-9224.61,0.563,19.2,-0.497,-0.379,9245.74,2.33,1251.0,10.6,Harmful,-36339.0,0.012,20987.74,-1.4,-20993.29,0.053
M1,F13 session Tokyo 0-9,DEV,8700,-4795.2,0.267,15.7,-0.551,-0.498,4795.2,1.19,70.0,10.4,Harmful,-17504.0,-0.11,9363.68,-2.9,-9363.68,-0.011
M1,F13 session Tokyo 0-9,VAL,3746,-2031.58,0.378,17.1,-0.542,-0.444,2031.76,1.48,71.0,10.4,Harmful,-7567.0,-0.079,3892.04,-2.7,-3891.86,-0.018
M1,F13 session Tokyo 0-9,OOS,6115,-2397.83,0.787,25.4,-0.392,-0.169,2420.17,4.46,1110.0,11.0,Harmful,-11268.0,0.089,7732.03,1.5,-7737.58,0.191
M1,F14 session overlap 13-17,ALL,11185,-5697.71,0.632,22.3,-0.509,-0.243,5743.05,3.1,1328.0,10.7,Helpful,-43715.0,0.081,24514.64,1.7,-24495.98,0.041
M1,F14 session overlap 13-17,DEV,5437,-2638.62,0.536,21.9,-0.485,-0.283,2638.62,2.06,307.0,11.0,Helpful,-20767.0,0.159,11520.26,3.3,-11520.26,0.055
M1,F14 session overlap 13-17,VAL,2320,-1248.19,0.534,21.6,-0.538,-0.285,1252.35,2.3,172.0,10.8,Helpful,-8993.0,0.077,4675.43,1.8,-4671.27,-0.014
M1,F14 session overlap 13-17,OOS,3428,-1810.9,0.745,23.5,-0.528,-0.153,1856.24,5.29,849.0,10.1,Helpful,-13955.0,0.047,8318.96,-0.4,-8301.51,0.055
M1,F15 pending expires 1 bar,ALL,49225,-27020.32,0.56,20.9,-0.549,-0.312,27055.38,2.63,4260.0,16.7,Neutral,-5675.0,0.009,3192.03,0.3,-3183.65,0.001
M1,F15 pending expires 1 bar,DEV,23038,-12535.39,0.383,19.0,-0.544,-0.392,12535.39,1.56,613.0,15.9,Neutral,-3166.0,0.006,1623.49,0.4,-1623.49,-0.004
M1,F15 pending expires 1 bar,VAL,10063,-5237.48,0.468,20.2,-0.52,-0.346,5237.48,1.82,395.0,17.2,Neutral,-1250.0,0.011,686.14,0.4,-686.14,0.004
M1,F15 pending expires 1 bar,OOS,16124,-9247.45,0.704,24.0,-0.574,-0.177,9283.46,4.66,3252.0,17.5,Neutral,-1259.0,0.006,882.41,0.1,-874.29,0.009
M1,F16 pending expires 3 bars,ALL,53765,-29187.64,0.556,20.5,-0.543,-0.323,29211.64,2.57,4544.0,16.9,Neutral,-1135.0,0.005,1024.71,-0.1,-1027.39,0.007
M1,F16 pending expires 3 bars,DEV,25572,-13919.67,0.375,18.6,-0.544,-0.405,13919.67,1.53,643.0,16.1,Neutral,-632.0,-0.002,239.21,0.0,-239.21,-0.004
M1,F16 pending expires 3 bars,VAL,11042,-5748.79,0.46,19.8,-0.521,-0.361,5748.79,1.78,427.0,17.8,Neutral,-271.0,0.003,174.83,0.0,-174.83,0.003
M1,F16 pending expires 3 bars,OOS,17151,-9519.18,0.71,23.9,-0.555,-0.176,9544.17,4.62,3474.0,17.7,Neutral,-232.0,0.012,610.68,0.0,-613.58,0.028
M1,F17 pending invalidation OFF,ALL,1544,-1040.1,0.361,19.4,-0.674,-0.453,1040.1,1.93,72.0,18.1,Harmful (removes >95% of trades),-53356.0,-0.19,29172.25,-1.2,-29198.93,-0.124
M1,F17 pending invalidation OFF,DEV,1544,-1040.1,0.361,19.4,-0.674,-0.453,1040.1,1.93,72.0,18.1,Harmful (removes >95% of trades),-24660.0,-0.016,13118.78,0.8,-13118.78,-0.134
M1,F17 pending invalidation OFF,VAL,0,0.0,,,,,0.0,,,,Harmful (removes >95% of trades),-11313.0,,5923.62,,-5923.62,
M1,F17 pending invalidation OFF,OOS,0,0.0,,,,,0.0,,,,Harmful (removes >95% of trades),-17383.0,,10129.86,,-10157.75,
M1,F18 entry buffer 0,ALL,54601,-30074.06,0.546,19.8,-0.551,-0.354,30101.15,2.54,4313.0,15.7,Harmful,-299.0,-0.005,138.29,-0.8,-137.88,-0.001
M1,F18 entry buffer 0,DEV,26109,-14023.82,0.369,17.9,-0.537,-0.447,14023.82,1.49,630.0,14.5,Harmful,-95.0,-0.008,135.06,-0.7,-135.06,0.003
M1,F18 entry buffer 0,VAL,11187,-5909.7,0.446,19.0,-0.528,-0.402,5909.7,1.74,425.0,16.2,Harmful,-126.0,-0.011,13.92,-0.8,-13.92,-0.004
M1,F18 entry buffer 0,OOS,17305,-10140.54,0.696,23.3,-0.586,-0.182,10169.31,4.64,3258.0,17.3,Harmful,-78.0,-0.002,-10.68,-0.6,11.56,-0.003
M1,F19 entry buffer 50,ALL,46923,-25632.99,0.585,22.4,-0.546,-0.261,25659.93,2.83,4267.0,20.0,Helpful,-7977.0,0.034,4579.36,1.8,-4579.1,0.004
M1,F19 entry buffer 50,DEV,21100,-11557.6,0.408,21.0,-0.548,-0.331,11557.6,1.68,603.0,20.3,Helpful,-5104.0,0.031,2601.28,2.4,-2601.28,-0.008
M1,F19 entry buffer 50,VAL,9638,-5012.31,0.49,21.9,-0.52,-0.29,5012.31,1.93,435.0,21.4,Helpful,-1675.0,0.033,911.31,2.1,-911.31,0.004
M1,F19 entry buffer 50,OOS,16185,-9063.07,0.72,24.6,-0.56,-0.152,9091.22,4.86,3229.0,18.9,Helpful,-1198.0,0.022,1066.79,0.7,-1066.53,0.023
M1,F20 volatility ATR ratio >= 1.0,ALL,27996,-14163.71,0.62,22.2,-0.506,-0.272,14172.05,2.95,2859.0,15.6,Helpful,-26904.0,0.069,16048.64,1.6,-16066.98,0.044
M1,F20 volatility ATR ratio >= 1.0,DEV,13675,-7548.28,0.419,20.1,-0.552,-0.344,7548.28,1.75,473.0,15.2,Helpful,-12529.0,0.042,6610.6,1.5,-6610.6,-0.012
M1,F20 volatility ATR ratio >= 1.0,VAL,5677,-2965.33,0.509,21.4,-0.522,-0.307,2965.33,2.05,316.0,16.0,Helpful,-5636.0,0.052,2958.29,1.6,-2958.29,0.002
M1,F20 volatility ATR ratio >= 1.0,OOS,8644,-3650.1,0.8,26.1,-0.422,-0.134,3659.79,5.43,2070.0,15.9,Helpful,-8739.0,0.102,6479.76,2.2,-6497.96,0.161
M1,F21 volatility ATR ratio <= 1.5,ALL,52028,-29241.6,0.535,20.2,-0.562,-0.333,29267.34,2.51,4248.0,17.3,Harmful,-2872.0,-0.016,970.75,-0.4,-971.69,-0.012
M1,F21 volatility ATR ratio <= 1.5,DEV,24723,-13549.75,0.358,18.2,-0.548,-0.418,13549.75,1.49,570.0,16.6,Harmful,-1481.0,-0.019,609.13,-0.4,-609.13,-0.008
M1,F21 volatility ATR ratio <= 1.5,VAL,10685,-5654.29,0.439,19.6,-0.529,-0.374,5654.29,1.72,371.0,17.5,Harmful,-628.0,-0.018,269.33,-0.2,-269.33,-0.005
M1,F21 volatility ATR ratio <= 1.5,OOS,16620,-10037.57,0.683,23.7,-0.604,-0.182,10063.31,4.53,3307.0,18.2,Harmful,-763.0,-0.015,92.29,-0.2,-94.44,-0.021
M1,F22 volatility ATR ratio 0.8-1.5,ALL,41359,-23312.45,0.552,20.8,-0.564,-0.309,23329.54,2.65,3639.0,16.6,Neutral,-13541.0,0.001,6899.9,0.2,-6909.49,-0.014
M1,F22 volatility ATR ratio 0.8-1.5,DEV,19577,-10930.22,0.371,18.6,-0.558,-0.389,10930.22,1.57,516.0,16.0,Neutral,-6627.0,-0.006,3228.66,0.0,-3228.66,-0.018
M1,F22 volatility ATR ratio 0.8-1.5,VAL,8383,-4375.24,0.462,20.6,-0.522,-0.338,4375.24,1.81,334.0,16.5,Neutral,-2930.0,0.005,1548.38,0.8,-1548.38,0.002
M1,F22 volatility ATR ratio 0.8-1.5,OOS,13399,-8006.99,0.698,24.2,-0.598,-0.172,8024.08,4.75,2789.0,17.5,Neutral,-3984.0,0.0,2122.87,0.3,-2133.67,-0.015
M1,F23 max spread 40 pts,ALL,47198,-25668.91,0.469,20.1,-0.544,-0.357,25676.35,1.96,2259.0,16.8,Neutral,-7702.0,-0.082,4543.44,-0.5,-4562.68,0.006
M1,F23 max spread 40 pts,DEV,26204,-14158.88,0.377,18.6,-0.54,-0.407,14158.88,1.53,645.0,16.4,Neutral,0.0,0.0,0.0,0.0,0.0,0.0
M1,F23 max spread 40 pts,VAL,11313,-5923.62,0.457,19.8,-0.524,-0.365,5923.62,1.78,424.0,17.4,Neutral,0.0,0.0,0.0,0.0,0.0,0.0
M1,F23 max spread 40 pts,OOS,9681,-5586.41,0.62,24.2,-0.577,-0.214,5595.07,3.35,1190.0,17.2,Neutral,-7702.0,-0.078,4543.45,0.3,-4562.68,0.006
M1,F24 MA18 slope over 3 bars,ALL,49278,-26812.48,0.56,20.6,-0.544,-0.317,26837.2,2.61,4257.0,17.6,Helpful,-5622.0,0.009,3399.87,0.0,-3401.83,0.006
M1,F24 MA18 slope over 3 bars,DEV,23608,-12900.24,0.378,18.6,-0.546,-0.4,12900.24,1.55,611.0,16.9,Helpful,-2596.0,0.001,1258.64,0.0,-1258.64,-0.006
M1,F24 MA18 slope over 3 bars,VAL,10083,-5208.21,0.47,20.0,-0.517,-0.351,5208.21,1.81,399.0,17.8,Helpful,-1230.0,0.013,715.41,0.2,-715.41,0.007
M1,F24 MA18 slope over 3 bars,OOS,15587,-8704.03,0.713,24.1,-0.558,-0.17,8728.96,4.73,3247.0,18.4,Helpful,-1796.0,0.015,1425.83,0.2,-1428.79,0.025
M1,F25 not extended |close-MA18| <= 1 ATR,ALL,35393,-19103.16,0.519,17.6,-0.54,-0.395,19114.13,2.28,2570.0,13.5,Harmful,-19507.0,-0.032,11109.19,-3.0,-11124.9,0.01
M1,F25 not extended |close-MA18| <= 1 ATR,DEV,16790,-8980.78,0.343,15.8,-0.535,-0.487,8980.78,1.38,327.0,12.6,Harmful,-9414.0,-0.034,5178.1,-2.8,-5178.1,0.005
M1,F25 not extended |close-MA18| <= 1 ATR,VAL,7224,-3856.62,0.403,16.4,-0.534,-0.442,3856.62,1.59,227.0,12.1,Harmful,-4089.0,-0.054,2067.0,-3.4,-2067.0,-0.01
M1,F25 not extended |close-MA18| <= 1 ATR,OOS,11379,-6265.76,0.68,21.1,-0.551,-0.229,6276.73,4.04,2016.0,15.7,Harmful,-6004.0,-0.018,3864.1,-2.8,-3881.02,0.032
M1,F26 not extended |close-MA18| <= 2 ATR,ALL,49748,-26943.79,0.543,19.5,-0.542,-0.348,26968.73,2.47,4010.0,15.5,Harmful,-5152.0,-0.008,3268.56,-1.1,-3270.3,0.008
M1,F26 not extended |close-MA18| <= 2 ATR,DEV,23717,-12736.27,0.364,17.5,-0.537,-0.435,12736.27,1.46,535.0,14.5,Harmful,-2487.0,-0.013,1422.61,-1.1,-1422.61,0.003
M1,F26 not extended |close-MA18| <= 2 ATR,VAL,10132,-5351.74,0.435,18.8,-0.528,-0.391,5351.74,1.71,370.0,15.7,Harmful,-1181.0,-0.022,571.88,-1.0,-571.88,-0.004
M1,F26 not extended |close-MA18| <= 2 ATR,OOS,15899,-8855.78,0.699,23.0,-0.557,-0.192,8880.72,4.44,3105.0,16.8,Harmful,-1484.0,0.001,1274.08,-0.9,-1277.03,0.026
M5,BASE,ALL,12320,-4977.42,0.793,25.8,-0.404,-0.152,5314.6,5.21,2588.0,65.0,base,,,,,,
M5,BASE,DEV,5852,-3388.76,0.602,24.7,-0.579,-0.218,3391.73,3.15,713.0,64.3,base,,,,,,
M5,BASE,VAL,2547,-1123.47,0.72,27.0,-0.441,-0.168,1184.05,3.68,361.0,77.1,base,,,,,,
M5,BASE,OOS,3921,-465.19,0.959,26.5,-0.119,-0.042,806.46,9.29,1514.0,58.0,base,,,,,,
M5,F01 volume filter OFF,ALL,17030,-6780.01,0.781,24.4,-0.398,-0.167,7007.86,4.81,3272.0,71.2,Harmful,4710.0,-0.012,-1802.59,-1.4,1693.26,0.006
M5,F01 volume filter OFF,DEV,8062,-4766.04,0.566,23.5,-0.591,-0.243,4766.37,2.88,838.0,71.8,Harmful,2210.0,-0.036,-1377.28,-1.2,1374.64,-0.012
M5,F01 volume filter OFF,VAL,3541,-1619.95,0.69,24.8,-0.457,-0.19,1623.92,3.36,440.0,79.2,Harmful,994.0,-0.03,-496.48,-2.2,439.87,-0.016
M5,F01 volume filter OFF,OOS,5427,-394.02,0.973,25.6,-0.073,-0.037,886.8,8.63,1994.0,65.2,Harmful,1506.0,0.014,71.17,-0.9,80.34,0.046
M5,F02 MA200 trend filter OFF,ALL,22329,-11096.69,0.74,25.9,-0.497,-0.161,11110.19,5.01,4526.0,66.4,Harmful,10009.0,-0.053,-6119.27,0.1,5795.59,-0.093
M5,F02 MA200 trend filter OFF,DEV,10543,-5732.95,0.612,25.4,-0.544,-0.216,5733.26,3.04,1178.0,64.7,Harmful,4691.0,0.01,-2344.19,0.7,2341.53,0.035
M5,F02 MA200 trend filter OFF,VAL,4696,-2250.85,0.687,26.5,-0.479,-0.181,2251.16,3.55,632.0,78.1,Harmful,2149.0,-0.033,-1127.38,-0.5,1067.11,-0.038
M5,F02 MA200 trend filter OFF,OOS,7090,-3112.88,0.85,26.1,-0.439,-0.066,3130.1,8.93,2716.0,61.1,Harmful,3169.0,-0.109,-2647.69,-0.4,2323.64,-0.32
M5,F03 1-bar confirmation,ALL,15382,-6118.2,0.785,23.9,-0.398,-0.17,6394.71,4.89,3047.0,58.3,Harmful,3062.0,-0.008,-1140.78,-1.9,1080.11,0.006
M5,F03 1-bar confirmation,DEV,7378,-4162.14,0.588,23.1,-0.564,-0.241,4169.54,2.96,831.0,57.0,Harmful,1526.0,-0.014,-773.38,-1.6,777.81,0.015
M5,F03 1-bar confirmation,VAL,3160,-1327.38,0.714,24.5,-0.42,-0.188,1375.02,3.45,428.0,68.6,Harmful,613.0,-0.006,-203.91,-2.5,190.97,0.021
M5,F03 1-bar confirmation,OOS,4844,-628.68,0.954,24.9,-0.13,-0.051,904.85,8.76,1788.0,53.5,Harmful,923.0,-0.005,-163.49,-1.6,98.39,-0.011
M5,F04 3-bar confirmation,ALL,10584,-3734.03,0.821,26.3,-0.353,-0.143,4395.33,5.33,2214.0,66.8,Neutral,-1736.0,0.028,1243.39,0.5,-919.27,0.051
M5,F04 3-bar confirmation,DEV,5015,-2998.37,0.599,25.1,-0.598,-0.211,3000.8,3.21,597.0,66.1,Neutral,-837.0,-0.003,390.39,0.4,-390.93,-0.019
M5,F04 3-bar confirmation,VAL,2215,-996.55,0.723,27.4,-0.45,-0.172,1079.7,3.74,302.0,77.6,Neutral,-332.0,0.003,126.92,0.4,-104.35,-0.009
M5,F04 3-bar confirmation,OOS,3354,260.89,1.027,27.2,0.078,-0.023,622.17,9.56,1315.0,60.8,Neutral,-567.0,0.068,726.08,0.7,-184.29,0.197
M5,F05 ADX>=25,ALL,8779,-3107.7,0.826,27.3,-0.354,-0.139,3745.97,5.52,1915.0,70.6,Helpful,-3541.0,0.033,1869.72,1.5,-1568.63,0.05
M5,F05 ADX>=25,DEV,4112,-2421.05,0.615,26.0,-0.589,-0.201,2430.53,3.33,535.0,69.7,Helpful,-1740.0,0.013,967.71,1.3,-961.2,-0.01
M5,F05 ADX>=25,VAL,1812,-771.16,0.742,29.2,-0.426,-0.16,889.03,3.93,275.0,86.3,Helpful,-735.0,0.022,352.31,2.2,-295.02,0.015
M5,F05 ADX>=25,OOS,2855,84.51,1.01,28.0,0.03,-0.037,576.4,9.68,1105.0,61.8,Helpful,-1066.0,0.051,549.7,1.5,-230.06,0.149
M5,F06 ADX>=20,ALL,10836,-4147.34,0.808,26.4,-0.383,-0.144,4787.53,5.35,2324.0,68.3,Neutral,-1484.0,0.015,830.08,0.6,-527.07,0.021
M5,F06 ADX>=20,DEV,5105,-2945.06,0.613,25.6,-0.577,-0.206,2947.23,3.23,642.0,68.0,Neutral,-747.0,0.011,443.7,0.9,-444.5,0.002
M5,F06 ADX>=20,VAL,2236,-996.82,0.726,28.0,-0.446,-0.158,1081.52,3.79,319.0,82.1,Neutral,-311.0,0.006,126.65,1.0,-102.53,-0.005
M5,F06 ADX>=20,OOS,3495,-205.47,0.98,26.6,-0.059,-0.044,852.4,9.44,1363.0,60.1,Neutral,-426.0,0.021,259.72,0.1,45.94,0.06
M5,F07 ADX>=30,ALL,6785,-2098.09,0.848,28.2,-0.309,-0.124,2821.46,5.69,1494.0,71.3,Helpful,-5535.0,0.055,2879.33,2.4,-2493.14,0.095
M5,F07 ADX>=30,DEV,3134,-1720.27,0.645,26.5,-0.549,-0.178,1734.37,3.42,408.0,69.6,Helpful,-2718.0,0.043,1668.49,1.8,-1657.36,0.03
M5,F07 ADX>=30,VAL,1427,-595.42,0.749,30.3,-0.417,-0.143,697.06,4.05,224.0,85.5,Helpful,-1120.0,0.029,528.05,3.3,-486.99,0.024
M5,F07 ADX>=30,OOS,2224,217.61,1.033,29.1,0.098,-0.037,508.56,9.95,862.0,64.5,Helpful,-1697.0,0.074,682.8,2.6,-297.9,0.217
M5,F08 ADX>=25 rising(3),ALL,7087,-1990.07,0.865,29.1,-0.281,-0.114,2731.96,5.77,1576.0,75.2,Helpful,-5233.0,0.072,2987.35,3.3,-2582.64,0.123
M5,F08 ADX>=25 rising(3),DEV,3315,-1879.87,0.64,27.5,-0.567,-0.177,1888.95,3.48,469.0,74.5,Helpful,-2537.0,0.038,1508.89,2.8,-1502.78,0.012
M5,F08 ADX>=25 rising(3),VAL,1477,-522.62,0.792,31.0,-0.354,-0.124,681.25,4.08,215.0,88.6,Helpful,-1070.0,0.072,600.85,4.0,-502.8,0.087
M5,F08 ADX>=25 rising(3),OOS,2295,412.41,1.059,30.2,0.18,-0.017,453.26,10.14,892.0,67.6,Helpful,-1626.0,0.1,877.6,3.7,-353.2,0.299
M5,F09 ADX>=25 consecutive rise(3),ALL,5996,-1665.77,0.868,29.8,-0.278,-0.108,2491.77,5.87,1329.0,75.6,Helpful,-6324.0,0.075,3311.65,4.0,-2822.83,0.126
M5,F09 ADX>=25 consecutive rise(3),DEV,2813,-1703.32,0.624,28.3,-0.606,-0.168,1714.41,3.58,393.0,76.0,Helpful,-3039.0,0.022,1685.44,3.6,-1677.32,-0.027
M5,F09 ADX>=25 consecutive rise(3),VAL,1263,-525.06,0.763,31.1,-0.416,-0.133,631.39,4.21,196.0,86.7,Helpful,-1284.0,0.043,598.41,4.1,-552.66,0.025
M5,F09 ADX>=25 consecutive rise(3),OOS,1920,562.61,1.095,31.1,0.293,-0.005,431.67,10.3,740.0,67.6,Helpful,-2001.0,0.136,1027.8,4.6,-374.79,0.412
M5,F10 session London 8-17,ALL,6187,-2374.37,0.813,27.0,-0.384,-0.117,2505.55,5.49,1385.0,49.2,Neutral,-6133.0,0.02,2603.05,1.2,-2809.05,0.02
M5,F10 session London 8-17,DEV,3022,-1474.79,0.696,26.4,-0.488,-0.158,1476.16,3.63,450.0,51.5,Neutral,-2830.0,0.094,1913.97,1.7,-1915.57,0.091
M5,F10 session London 8-17,VAL,1274,-483.87,0.766,29.0,-0.38,-0.123,672.57,4.06,215.0,53.4,Neutral,-1273.0,0.046,639.6,2.0,-511.48,0.061
M5,F10 session London 8-17,OOS,1891,-415.71,0.928,26.5,-0.22,-0.049,565.98,9.44,720.0,42.8,Neutral,-2030.0,-0.031,49.48,0.0,-240.48,-0.101
M5,F11 session New York 13-22,ALL,5260,-1614.78,0.859,28.1,-0.307,-0.108,1893.77,6.02,1271.0,53.8,Helpful,-7060.0,0.066,3362.64,2.3,-3420.83,0.097
M5,F11 session New York 13-22,DEV,2469,-1223.14,0.711,28.1,-0.495,-0.149,1228.02,3.91,402.0,54.7,Helpful,-3383.0,0.109,2165.62,3.4,-2163.71,0.084
M5,F11 session New York 13-22,VAL,1089,-319.66,0.84,29.8,-0.294,-0.121,510.12,4.53,198.0,61.3,Helpful,-1458.0,0.12,803.81,2.8,-673.93,0.147
M5,F11 session New York 13-22,OOS,1702,-71.98,0.986,26.9,-0.042,-0.039,431.6,10.04,671.0,47.8,Helpful,-2219.0,0.027,393.21,0.4,-374.86,0.077
M5,F12 session London+NY 8-22,ALL,8317,-3065.12,0.82,27.1,-0.369,-0.126,3381.59,5.48,1863.0,52.9,Neutral,-4003.0,0.027,1912.3,1.3,-1933.01,0.035
M5,F12 session London+NY 8-22,DEV,3976,-2147.79,0.658,26.5,-0.54,-0.175,2147.79,3.51,573.0,53.9,Neutral,-1876.0,0.056,1240.97,1.8,-1243.94,0.039
M5,F12 session London+NY 8-22,VAL,1724,-632.21,0.781,29.2,-0.367,-0.132,800.2,4.05,282.0,59.1,Neutral,-823.0,0.061,491.26,2.2,-383.85,0.074
M5,F12 session London+NY 8-22,OOS,2617,-285.12,0.964,26.8,-0.109,-0.047,601.6,9.42,1008.0,47.2,Neutral,-1304.0,0.005,180.07,0.3,-204.86,0.01
M5,F13 session Tokyo 0-9,ALL,4450,-1483.13,0.809,24.0,-0.333,-0.178,1892.63,4.79,823.0,50.1,Harmful,-7870.0,0.016,3494.29,-1.8,-3421.97,0.071
M5,F13 session Tokyo 0-9,DEV,2090,-1207.95,0.512,21.9,-0.578,-0.273,1216.66,2.44,174.0,52.3,Harmful,-3762.0,-0.09,2180.81,-2.8,-2175.07,0.001
M5,F13 session Tokyo 0-9,VAL,921,-503.03,0.601,23.6,-0.546,-0.21,505.87,3.03,96.0,52.5,Harmful,-1626.0,-0.119,620.44,-3.4,-678.18,-0.105
M5,F13 session Tokyo 0-9,OOS,1439,227.85,1.057,27.4,0.158,-0.018,355.03,9.32,553.0,45.3,Harmful,-2482.0,0.098,693.04,0.9,-451.43,0.277
M5,F14 session overlap 13-17,ALL,3130,-924.04,0.872,28.4,-0.295,-0.079,1112.87,6.4,793.0,47.3,Neutral,-9190.0,0.079,4053.38,2.6,-4201.73,0.109
M5,F14 session overlap 13-17,DEV,1515,-550.14,0.804,29.1,-0.363,-0.099,690.82,4.39,279.0,50.5,Neutral,-4337.0,0.202,2838.62,4.4,-2700.91,0.216
M5,F14 session overlap 13-17,VAL,639,-171.32,0.855,29.9,-0.268,-0.096,382.49,4.87,131.0,51.4,Neutral,-1908.0,0.135,952.15,2.9,-801.56,0.173
M5,F14 session overlap 13-17,OOS,976,-202.57,0.937,26.4,-0.208,-0.036,444.19,10.53,383.0,39.8,Neutral,-2945.0,-0.022,262.62,-0.1,-362.27,-0.089
M5,F15 pending expires 1 bar,ALL,11568,-4436.83,0.804,25.8,-0.384,-0.148,5006.97,5.27,2400.0,63.8,Neutral,-752.0,0.011,540.59,0.0,-307.63,0.02
M5,F15 pending expires 1 bar,DEV,5435,-3131.82,0.607,24.9,-0.576,-0.212,3140.15,3.18,643.0,62.5,Neutral,-417.0,0.005,256.94,0.2,-251.58,0.003
M5,F15 pending expires 1 bar,VAL,2382,-1005.17,0.731,27.0,-0.422,-0.164,1067.17,3.7,320.0,75.2,Neutral,-165.0,0.011,118.3,0.0,-116.88,0.019
M5,F15 pending expires 1 bar,OOS,3751,-299.84,0.973,26.4,-0.08,-0.047,873.01,9.29,1437.0,58.5,Neutral,-170.0,0.014,165.35,-0.1,66.55,0.039
M5,F16 pending expires 3 bars,ALL,12228,-4727.71,0.801,25.7,-0.387,-0.151,5302.37,5.22,2569.0,63.8,Neutral,-92.0,0.008,249.71,-0.1,-12.23,0.017
M5,F16 pending expires 3 bars,DEV,5785,-3298.55,0.607,24.8,-0.57,-0.214,3302.74,3.15,703.0,63.5,Neutral,-67.0,0.005,90.21,0.1,-88.99,0.009
M5,F16 pending expires 3 bars,VAL,2530,-1158.18,0.708,26.4,-0.458,-0.176,1227.11,3.68,362.0,72.9,Neutral,-17.0,-0.012,-34.71,-0.6,43.06,-0.017
M5,F16 pending expires 3 bars,OOS,3913,-270.98,0.976,26.7,-0.069,-0.042,848.5,9.28,1504.0,58.3,Neutral,-8.0,0.017,194.21,0.2,42.04,0.05
M5,F17 pending invalidation OFF,ALL,785,-516.43,0.587,22.3,-0.658,-0.285,521.71,3.35,107.0,62.1,Harmful,-11535.0,-0.206,4460.99,-3.5,-4792.89,-0.254
M5,F17 pending invalidation OFF,DEV,712,-498.23,0.573,21.9,-0.7,-0.292,503.51,3.43,101.0,58.8,Harmful,-5140.0,-0.029,2890.53,-2.8,-2888.22,-0.121
M5,F17 pending invalidation OFF,VAL,73,-18.2,0.784,26.0,-0.249,-0.217,31.01,2.59,6.0,94.2,Harmful,-2474.0,0.064,1105.27,-1.0,-1153.04,0.192
M5,F17 pending invalidation OFF,OOS,0,0.0,,,,,0.0,,,,Harmful,-3921.0,,465.19,,-806.46,
M5,F18 entry buffer 0,ALL,12364,-5078.76,0.789,24.6,-0.411,-0.155,5356.09,5.19,2425.0,64.2,Harmful,44.0,-0.004,-101.34,-1.2,41.49,-0.007
M5,F18 entry buffer 0,DEV,5861,-3411.72,0.598,24.1,-0.582,-0.22,3419.14,3.14,696.0,63.6,Harmful,9.0,-0.004,-22.96,-0.6,27.41,-0.003
M5,F18 entry buffer 0,VAL,2564,-1138.95,0.714,25.8,-0.444,-0.177,1200.9,3.63,362.0,75.4,Harmful,17.0,-0.006,-15.48,-1.2,16.85,-0.003
M5,F18 entry buffer 0,OOS,3939,-528.09,0.954,24.5,-0.134,-0.045,805.26,9.27,1367.0,57.8,Harmful,18.0,-0.005,-62.9,-2.0,-1.2,-0.015
M5,F19 entry buffer 50,ALL,11139,-3920.64,0.828,25.9,-0.352,-0.123,4517.01,5.55,2277.0,68.3,Helpful,-1181.0,0.035,1056.78,0.1,-797.59,0.052
M5,F19 entry buffer 50,DEV,5105,-2957.85,0.623,25.8,-0.579,-0.185,2958.43,3.35,648.0,69.7,Helpful,-747.0,0.021,430.91,1.1,-433.3,0.0
M5,F19 entry buffer 50,VAL,2319,-1064.83,0.726,26.7,-0.459,-0.149,1144.23,3.89,359.0,77.4,Helpful,-228.0,0.006,58.64,-0.3,-39.82,-0.018
M5,F19 entry buffer 50,OOS,3715,102.04,1.009,25.6,0.027,-0.022,602.8,9.59,1270.0,60.8,Helpful,-206.0,0.05,567.23,-0.9,-203.66,0.146
M5,F20 volatility ATR ratio >= 1.0,ALL,7162,-2305.0,0.845,29.2,-0.322,-0.11,2746.68,5.82,1667.0,52.9,Helpful,-5158.0,0.052,2672.42,3.4,-2567.92,0.082
M5,F20 volatility ATR ratio >= 1.0,DEV,3497,-1860.74,0.674,28.4,-0.532,-0.155,1867.27,3.69,529.0,56.1,Helpful,-2355.0,0.072,1528.02,3.7,-1524.46,0.047
M5,F20 volatility ATR ratio >= 1.0,VAL,1505,-537.45,0.793,32.1,-0.357,-0.116,743.65,4.29,257.0,57.7,Helpful,-1042.0,0.073,586.02,5.1,-440.4,0.084
M5,F20 volatility ATR ratio >= 1.0,OOS,2160,93.2,1.014,28.4,0.043,-0.034,395.13,10.32,881.0,44.4,Helpful,-1761.0,0.055,558.39,1.9,-411.33,0.162
M5,F21 volatility ATR ratio <= 1.5,ALL,11089,-4875.16,0.769,24.6,-0.44,-0.163,4916.43,5.03,2256.0,66.1,Harmful,-1231.0,-0.024,102.26,-1.2,-398.17,-0.036
M5,F21 volatility ATR ratio <= 1.5,DEV,5191,-3115.27,0.567,23.2,-0.6,-0.234,3117.36,2.95,585.0,65.0,Harmful,-661.0,-0.035,273.49,-1.5,-274.37,-0.021
M5,F21 volatility ATR ratio <= 1.5,VAL,2291,-1079.65,0.685,25.4,-0.471,-0.187,1117.21,3.47,310.0,79.0,Harmful,-256.0,-0.035,43.82,-1.6,-66.84,-0.03
M5,F21 volatility ATR ratio <= 1.5,OOS,3607,-680.24,0.935,26.2,-0.189,-0.045,743.17,9.02,1361.0,59.4,Harmful,-314.0,-0.024,-215.05,-0.3,-63.29,-0.07
M5,F22 volatility ATR ratio 0.8-1.5,ALL,8212,-3283.07,0.801,26.7,-0.4,-0.124,3351.67,5.48,1835.0,54.1,Neutral,-4108.0,0.008,1694.35,0.9,-1962.93,0.004
M5,F22 volatility ATR ratio 0.8-1.5,DEV,3705,-1995.81,0.633,25.8,-0.539,-0.181,1997.94,3.25,474.0,56.8,Neutral,-2147.0,0.031,1392.95,1.1,-1393.79,0.04
M5,F22 volatility ATR ratio 0.8-1.5,VAL,1699,-681.76,0.741,28.4,-0.401,-0.144,787.66,3.76,253.0,62.1,Neutral,-848.0,0.021,441.71,1.4,-396.39,0.04
M5,F22 volatility ATR ratio 0.8-1.5,OOS,2808,-605.5,0.928,26.9,-0.216,-0.038,674.51,9.47,1108.0,45.8,Neutral,-1113.0,-0.031,-140.31,0.4,-131.95,-0.097
M5,F23 max spread 40 pts,ALL,10536,-5174.06,0.71,26.8,-0.491,-0.175,5191.94,4.05,1584.0,67.8,Neutral,-1784.0,-0.083,-196.64,1.0,-122.66,-0.087
M5,F23 max spread 40 pts,DEV,5852,-3388.76,0.602,24.7,-0.579,-0.218,3391.73,3.15,713.0,64.3,Neutral,0.0,0.0,0.0,0.0,0.0,0.0
M5,F23 max spread 40 pts,VAL,2547,-1123.47,0.72,27.0,-0.441,-0.168,1184.05,3.68,361.0,77.1,Neutral,0.0,0.0,0.0,0.0,0.0,0.0
M5,F23 max spread 40 pts,OOS,2137,-661.83,0.876,32.3,-0.31,-0.063,683.8,6.93,510.0,66.2,Neutral,-1784.0,-0.083,-196.64,5.8,-122.66,-0.191
M5,F24 MA18 slope over 3 bars,ALL,11002,-3999.09,0.814,26.2,-0.363,-0.145,4576.55,5.31,2363.0,65.0,Neutral,-1318.0,0.021,978.33,0.4,-738.05,0.041
M5,F24 MA18 slope over 3 bars,DEV,5204,-2911.92,0.62,25.2,-0.56,-0.207,2918.34,3.21,637.0,63.8,Neutral,-648.0,0.018,476.84,0.5,-473.39,0.019
M5,F24 MA18 slope over 3 bars,VAL,2269,-921.06,0.745,27.6,-0.406,-0.162,1032.51,3.77,337.0,76.6,Neutral,-278.0,0.025,202.41,0.6,-151.54,0.035
M5,F24 MA18 slope over 3 bars,OOS,3529,-166.11,0.984,26.9,-0.047,-0.042,746.1,9.4,1389.0,59.2,Neutral,-392.0,0.025,299.08,0.4,-60.36,0.072
M5,F25 not extended |close-MA18| <= 1 ATR,ALL,8169,-3936.69,0.724,22.8,-0.482,-0.192,4065.71,4.47,1525.0,54.6,Harmful,-4151.0,-0.069,1040.73,-3.0,-1248.89,-0.078
M5,F25 not extended |close-MA18| <= 1 ATR,DEV,4007,-2370.44,0.553,21.8,-0.592,-0.257,2380.1,2.82,438.0,56.1,Harmful,-1845.0,-0.049,1018.32,-2.9,-1011.63,-0.013
M5,F25 not extended |close-MA18| <= 1 ATR,VAL,1729,-1014.74,0.587,23.0,-0.587,-0.221,1015.07,3.25,233.0,59.5,Harmful,-818.0,-0.133,108.73,-4.0,-168.98,-0.146
M5,F25 not extended |close-MA18| <= 1 ATR,OOS,2433,-551.5,0.915,24.4,-0.227,-0.066,692.49,8.05,854.0,48.6,Harmful,-1488.0,-0.044,-86.31,-2.1,-113.97,-0.108
M5,F26 not extended |close-MA18| <= 2 ATR,ALL,11364,-5128.94,0.761,24.6,-0.451,-0.166,5284.77,4.97,2280.0,61.8,Harmful,-956.0,-0.032,-151.52,-1.2,-29.83,-0.047
M5,F26 not extended |close-MA18| <= 2 ATR,DEV,5456,-3186.69,0.583,23.6,-0.584,-0.234,3189.56,3.03,639.0,60.9,Harmful,-396.0,-0.019,202.07,-1.1,-202.17,-0.005
M5,F26 not extended |close-MA18| <= 2 ATR,VAL,2364,-1124.03,0.688,25.4,-0.475,-0.179,1140.83,3.51,318.0,73.0,Harmful,-183.0,-0.032,-0.56,-1.6,-43.22,-0.034
M5,F26 not extended |close-MA18| <= 2 ATR,OOS,3544,-818.22,0.92,25.8,-0.231,-0.052,978.24,8.91,1323.0,55.7,Harmful,-377.0,-0.039,-353.03,-0.7,171.78,-0.112
M15,BASE,ALL,4559,-983.88,0.918,32.9,-0.216,-0.066,1581.42,8.25,1275.0,178.1,base,,,,,,
M15,BASE,DEV,2060,-1081.31,0.75,35.5,-0.525,-0.111,1087.63,5.31,391.0,197.9,base,,,,,,
M15,BASE,VAL,922,-201.09,0.902,34.4,-0.218,-0.07,360.71,6.16,170.0,204.0,base,,,,,,
M15,BASE,OOS,1577,298.53,1.053,28.6,0.189,-0.004,487.77,13.3,714.0,136.9,base,,,,,,
M15,F01 volume filter OFF,ALL,6161,-1493.66,0.903,29.8,-0.242,-0.08,1954.57,7.64,1690.0,194.1,Harmful,1602.0,-0.015,-509.78,-3.1,373.15,-0.026
M15,F01 volume filter OFF,DEV,2793,-1448.29,0.729,31.2,-0.519,-0.144,1453.58,4.75,515.0,218.6,Harmful,733.0,-0.021,-366.98,-4.3,365.95,0.006
M15,F01 volume filter OFF,VAL,1227,-250.6,0.901,31.9,-0.204,-0.073,363.29,5.55,223.0,214.1,Harmful,305.0,-0.001,-49.51,-2.5,2.58,0.014
M15,F01 volume filter OFF,OOS,2141,205.24,1.027,26.9,0.096,-0.0,463.57,12.61,952.0,150.6,Harmful,564.0,-0.026,-93.29,-1.7,-24.2,-0.093
M15,F02 MA200 trend filter OFF,ALL,8231,-2290.1,0.892,32.3,-0.278,-0.073,3148.43,7.9,2297.0,179.1,Harmful,3672.0,-0.026,-1306.22,-0.6,1567.01,-0.062
M15,F02 MA200 trend filter OFF,DEV,3738,-1937.91,0.749,34.6,-0.518,-0.114,1937.91,5.14,728.0,197.1,Harmful,1678.0,-0.001,-856.6,-0.9,850.28,0.007
M15,F02 MA200 trend filter OFF,VAL,1690,-575.27,0.845,34.5,-0.34,-0.09,730.17,5.91,304.0,196.8,Harmful,768.0,-0.057,-374.18,0.1,369.46,-0.122
M15,F02 MA200 trend filter OFF,OOS,2803,223.07,1.023,28.0,0.08,-0.007,653.45,12.78,1265.0,144.4,Harmful,1226.0,-0.03,-75.46,-0.6,165.68,-0.109
M15,F03 1-bar confirmation,ALL,5831,-1419.82,0.903,30.4,-0.243,-0.075,1996.4,7.69,1555.0,156.7,Harmful,1272.0,-0.015,-435.94,-2.5,414.98,-0.027
M15,F03 1-bar confirmation,DEV,2701,-1514.8,0.723,31.8,-0.561,-0.123,1518.71,4.95,477.0,171.5,Harmful,641.0,-0.027,-433.49,-3.7,431.08,-0.036
M15,F03 1-bar confirmation,VAL,1170,-178.2,0.927,32.1,-0.152,-0.065,295.62,5.81,211.0,180.1,Harmful,248.0,0.025,22.89,-2.3,-65.09,0.066
M15,F03 1-bar confirmation,OOS,1960,273.18,1.041,27.4,0.139,-0.014,478.67,12.57,867.0,122.4,Harmful,383.0,-0.012,-25.35,-1.2,-9.1,-0.05
M15,F04 3-bar confirmation,ALL,3924,-1245.6,0.887,33.3,-0.317,-0.061,1521.6,8.5,1114.0,184.9,Neutral,-635.0,-0.031,-261.72,0.4,-59.82,-0.101
M15,F04 3-bar confirmation,DEV,1752,-1059.51,0.725,36.6,-0.605,-0.1,1064.19,5.44,323.0,204.1,Neutral,-308.0,-0.025,21.8,1.1,-23.44,-0.08
M15,F04 3-bar confirmation,VAL,782,-192.39,0.892,34.5,-0.246,-0.061,350.64,6.31,163.0,214.7,Neutral,-140.0,-0.01,8.7,0.1,-10.07,-0.028
M15,F04 3-bar confirmation,OOS,1390,6.3,1.001,28.5,0.005,-0.012,672.77,13.57,628.0,144.0,Neutral,-187.0,-0.052,-292.23,-0.1,185.0,-0.184
M15,F05 ADX>=25,ALL,3242,-664.33,0.926,34.9,-0.205,-0.054,1339.82,8.64,923.0,195.5,Neutral,-1317.0,0.008,319.55,2.0,-241.6,0.011
M15,F05 ADX>=25,DEV,1461,-730.75,0.768,37.4,-0.5,-0.09,847.66,5.52,306.0,215.2,Neutral,-599.0,0.018,350.56,1.9,-239.97,0.025
M15,F05 ADX>=25,VAL,667,-172.98,0.886,36.6,-0.259,-0.057,351.31,6.44,134.0,229.6,Neutral,-255.0,-0.016,28.11,2.2,-9.4,-0.041
M15,F05 ADX>=25,OOS,1114,239.4,1.055,30.5,0.215,-0.006,384.86,14.03,483.0,149.2,Neutral,-463.0,0.002,-59.13,1.9,-102.91,0.026
M15,F06 ADX>=20,ALL,4019,-826.89,0.924,34.0,-0.206,-0.06,1506.1,8.42,1143.0,184.9,Neutral,-540.0,0.006,156.99,1.1,-75.32,0.01
M15,F06 ADX>=20,DEV,1805,-961.17,0.754,36.2,-0.533,-0.095,968.1,5.45,357.0,204.0,Neutral,-255.0,0.004,120.14,0.7,-119.53,-0.008
M15,F06 ADX>=20,VAL,814,-109.59,0.94,35.7,-0.135,-0.051,298.34,6.29,163.0,218.7,Neutral,-108.0,0.038,91.5,1.3,-62.37,0.083
M15,F06 ADX>=20,OOS,1400,243.88,1.047,30.0,0.174,-0.021,496.75,13.48,623.0,140.6,Neutral,-177.0,-0.006,-54.65,1.4,8.98,-0.015
M15,F07 ADX>=30,ALL,2499,-991.65,0.863,35.2,-0.397,-0.061,1184.44,8.83,752.0,200.4,Neutral,-2060.0,-0.055,-7.77,2.3,-396.98,-0.181
M15,F07 ADX>=30,DEV,1095,-693.69,0.725,39.0,-0.634,-0.095,769.46,5.73,223.0,229.9,Neutral,-965.0,-0.025,387.62,3.5,-318.17,-0.109
M15,F07 ADX>=30,VAL,511,-23.12,0.979,39.7,-0.045,-0.049,206.86,6.51,101.0,245.4,Neutral,-411.0,0.077,177.97,5.3,-153.85,0.173
M15,F07 ADX>=30,OOS,893,-274.84,0.924,27.9,-0.308,-0.027,408.96,13.94,428.0,138.5,Neutral,-684.0,-0.129,-573.37,-0.7,-78.81,-0.497
M15,F08 ADX>=25 rising(3),ALL,2569,-585.5,0.923,36.2,-0.228,-0.036,1101.35,9.08,771.0,210.2,Neutral,-1990.0,0.005,398.38,3.3,-480.07,-0.012
M15,F08 ADX>=25 rising(3),DEV,1148,-554.58,0.779,39.9,-0.483,-0.08,662.95,5.7,242.0,229.7,Neutral,-912.0,0.029,526.73,4.4,-424.68,0.042
M15,F08 ADX>=25 rising(3),VAL,532,-137.4,0.892,37.2,-0.258,-0.043,254.44,6.73,125.0,245.8,Neutral,-390.0,-0.01,63.69,2.8,-106.27,-0.04
M15,F08 ADX>=25 rising(3),OOS,889,106.49,1.028,30.9,0.12,0.026,436.35,14.86,404.0,163.8,Neutral,-688.0,-0.025,-192.04,2.3,-51.42,-0.069
M15,F09 ADX>=25 consecutive rise(3),ALL,2146,-360.7,0.941,37.0,-0.168,-0.042,653.92,9.05,641.0,210.6,Neutral,-2413.0,0.023,623.18,4.1,-927.5,0.048
M15,F09 ADX>=25 consecutive rise(3),DEV,962,-394.37,0.814,40.2,-0.41,-0.078,464.75,5.75,212.0,234.7,Neutral,-1098.0,0.064,686.94,4.7,-622.88,0.115
M15,F09 ADX>=25 consecutive rise(3),VAL,454,-133.22,0.882,37.9,-0.293,-0.056,242.74,6.82,100.0,237.2,Neutral,-468.0,-0.02,67.87,3.5,-117.97,-0.075
M15,F09 ADX>=25 consecutive rise(3),OOS,730,166.89,1.058,32.2,0.229,0.014,579.37,14.78,329.0,162.4,Neutral,-847.0,0.005,-131.64,3.6,91.6,0.04
M15,F10 session London 8-17,ALL,2696,-1316.77,0.816,34.7,-0.488,-0.079,1443.06,8.22,747.0,136.8,Neutral,-1863.0,-0.102,-332.89,1.8,-138.36,-0.272
M15,F10 session London 8-17,DEV,1286,-673.77,0.766,38.6,-0.524,-0.108,709.23,5.78,248.0,150.0,Neutral,-774.0,0.016,407.54,3.1,-378.4,0.001
M15,F10 session London 8-17,VAL,548,-98.28,0.921,35.6,-0.179,-0.063,245.54,6.55,103.0,164.1,Neutral,-374.0,0.019,102.81,1.2,-115.17,0.039
M15,F10 session London 8-17,OOS,862,-544.71,0.821,28.3,-0.632,-0.046,678.64,12.93,396.0,99.8,Neutral,-715.0,-0.232,-843.24,-0.3,190.87,-0.821
M15,F11 session New York 13-22,ALL,2185,-533.74,0.918,36.6,-0.244,-0.05,692.52,9.11,631.0,181.6,Harmful,-2374.0,0.0,450.14,3.7,-888.9,-0.028
M15,F11 session New York 13-22,DEV,958,-371.87,0.844,43.2,-0.388,-0.057,409.57,6.34,187.0,203.4,Harmful,-1102.0,0.094,709.44,7.7,-678.06,0.137
M15,F11 session New York 13-22,VAL,465,-50.85,0.958,36.8,-0.109,-0.073,180.48,7.14,86.0,224.6,Harmful,-457.0,0.056,150.24,2.4,-180.23,0.109
M15,F11 session New York 13-22,OOS,762,-111.02,0.962,28.2,-0.146,-0.027,390.8,13.78,358.0,127.9,Harmful,-815.0,-0.091,-409.55,-0.4,-96.97,-0.335
M15,F12 session London+NY 8-22,ALL,3374,-1207.6,0.867,34.7,-0.358,-0.072,1460.43,8.37,965.0,165.8,Neutral,-1185.0,-0.051,-223.72,1.8,-120.99,-0.142
M15,F12 session London+NY 8-22,DEV,1544,-823.22,0.763,38.7,-0.533,-0.102,830.18,5.73,301.0,182.8,Neutral,-516.0,0.013,258.09,3.2,-257.45,-0.008
M15,F12 session London+NY 8-22,VAL,699,-105.13,0.935,36.2,-0.15,-0.061,279.1,6.58,134.0,203.0,Neutral,-223.0,0.033,95.96,1.8,-81.61,0.068
M15,F12 session London+NY 8-22,OOS,1131,-279.26,0.93,28.3,-0.247,-0.038,603.03,13.09,530.0,119.7,Neutral,-446.0,-0.123,-577.79,-0.3,115.26,-0.436
M15,F13 session Tokyo 0-9,ALL,1643,-184.57,0.952,29.9,-0.112,-0.055,541.33,7.63,433.0,142.5,Neutral,-2916.0,0.034,799.31,-3.0,-1040.09,0.104
M15,F13 session Tokyo 0-9,DEV,735,-424.39,0.673,28.0,-0.577,-0.142,434.49,4.33,133.0,159.7,Neutral,-1325.0,-0.077,656.92,-7.5,-653.14,-0.052
M15,F13 session Tokyo 0-9,VAL,324,-41.92,0.93,34.0,-0.129,-0.033,164.55,5.31,52.0,163.3,Neutral,-598.0,0.028,159.17,-0.4,-196.16,0.089
M15,F13 session Tokyo 0-9,OOS,584,281.73,1.142,30.1,0.482,0.043,339.76,13.07,248.0,109.2,Neutral,-993.0,0.089,-16.8,1.5,-148.01,0.293
M15,F14 session overlap 13-17,ALL,1501,-636.73,0.861,37.6,-0.424,-0.053,768.36,9.11,408.0,137.4,Harmful,-3058.0,-0.057,347.15,4.7,-813.06,-0.208
M15,F14 session overlap 13-17,DEV,699,-207.31,0.883,44.6,-0.297,-0.05,336.44,6.66,134.0,151.3,Harmful,-1361.0,0.133,874.0,9.1,-751.19,0.228
M15,F14 session overlap 13-17,VAL,315,-47.63,0.944,35.9,-0.151,-0.083,188.72,7.34,55.0,166.6,Harmful,-607.0,0.042,153.46,1.5,-171.99,0.067
M15,F14 session overlap 13-17,OOS,487,-381.79,0.804,28.5,-0.784,-0.037,486.4,13.79,219.0,98.7,Harmful,-1090.0,-0.249,-680.32,-0.1,-1.37,-0.973
M15,F15 pending expires 1 bar,ALL,4371,-1183.36,0.897,32.8,-0.271,-0.062,1293.9,8.19,1237.0,172.6,Harmful,-188.0,-0.021,-199.48,-0.1,-287.52,-0.055
M15,F15 pending expires 1 bar,DEV,1976,-994.14,0.761,35.6,-0.503,-0.101,1002.81,5.32,378.0,191.4,Harmful,-84.0,0.011,87.17,0.1,-84.82,0.022
M15,F15 pending expires 1 bar,VAL,873,-176.09,0.909,35.2,-0.202,-0.072,335.11,6.16,158.0,199.6,Harmful,-49.0,0.007,25.0,0.8,-25.6,0.016
M15,F15 pending expires 1 bar,OOS,1522,-13.13,0.998,27.9,-0.009,-0.006,487.42,13.08,701.0,132.7,Harmful,-55.0,-0.055,-311.66,-0.7,-0.35,-0.198
M15,F16 pending expires 3 bars,ALL,4533,-1135.04,0.904,32.8,-0.25,-0.07,1486.19,8.22,1272.0,174.8,Harmful,-26.0,-0.014,-151.16,-0.1,-95.23,-0.034
M15,F16 pending expires 3 bars,DEV,2049,-1120.32,0.741,35.2,-0.547,-0.115,1126.73,5.3,386.0,193.9,Harmful,-11.0,-0.009,-39.01,-0.3,39.1,-0.022
M15,F16 pending expires 3 bars,VAL,909,-143.5,0.927,35.3,-0.158,-0.069,291.71,6.13,162.0,205.1,Harmful,-13.0,0.025,57.59,0.9,-69.0,0.06
M15,F16 pending expires 3 bars,OOS,1575,128.78,1.023,28.3,0.082,-0.01,433.26,13.22,724.0,132.4,Harmful,-2.0,-0.03,-169.75,-0.3,-54.51,-0.107
M15,F17 pending invalidation OFF,ALL,221,-215.22,0.628,35.7,-0.974,-0.18,215.22,6.16,46.0,175.6,Harmful (removes >95% of trades),-4338.0,-0.29,768.66,2.8,-1366.2,-0.758
M15,F17 pending invalidation OFF,DEV,221,-215.22,0.628,35.7,-0.974,-0.18,215.22,6.16,46.0,175.6,Harmful (removes >95% of trades),-1839.0,-0.122,866.09,0.2,-872.41,-0.449
M15,F17 pending invalidation OFF,VAL,0,0.0,,,,,0.0,,,,Harmful (removes >95% of trades),-922.0,,201.09,,-360.71,
M15,F17 pending invalidation OFF,OOS,0,0.0,,,,,0.0,,,,Harmful (removes >95% of trades),-1577.0,,-298.53,,-487.77,
M15,F18 entry buffer 0,ALL,4583,-1214.96,0.901,29.7,-0.265,-0.067,1705.48,8.25,1178.0,176.0,Neutral,24.0,-0.017,-231.08,-3.2,124.06,-0.049
M15,F18 entry buffer 0,DEV,2079,-1090.73,0.749,33.4,-0.525,-0.111,1093.56,5.28,391.0,196.0,Neutral,19.0,-0.001,-9.42,-2.1,5.93,0.0
M15,F18 entry buffer 0,VAL,923,-228.74,0.888,31.1,-0.248,-0.068,390.7,6.15,176.0,199.0,Neutral,1.0,-0.014,-27.65,-3.3,29.99,-0.03
M15,F18 entry buffer 0,OOS,1581,104.52,1.018,24.0,0.066,-0.01,567.31,13.39,611.0,136.4,Neutral,4.0,-0.035,-194.01,-4.6,79.54,-0.123
M15,F19 entry buffer 50,ALL,4287,-430.1,0.962,30.5,-0.1,-0.061,1289.13,8.45,1126.0,178.8,Neutral,-272.0,0.044,553.78,-2.4,-292.29,0.116
M15,F19 entry buffer 50,DEV,1897,-1000.8,0.757,34.1,-0.528,-0.114,1003.14,5.48,371.0,200.4,Neutral,-163.0,0.007,80.51,-1.4,-84.49,-0.003
M15,F19 entry buffer 50,VAL,859,-124.96,0.935,32.9,-0.145,-0.054,337.29,6.32,154.0,201.2,Neutral,-63.0,0.033,76.13,-1.5,-23.42,0.073
M15,F19 entry buffer 50,OOS,1531,695.66,1.13,24.6,0.454,0.001,376.52,13.32,601.0,139.6,Neutral,-46.0,0.077,397.13,-4.0,-111.25,0.265
M15,F20 volatility ATR ratio >= 1.0,ALL,2087,178.36,1.029,38.6,0.085,-0.019,589.42,9.57,616.0,212.3,Neutral,-2472.0,0.111,1162.24,5.7,-992.0,0.301
M15,F20 volatility ATR ratio >= 1.0,DEV,919,-286.09,0.873,44.8,-0.311,-0.032,365.57,6.45,182.0,241.8,Neutral,-1141.0,0.123,795.22,9.3,-722.06,0.214
M15,F20 volatility ATR ratio >= 1.0,VAL,406,-0.38,1.0,40.9,-0.001,-0.02,119.83,7.34,80.0,251.4,Neutral,-516.0,0.098,200.71,6.5,-240.88,0.217
M15,F20 volatility ATR ratio >= 1.0,OOS,762,464.83,1.158,29.8,0.61,-0.004,392.67,14.54,354.0,155.8,Neutral,-815.0,0.105,166.3,1.2,-95.1,0.421
M15,F21 volatility ATR ratio <= 1.5,ALL,4359,-1238.39,0.892,32.1,-0.284,-0.072,1756.53,8.24,1224.0,168.0,Harmful,-200.0,-0.026,-254.51,-0.8,175.11,-0.068
M15,F21 volatility ATR ratio <= 1.5,DEV,1957,-1076.3,0.734,34.3,-0.55,-0.118,1080.24,5.21,370.0,187.7,Harmful,-103.0,-0.016,5.01,-1.2,-7.39,-0.025
M15,F21 volatility ATR ratio <= 1.5,VAL,867,-331.45,0.83,33.4,-0.382,-0.08,493.1,6.08,159.0,181.7,Harmful,-55.0,-0.072,-130.36,-1.0,132.39,-0.164
M15,F21 volatility ATR ratio <= 1.5,OOS,1535,169.36,1.031,28.4,0.11,-0.008,550.59,13.34,695.0,135.2,Harmful,-42.0,-0.022,-129.17,-0.2,62.82,-0.079
M15,F22 volatility ATR ratio 0.8-1.5,ALL,3221,-569.95,0.937,33.6,-0.177,-0.064,1580.42,8.98,958.0,175.6,Neutral,-1338.0,0.019,413.93,0.7,-1.0,0.039
M15,F22 volatility ATR ratio 0.8-1.5,DEV,1346,-828.13,0.736,37.3,-0.615,-0.105,849.43,5.8,259.0,204.1,Neutral,-714.0,-0.014,253.18,1.8,-238.2,-0.09
M15,F22 volatility ATR ratio 0.8-1.5,VAL,627,-387.15,0.763,34.0,-0.617,-0.104,515.93,6.73,129.0,188.2,Neutral,-295.0,-0.139,-186.06,-0.4,155.22,-0.399
M15,F22 volatility ATR ratio 0.8-1.5,OOS,1248,645.33,1.15,29.5,0.517,-0.001,546.18,13.53,570.0,138.6,Neutral,-329.0,0.097,346.8,0.9,58.41,0.328
M15,F23 max spread 40 pts,ALL,3816,-1464.04,0.838,35.7,-0.384,-0.082,1568.25,6.59,775.0,188.8,Neutral,-743.0,-0.08,-480.16,2.8,-13.17,-0.168
M15,F23 max spread 40 pts,DEV,2060,-1081.31,0.75,35.5,-0.525,-0.111,1087.63,5.31,391.0,197.9,Neutral,0.0,0.0,0.0,0.0,0.0,0.0
M15,F23 max spread 40 pts,VAL,922,-201.09,0.902,34.4,-0.218,-0.07,360.71,6.16,170.0,204.0,Neutral,0.0,0.0,0.0,0.0,0.0,0.0
M15,F23 max spread 40 pts,OOS,834,-181.63,0.932,37.5,-0.218,-0.023,474.6,10.22,214.0,149.3,Neutral,-743.0,-0.121,-480.16,8.9,-13.17,-0.407
M15,F24 MA18 slope over 3 bars,ALL,4058,-1068.55,0.904,33.8,-0.263,-0.064,1497.6,8.43,1149.0,181.8,Harmful,-501.0,-0.014,-84.67,0.9,-83.82,-0.047
M15,F24 MA18 slope over 3 bars,DEV,1839,-1000.94,0.749,36.4,-0.544,-0.103,1007.17,5.43,362.0,203.8,Harmful,-221.0,-0.001,80.37,0.9,-80.46,-0.019
M15,F24 MA18 slope over 3 bars,VAL,822,-254.22,0.867,35.4,-0.309,-0.071,424.03,6.35,158.0,209.7,Harmful,-100.0,-0.035,-53.13,1.0,63.32,-0.091
M15,F24 MA18 slope over 3 bars,OOS,1397,186.61,1.036,29.3,0.134,-0.008,522.14,13.61,629.0,136.4,Harmful,-180.0,-0.017,-111.92,0.7,34.37,-0.055
M15,F25 not extended |close-MA18| <= 1 ATR,ALL,3014,-481.25,0.933,29.4,-0.16,-0.098,1267.31,7.24,740.0,156.5,Harmful,-1545.0,0.015,502.63,-3.5,-314.11,0.056
M15,F25 not extended |close-MA18| <= 1 ATR,DEV,1434,-901.09,0.683,30.2,-0.628,-0.169,930.83,4.77,229.0,163.0,Harmful,-626.0,-0.067,180.22,-5.3,-156.8,-0.103
M15,F25 not extended |close-MA18| <= 1 ATR,VAL,630,-125.25,0.895,31.6,-0.199,-0.102,216.27,5.24,103.0,181.4,Harmful,-292.0,-0.007,75.84,-2.8,-144.44,0.019
M15,F25 not extended |close-MA18| <= 1 ATR,OOS,950,545.09,1.175,26.8,0.574,0.011,283.51,12.3,408.0,130.2,Harmful,-627.0,0.122,246.56,-1.8,-204.26,0.385
M15,F26 not extended |close-MA18| <= 2 ATR,ALL,4096,-1190.85,0.883,31.2,-0.291,-0.077,1735.95,7.81,1125.0,170.0,Harmful,-463.0,-0.035,-206.97,-1.7,154.53,-0.075
M15,F26 not extended |close-MA18| <= 2 ATR,DEV,1885,-1102.26,0.715,33.2,-0.585,-0.126,1106.2,5.05,350.0,186.2,Harmful,-175.0,-0.035,-20.95,-2.3,18.57,-0.06
M15,F26 not extended |close-MA18| <= 2 ATR,VAL,829,-188.52,0.888,33.2,-0.227,-0.085,286.48,5.85,146.0,194.2,Harmful,-93.0,-0.014,12.57,-1.2,-74.23,-0.009
M15,F26 not extended |close-MA18| <= 2 ATR,OOS,1382,99.93,1.022,27.4,0.072,-0.006,542.42,12.74,629.0,133.5,Harmful,-195.0,-0.031,-198.6,-1.2,54.65,-0.117
D1,BASE,ALL,85,619.14,2.946,49.4,7.284,0.072,179.4,50.8,37.0,7381.4,base,,,,,,
D1,BASE,DEV,28,34.01,1.333,60.7,1.215,-0.004,43.63,32.98,10.0,9365.6,base,,,,,,
D1,BASE,VAL,28,-38.15,0.797,53.6,-1.362,0.008,166.37,33.84,10.0,5649.1,base,,,,,,
D1,BASE,OOS,29,623.28,23.429,34.5,21.492,0.208,20.84,84.37,17.0,7138.1,base,,,,,,
D1,F01 volume filter OFF,ALL,136,594.97,2.596,44.9,4.375,0.039,189.22,40.28,60.0,5566.9,Harmful,51.0,-0.35,-24.17,-4.5,9.82,-2.909
D1,F01 volume filter OFF,DEV,42,8.15,1.063,61.9,0.194,-0.044,67.54,27.94,14.0,7191.4,Harmful,14.0,-0.27,-25.86,1.2,23.91,-1.021
D1,F01 volume filter OFF,VAL,33,134.66,2.346,48.5,4.081,0.089,84.41,34.55,10.0,7356.6,Harmful,5.0,1.549,172.81,-5.1,-81.96,5.443
D1,F01 volume filter OFF,OOS,61,452.16,4.142,31.1,7.412,0.068,104.81,51.87,36.0,3480.3,Harmful,32.0,-19.287,-171.12,-3.4,83.97,-14.08
D1,F02 MA200 trend filter OFF,ALL,140,310.77,1.448,47.9,2.22,0.009,300.01,43.91,61.0,6322.9,Harmful,55.0,-1.498,-308.37,-1.5,120.61,-5.064
D1,F02 MA200 trend filter OFF,DEV,53,-15.03,0.922,67.9,-0.284,-0.027,78.94,26.65,14.0,8052.8,Harmful,25.0,-0.411,-49.04,7.2,35.31,-1.499
D1,F02 MA200 trend filter OFF,VAL,38,-220.2,0.442,50.0,-5.795,-0.064,220.2,35.39,13.0,6361.2,Harmful,10.0,-0.355,-182.05,-3.6,53.83,-4.433
D1,F02 MA200 trend filter OFF,OOS,49,546.0,6.158,24.5,11.143,0.103,79.81,69.18,34.0,4422.0,Harmful,20.0,-17.271,-77.28,-10.0,58.97,-10.349
D1,F03 1-bar confirmation,ALL,102,548.6,2.121,41.2,5.378,0.054,182.0,47.37,49.0,6842.5,Harmful,17.0,-0.825,-70.54,-8.2,2.6,-1.906
D1,F03 1-bar confirmation,DEV,35,14.3,1.098,54.3,0.409,-0.014,63.86,31.85,14.0,8771.4,Harmful,7.0,-0.235,-19.71,-6.4,20.23,-0.806
D1,F03 1-bar confirmation,VAL,31,-136.43,0.524,38.7,-4.401,-0.014,168.11,36.3,14.0,5447.1,Harmful,3.0,-0.273,-98.28,-14.9,1.74,-3.039
D1,F03 1-bar confirmation,OOS,36,670.72,12.753,30.6,18.631,0.179,24.94,71.99,21.0,6168.8,Harmful,7.0,-10.676,47.44,-3.9,4.1,-2.861
D1,F04 3-bar confirmation,ALL,75,544.78,2.673,50.7,7.264,0.073,226.08,56.02,32.0,8342.0,Harmful,-10.0,-0.273,-74.36,1.3,46.68,-0.02
D1,F04 3-bar confirmation,DEV,23,32.55,1.318,69.6,1.415,-0.016,51.02,34.21,7.0,10668.9,Harmful,-5.0,-0.015,-1.46,8.9,7.39,0.2
D1,F04 3-bar confirmation,VAL,25,-46.84,0.762,48.0,-1.873,0.004,175.06,38.27,10.0,7107.1,Harmful,-3.0,-0.035,-8.69,-5.6,8.69,-0.511
D1,F04 3-bar confirmation,OOS,27,559.06,22.268,37.0,20.706,0.213,17.37,91.02,15.0,7503.2,Harmful,-2.0,-1.161,-64.22,2.5,-3.47,-0.786
D1,F05 ADX>=25,ALL,64,758.85,6.855,46.9,11.857,0.124,66.37,58.62,30.0,8491.3,Neutral,-21.0,3.909,139.71,-2.5,-113.03,4.573
D1,F05 ADX>=25,DEV,21,61.56,3.531,61.9,2.932,0.04,13.03,30.31,8.0,9006.7,Neutral,-7.0,2.198,27.55,1.2,-30.6,1.717
D1,F05 ADX>=25,VAL,21,74.88,1.977,47.6,3.566,0.052,53.34,38.87,9.0,7427.2,Neutral,-7.0,1.18,113.03,-6.0,-113.03,4.928
D1,F05 ADX>=25,OOS,22,622.41,22.719,31.8,28.291,0.274,20.84,104.48,13.0,9015.2,Neutral,-7.0,-0.71,-0.87,-2.7,0.0,6.799
D1,F06 ADX>=20,ALL,78,689.25,3.796,50.0,8.836,0.1,179.4,51.71,33.0,7590.1,Neutral,-7.0,0.85,70.11,0.6,0.0,1.552
D1,F06 ADX>=20,DEV,23,102.38,4.179,65.2,4.451,0.065,13.92,32.07,8.0,10218.7,Neutral,-5.0,2.846,68.37,4.5,-29.71,3.236
D1,F06 ADX>=20,VAL,28,-38.15,0.797,53.6,-1.362,0.008,166.37,33.84,10.0,5649.1,Neutral,0.0,0.0,0.0,0.0,0.0,0.0
D1,F06 ADX>=20,OOS,27,625.01,24.991,33.3,23.149,0.224,20.84,86.97,15.0,7363.9,Neutral,-2.0,1.562,1.73,-1.2,0.0,1.657
D1,F07 ADX>=30,ALL,56,653.43,4.073,51.8,11.668,0.126,174.39,64.14,24.0,8945.2,Neutral,-29.0,1.127,34.29,2.4,-5.01,4.384
D1,F07 ADX>=30,DEV,18,45.92,3.403,66.7,2.551,0.026,13.03,33.67,6.0,9736.3,Neutral,-10.0,2.07,11.91,6.0,-30.6,1.336
D1,F07 ADX>=30,VAL,20,-21.85,0.873,55.0,-1.092,0.024,161.36,38.44,8.0,6672.4,Neutral,-8.0,0.076,16.3,1.4,-5.01,0.27
D1,F07 ADX>=30,OOS,18,629.36,29.989,33.3,34.964,0.338,20.84,123.16,10.0,10679.4,Neutral,-11.0,6.56,6.08,-1.2,0.0,13.472
D1,F08 ADX>=25 rising(3),ALL,56,590.17,10.309,44.6,10.539,0.089,17.37,56.94,25.0,7353.1,Neutral,-29.0,7.363,-28.97,-4.8,-162.03,3.255
D1,F08 ADX>=25 rising(3),DEV,20,67.92,4.909,65.0,3.396,0.047,11.29,30.24,7.0,8530.9,Neutral,-8.0,3.576,33.91,4.3,-32.34,2.181
D1,F08 ADX>=25 rising(3),VAL,16,47.13,3.261,43.8,2.945,0.042,8.68,40.74,7.0,7301.6,Neutral,-12.0,2.464,85.28,-9.8,-157.69,4.307
D1,F08 ADX>=25 rising(3),OOS,20,475.13,19.866,25.0,23.756,0.168,17.37,96.61,11.0,6216.4,Neutral,-9.0,-3.563,-148.15,-9.5,-3.47,2.264
D1,F09 ADX>=25 consecutive rise(3),ALL,47,556.19,11.329,46.8,11.834,0.094,19.97,62.54,22.0,7506.7,Harmful,-38.0,8.383,-62.95,-2.6,-159.43,4.55
D1,F09 ADX>=25 consecutive rise(3),DEV,15,69.29,6.317,66.7,4.619,0.066,11.29,33.82,5.0,9736.7,Harmful,-13.0,4.984,35.28,6.0,-32.34,3.404
D1,F09 ADX>=25 consecutive rise(3),VAL,15,11.78,1.754,46.7,0.785,0.006,12.16,36.44,7.0,5507.2,Harmful,-13.0,0.957,49.93,-6.9,-154.21,2.147
D1,F09 ADX>=25 consecutive rise(3),OOS,17,475.13,19.866,29.4,27.949,0.198,17.37,110.91,10.0,7303.5,Harmful,-12.0,-3.563,-148.15,-5.1,-3.47,6.457
D1,F15 pending expires 1 bar,ALL,80,530.81,2.963,52.5,6.635,0.058,175.34,40.92,32.0,6039.9,Harmful,-5.0,0.017,-88.33,3.1,-4.06,-0.649
D1,F15 pending expires 1 bar,DEV,29,-27.43,0.773,65.5,-0.946,-0.038,55.3,28.4,10.0,7099.8,Harmful,1.0,-0.56,-61.44,4.8,11.67,-2.161
D1,F15 pending expires 1 bar,VAL,27,-83.48,0.405,55.6,-3.092,-0.016,120.24,28.38,7.0,3746.8,Harmful,-1.0,-0.392,-45.33,2.0,-46.13,-1.73
D1,F15 pending expires 1 bar,OOS,24,641.71,68.178,33.3,26.738,0.256,6.95,70.17,15.0,7339.0,Harmful,-5.0,44.749,18.43,-1.2,-13.89,5.246
D1,F16 pending expires 3 bars,ALL,79,481.43,2.292,50.6,6.094,0.055,211.96,53.61,33.0,7858.6,Neutral,-6.0,-0.654,-137.71,1.2,32.56,-1.19
D1,F16 pending expires 3 bars,DEV,26,59.5,1.776,65.4,2.289,0.015,42.72,33.62,9.0,9961.0,Neutral,-2.0,0.443,25.49,4.7,-0.91,1.074
D1,F16 pending expires 3 bars,VAL,27,-201.54,0.248,51.9,-7.465,-0.076,201.54,34.95,8.0,5622.2,Neutral,-1.0,-0.549,-163.39,-1.7,35.17,-6.103
D1,F16 pending expires 3 bars,OOS,26,623.48,23.436,34.6,23.98,0.232,20.84,92.99,16.0,8078.4,Neutral,-3.0,0.007,0.2,0.1,0.0,2.488
D1,F17 pending invalidation OFF,ALL,13,-6.54,0.377,92.3,-0.503,-0.015,10.49,19.99,1.0,1714.4,Harmful,-72.0,-2.569,-625.68,42.9,-168.91,-7.787
D1,F17 pending invalidation OFF,DEV,13,-6.54,0.377,92.3,-0.503,-0.015,10.49,19.99,1.0,1714.4,Harmful,-15.0,-0.956,-40.55,31.6,-33.14,-1.718
D1,F17 pending invalidation OFF,VAL,0,0.0,,,,,0.0,,,,Harmful,-28.0,,38.15,,-166.37,
D1,F17 pending invalidation OFF,OOS,0,0.0,,,,,0.0,,,,Harmful,-29.0,,-623.28,,-20.84,
D1,F18 entry buffer 0,ALL,85,620.84,2.954,40.0,7.304,0.073,179.2,50.88,34.0,7399.6,Neutral,0.0,0.008,1.7,-9.4,-0.2,0.02
D1,F18 entry buffer 0,DEV,28,34.91,1.343,53.6,1.247,-0.003,43.24,33.05,10.0,9416.4,Neutral,0.0,0.01,0.9,-7.1,-0.39,0.032
D1,F18 entry buffer 0,VAL,28,-37.65,0.8,42.9,-1.345,0.008,166.17,33.92,10.0,5650.4,Neutral,0.0,0.003,0.5,-10.7,-0.2,0.017
D1,F18 entry buffer 0,OOS,29,623.58,23.44,24.1,21.503,0.209,20.84,84.46,14.0,7141.2,Neutral,0.0,0.011,0.3,-10.4,0.0,0.011
D1,F19 entry buffer 50,ALL,89,550.91,2.494,39.3,6.19,0.061,208.8,48.58,38.0,6575.6,Harmful,4.0,-0.452,-68.23,-10.1,29.4,-1.094
D1,F19 entry buffer 50,DEV,33,-29.11,0.806,51.5,-0.882,-0.022,50.16,28.11,12.0,6575.8,Harmful,5.0,-0.527,-63.12,-9.2,6.53,-2.097
D1,F19 entry buffer 50,VAL,28,-40.15,0.788,42.9,-1.434,0.007,167.17,33.84,10.0,5589.8,Harmful,0.0,-0.009,-2.0,-10.7,0.8,-0.072
D1,F19 entry buffer 50,OOS,28,620.17,21.884,21.4,22.149,0.213,21.01,87.45,16.0,7561.0,Harmful,-1.0,-1.545,-3.11,-13.1,0.17,0.657
D1,F20 volatility ATR ratio >= 1.0,ALL,42,157.76,2.752,47.6,3.756,0.019,55.88,62.5,20.0,5002.2,Harmful,-43.0,-0.194,-461.38,-1.8,-123.52,-3.528
D1,F20 volatility ATR ratio >= 1.0,DEV,15,-47.2,0.074,60.0,-3.147,-0.054,47.2,19.49,6.0,3376.4,Harmful,-13.0,-1.259,-81.21,-0.7,3.57,-4.362
D1,F20 volatility ATR ratio >= 1.0,VAL,11,72.57,4.98,54.5,6.598,0.098,9.55,38.08,3.0,5732.5,Harmful,-17.0,4.183,110.72,0.9,-156.82,7.96
D1,F20 volatility ATR ratio >= 1.0,OOS,16,132.38,7.352,31.2,8.274,0.032,15.63,119.61,11.0,6024.4,Harmful,-13.0,-16.077,-490.9,-3.3,-5.21,-13.218
D1,F21 volatility ATR ratio <= 1.5,ALL,81,813.04,3.597,51.9,10.038,0.099,179.4,53.53,33.0,8288.0,Neutral,-4.0,0.651,193.9,2.5,0.0,2.754
D1,F21 volatility ATR ratio <= 1.5,DEV,28,34.01,1.333,60.7,1.215,-0.004,43.63,32.98,10.0,9365.6,Neutral,0.0,0.0,0.0,0.0,0.0,0.0
D1,F21 volatility ATR ratio <= 1.5,VAL,28,-38.15,0.797,53.6,-1.362,0.008,166.37,33.84,10.0,5649.1,Neutral,0.0,0.0,0.0,0.0,0.0,0.0
D1,F21 volatility ATR ratio <= 1.5,OOS,25,817.18,37.193,40.0,32.687,0.316,15.63,98.59,13.0,10036.7,Neutral,-4.0,13.764,193.9,5.5,-5.21,11.195
D1,F22 volatility ATR ratio 0.8-1.5,ALL,73,464.48,2.869,54.8,6.363,0.082,126.41,55.8,27.0,8092.3,Neutral,-12.0,-0.077,-154.66,5.4,-52.99,-0.921
D1,F22 volatility ATR ratio 0.8-1.5,DEV,26,51.45,1.607,65.4,1.979,0.011,42.72,33.66,8.0,9514.1,Neutral,-2.0,0.274,17.44,4.7,-0.91,0.764
D1,F22 volatility ATR ratio 0.8-1.5,VAL,24,7.9,1.056,50.0,0.329,0.039,120.33,36.28,9.0,5838.1,Neutral,-4.0,0.259,46.05,-3.6,-46.04,1.691
D1,F22 volatility ATR ratio 0.8-1.5,OOS,23,405.13,19.661,47.8,17.614,0.205,15.63,101.2,10.0,8837.3,Neutral,-6.0,-3.768,-218.15,13.3,-5.21,-3.878
D1,F24 MA18 slope over 3 bars,ALL,76,595.52,2.742,51.3,7.836,0.08,171.15,55.29,34.0,7861.3,Neutral,-9.0,-0.204,-23.62,1.9,-8.25,0.552
D1,F24 MA18 slope over 3 bars,DEV,25,31.14,1.296,68.0,1.245,-0.015,51.02,35.85,8.0,10229.4,Neutral,-3.0,-0.037,-2.87,7.3,7.39,0.03
D1,F24 MA18 slope over 3 bars,VAL,24,-56.29,0.727,58.3,-2.345,0.019,120.33,36.41,9.0,5585.9,Neutral,-4.0,-0.07,-18.14,4.7,-46.04,-0.983
D1,F24 MA18 slope over 3 bars,OOS,27,620.67,21.421,29.6,22.988,0.222,20.84,90.07,17.0,7691.1,Neutral,-2.0,-2.008,-2.61,-4.9,0.0,1.496
D1,F25 not extended |close-MA18| <= 1 ATR,ALL,36,34.75,1.209,44.4,0.965,0.008,60.31,32.37,16.0,5431.9,Harmful,-49.0,-1.737,-584.39,-5.0,-119.09,-6.319
D1,F25 not extended |close-MA18| <= 1 ATR,DEV,13,-43.16,0.693,53.8,-3.32,-0.098,57.71,37.04,4.0,8963.9,Harmful,-15.0,-0.64,-77.17,-6.9,14.08,-4.535
D1,F25 not extended |close-MA18| <= 1 ATR,VAL,11,82.25,4.946,54.5,7.477,0.145,18.24,35.36,4.0,6392.9,Harmful,-17.0,4.149,120.4,0.9,-148.13,8.839
D1,F25 not extended |close-MA18| <= 1 ATR,OOS,12,-4.34,0.0,25.0,-0.362,-0.004,4.34,24.57,8.0,724.6,Harmful,-17.0,-23.429,-627.62,-9.5,-16.5,-21.854
D1,F26 not extended |close-MA18| <= 2 ATR,ALL,64,360.83,2.536,46.9,5.638,0.1,105.88,53.09,30.0,7175.0,Neutral,-21.0,-0.41,-258.31,-2.5,-73.52,-1.646
D1,F26 not extended |close-MA18| <= 2 ATR,DEV,19,-26.51,0.808,57.9,-1.395,-0.055,50.96,32.51,7.0,10601.8,Neutral,-9.0,-0.525,-60.52,-2.8,7.33,-2.61
D1,F26 not extended |close-MA18| <= 2 ATR,VAL,19,30.96,1.444,52.6,1.63,0.019,54.93,33.73,7.0,5851.3,Neutral,-9.0,0.647,69.11,-1.0,-111.44,2.992
D1,F26 not extended |close-MA18| <= 2 ATR,OOS,26,356.37,14.238,34.6,13.707,0.273,20.84,82.27,16.0,5638.2,Neutral,-3.0,-9.191,-266.91,0.1,0.0,-7.785
