k_in,k_out,side,entry,exit,isl,sl_exit,lots,pnl,swap,mfe_px,mae_px,k_mfe,reason,j_in,j_pend,risk_usd,balance,spread_entry,atr_entry,adx_entry,sl_src,k_pend,be_hit,prot_active,min_equity,slip_usd,max_sl,k_mae,pend_px,pend_sl0,stage,time_in,time_out,time_mfe,time_pend,hold_min,bars_held,mfe_usd,mae_usd,gross_usd,r,mfe_r,mae_r,giveback_usd,giveback_pct,exit_reason,hour_in,weekday_in,session,fill_delay_bars
1535401,1536316,-1,2624.94,2644.89,2665.18,2665.18,0.01,-19.752099999999817,0.1979,10.235999999999876,21.109999999999673,1535435,8,6718,6717,40.23999999999978,180.2479000000002,0.344,10.447272727272713,29.78201844270313,1,1535177,0.0,1.0,178.89000000000033,0.2,2665.18,1536295,2625.04,2665.18,0,2025-01-06 15:44:00,2025-01-07 08:00:00,2025-01-06 16:18:00,2025-01-06 12:00:00,976.0,6,10.235999999999876,21.109999999999673,-19.949999999999818,-0.4908573558648093,0.2543737574552667,0.5246023856858794,29.988099999999694,292.96697928878524,MA18_exit,15,0,London/NY,0
1538178,1542311,1,2663.0,2668.98,2645.1,2663.1,0.01,1.6380000000000177,-4.3420000000000005,34.710000000000036,13.889999999999873,1541159,8,6731,6725,17.90000000000009,181.8859000000002,0.344,11.808181818181765,32.085604082928846,2,1537036,1.0,1.0,166.3579000000003,0.2,2663.1,1538395,2662.9,2614.36,0,2025-01-08 16:03:00,2025-01-13 16:00:00,2025-01-10 19:46:00,2025-01-07 20:00:00,7197.0,19,34.710000000000036,13.889999999999873,5.980000000000018,0.09150837988826868,1.939106145251389,0.7759776536312739,33.07200000000002,95.28089887640444,MA18_exit,16,2,London/NY,5
1545069,1548321,1,2694.12,2694.12,2659.64,2694.22,0.01,-4.3420000000000005,-4.3420000000000005,30.440000000000055,17.679999999999836,1546663,2,6761,6760,34.48000000000002,177.54390000000018,0.344,11.325454545454498,26.1433806842039,2,1545069,1.0,1.0,164.20590000000036,0.2,2694.22,1545133,2694.02,2659.64,0,2025-01-15 16:00:00,2025-01-20 01:23:00,2025-01-16 19:38:00,2025-01-15 16:00:00,6323.0,15,30.440000000000055,17.679999999999836,0.0,-0.12592807424593963,0.8828306264501171,0.5127610208816655,34.78200000000005,114.26412614980286,SL_breakeven,16,2,London/NY,0
1549964,1555463,1,2729.08,2752.88,2689.31,2729.18,0.01,18.589600000000182,-5.210400000000001,56.74000000000024,12.739999999999782,1554660,8,6783,6782,39.76999999999998,196.13350000000037,0.39,11.43954545454554,27.30496870385401,2,1549947,1.0,1.0,164.8039000000004,0.2,2729.18,1550272,2728.98,2689.31,0,2025-01-21 08:17:00,2025-01-27 08:00:00,2025-01-24 17:36:00,2025-01-21 08:00:00,8623.0,25,56.74000000000024,12.739999999999782,23.800000000000182,0.46742770932864447,1.426703545385976,0.32034196630625567,38.150400000000054,67.23722241804705,MA18_exit,8,1,London,0
1559656,1561535,1,2763.2599999999998,2811.31,2745.0,2811.41,0.01,47.18160000000018,-0.8684000000000001,53.68000000000029,1.0199999999999818,1561529,5,6825,6824,18.259999999999764,243.31510000000054,0.39,10.579545454545517,18.863179181186766,5,1559600,1.0,1.0,195.11350000000039,0.2,2811.41,1559656,2763.16,2745.0,0,2025-01-30 08:56:00,2025-01-31 17:19:00,2025-01-31 17:13:00,2025-01-30 08:00:00,1943.0,9,53.68000000000029,1.0199999999999818,48.05000000000018,2.5838773274918285,2.939759036144632,0.05585980284775438,6.49840000000011,12.10581222056646,SL_trailing,8,3,London,0
1562867,1565713,1,2817.04,2875.76,2790.9,2875.86,0.01,56.98320000000025,-1.7368000000000001,65.17999999999984,10.11999999999989,1565700,5,6839,6833,26.139999999999873,300.2983000000008,0.344,12.076818181818142,35.84617745334188,5,1561696,1.0,1.0,233.19510000000065,0.2,2875.86,1563819,2816.94,2745.0,0,2025-02-03 16:35:00,2025-02-05 18:05:00,2025-02-05 17:52:00,2025-01-31 20:00:00,2970.0,13,65.17999999999984,10.11999999999989,58.720000000000255,2.179923488905912,2.4934965570007708,0.38714613618974525,8.196799999999584,12.575636698373128,SL_trailing,16,0,London/NY,5
1568425,1568586,1,2882.3199999999997,2859.8,2833.96,2833.96,0.01,-22.519999999999527,0.0,4.2800000000002,29.179999999999836,1568452,8,6863,6851,48.35999999999967,277.77830000000125,0.344,14.611363636363565,31.692241890888326,1,1565828,0.0,1.0,271.11830000000094,0.2,2833.96,1568562,2882.22,2806.92,0,2025-02-07 17:19:00,2025-02-07 20:00:00,2025-02-07 17:46:00,2025-02-05 20:00:00,161.0,2,4.2800000000002,29.179999999999836,-22.519999999999527,-0.4656741108353945,0.08850289495451259,0.6033912324234912,26.799999999999727,626.1682242990298,MA18_exit,17,4,NewYork,11
1569245,1572003,1,2879.9,2886.04,2852.08,2880.0,0.01,4.403199999999872,-1.7368000000000001,62.75999999999976,1.2000000000002728,1570400,8,6867,6866,27.820000000000164,282.1815000000011,0.39,14.898181818181808,30.99232078836792,2,1569245,1.0,1.0,276.578300000001,0.2,2880.0,1569246,2879.8,2852.08,0,2025-02-10 08:00:00,2025-02-12 08:00:00,2025-02-11 04:16:00,2025-02-10 08:00:00,2880.0,13,62.75999999999976,1.2000000000002728,6.139999999999873,0.15827462257368247,2.2559309849029257,0.043134435657809694,58.35679999999989,92.98406628425766,MA18_exit,8,0,London,0
1573754,1575481,1,2920.38,2886.8,2863.68,2863.68,0.01,-34.44839999999993,-0.8684000000000001,19.559999999999945,35.220000000000255,1575038,8,6886,6885,56.70000000000027,247.73310000000117,0.38200000000000006,17.710000000000058,26.231687888772072,1,1573622,0.0,1.0,246.96150000000085,0.2,2863.68,1575477,2920.28,2863.68,0,2025-02-13 14:12:00,2025-02-14 20:00:00,2025-02-14 12:37:00,2025-02-13 12:00:00,1788.0,9,19.559999999999945,35.220000000000255,-33.57999999999993,-0.6075555555555514,0.3449735449735424,0.6211640211640227,54.008399999999874,276.11656441717804,MA18_exit,14,3,London/NY,0
1577853,1581264,1,2921.24,2928.4,2891.78,2921.34,0.01,2.8180000000003087,-4.3420000000000005,33.52000000000044,3.6399999999998727,1580305,8,6905,6904,29.45999999999958,250.55110000000147,0.344,13.676363636363662,15.82087442071061,2,1577848,1.0,1.0,244.0931000000013,0.2,2921.34,1577865,2921.14,2891.78,0,2025-02-18 16:05:00,2025-02-21 04:00:00,2025-02-20 11:00:00,2025-02-18 16:00:00,3595.0,16,33.52000000000044,3.6399999999998727,7.160000000000309,0.09565512559403763,1.1378139850645252,0.1235573659198888,30.702000000000126,91.59307875894906,MA18_exit,16,1,London/NY,0
1591481,1594127,1,2921.18,2893.98,2832.46,2832.46,0.01,-30.67359999999982,-3.4736000000000002,8.570000000000164,30.359999999999673,1593152,8,6964,6963,88.7199999999998,219.87750000000165,0.38200000000000006,17.355909090909087,37.5238606911585,1,1591370,0.0,1.0,220.1911000000018,0.2,2832.46,1594123,2921.08,2832.46,0,2025-03-04 13:51:00,2025-03-06 12:00:00,2025-03-05 18:43:00,2025-03-04 12:00:00,2769.0,13,8.570000000000164,30.359999999999673,-27.199999999999818,-0.3457348963029744,0.09659603246167925,0.3422001803426481,39.24359999999999,457.9183197199444,MA18_exit,13,1,London/NY,0
1595801,1595986,1,2926.18,2907.84,2895.7,2895.7,0.01,-18.33999999999969,0.0,4.0,21.529999999999745,1595813,8,6983,6982,30.480000000000018,201.53750000000196,0.344,17.440454545454568,16.882865439348894,1,1595746,0.0,1.0,198.3475000000019,0.2,2895.7,1595948,2926.08,2895.7,0,2025-03-07 16:55:00,2025-03-07 20:00:00,2025-03-07 17:07:00,2025-03-07 16:00:00,185.0,2,4.0,21.529999999999745,-18.33999999999969,-0.6017060367453964,0.13123359580052485,0.7063648293963167,22.33999999999969,558.4999999999923,MA18_exit,16,4,London/NY,0
1599463,1601859,1,2922.15,2985.78,2901.82,2985.88,0.01,60.15640000000011,-3.4736000000000002,71.69000000000005,16.389999999999873,1601808,5,6999,6994,20.329999999999927,261.6939000000021,0.37,14.002272727272755,24.182729761176322,5,1598445,1.0,1.0,185.1475000000021,0.2,2985.88,1599730,2922.05,2901.82,0,2025-03-12 10:58:00,2025-03-14 06:54:00,2025-03-14 06:03:00,2025-03-11 16:00:00,2636.0,12,71.69000000000005,16.389999999999873,63.63000000000011,2.9589965568126084,3.5263157894736996,0.8061977373339858,11.533599999999943,16.088157344120425,SL_trailing,10,2,London,4
1602170,1608525,1,2999.4,3027.78,2932.77,2999.5,0.01,22.301200000000108,-6.0788,57.83999999999969,21.320000000000164,1607130,8,7012,7011,66.63000000000011,283.9951000000022,0.38200000000000006,13.5368181818182,55.01708536022142,2,1602165,1.0,1.0,240.37390000000192,0.2,2999.5,1602485,2999.3,2932.77,0,2025-03-14 12:05:00,2025-03-21 08:00:00,2025-03-20 06:45:00,2025-03-14 12:00:00,9835.0,30,57.83999999999969,21.320000000000164,28.38000000000011,0.3347020861473821,0.8680774425934203,0.3199759867927379,35.53879999999958,61.443291839557006,MA18_exit,12,4,London,0
1614045,1616289,1,3041.08,3099.92,3012.12,3100.02,0.01,57.10320000000014,-1.7368000000000001,65.55999999999995,7.779999999999745,1616288,5,7066,7065,28.960000000000036,341.0983000000023,0.38200000000000006,12.282272727272687,27.384826291990137,5,1614045,1.0,1.0,276.21510000000245,0.2,3100.02,1614265,3040.98,3012.12,0,2025-03-27 12:00:00,2025-03-31 05:24:00,2025-03-31 05:23:00,2025-03-27 12:00:00,5364.0,11,65.55999999999995,7.779999999999745,58.840000000000146,1.9717955801104996,2.263812154696128,0.26864640883976987,8.456799999999802,12.899328859060113,SL_trailing,12,3,London,0
1616498,1618482,1,3115.7799999999997,3115.78,3012.12,3115.88,0.01,-0.8683999999995453,-0.8684000000000001,33.0600000000004,16.09999999999991,1617862,2,7077,7076,103.65999999999985,340.2299000000028,0.39,15.43454545454539,70.516935605098,2,1616445,1.0,1.0,324.9983000000024,0.2,3115.88,1616971,3115.68,3012.12,0,2025-03-31 08:53:00,2025-04-01 18:58:00,2025-04-01 08:38:00,2025-03-31 08:00:00,2045.0,9,33.0600000000004,16.09999999999991,4.547473508864641e-13,-0.008377387613346967,0.31892726220336143,0.15531545437005528,33.92839999999995,102.62673926194657,SL_breakeven,8,0,London,0
1620132,1620938,1,3137.02,3100.56,3100.66,3100.66,0.01,-39.06520000000003,-2.6052,30.5300000000002,48.940000000000055,1620272,1,7092,7085,36.36000000000013,301.16470000000277,0.363,19.570454545454552,46.148583213091065,1,1618544,0.0,1.0,291.2899000000027,0.2,3100.66,1620938,3136.92,3099.68,0,2025-04-02 23:29:00,2025-04-03 13:58:00,2025-04-03 02:52:00,2025-04-01 20:00:00,869.0,5,30.5300000000002,48.940000000000055,-36.460000000000036,-1.0744004400440015,0.8396589658965922,1.3459845984598429,69.59520000000023,227.9567638388463,SL_initial,23,2,Sydney,6
1626469,1629192,1,3052.33,3218.85,2969.6,3218.95,0.01,163.0464,-3.4736000000000002,184.99000000000024,9.889999999999873,1629163,5,7120,7119,82.73000000000002,464.2111000000028,0.38200000000000006,36.73090909090909,25.131306409405955,5,1626331,1.0,1.0,291.2747000000029,0.2,3218.95,1626562,3052.23,2969.6,0,2025-04-09 14:18:00,2025-04-11 13:43:00,2025-04-11 13:14:00,2025-04-09 12:00:00,2845.0,13,184.9900000000002,9.889999999999873,166.52,1.970825577178774,2.236069140577785,0.1195455094886966,21.943600000000202,11.862046597113453,SL_trailing,14,2,London/NY,0
1630058,1636255,1,3245.12,3405.02,2969.6,3405.12,0.01,154.6896000000001,-5.210400000000001,179.0999999999999,51.79999999999973,1636229,5,7136,7133,275.52,618.9007000000029,0.39,34.1677272727273,55.21520574587799,5,1629569,1.0,1.0,412.41110000000305,0.2,3405.12,1630724,3245.02,2969.6,0,2025-04-14 05:10:00,2025-04-21 16:34:00,2025-04-21 16:08:00,2025-04-11 20:00:00,10764.0,28,179.09999999999994,51.79999999999973,159.9000000000001,0.5614459930313592,0.6500435540069684,0.18800813008129982,24.41039999999984,13.62948073701834,SL_trailing,5,0,Asia,2
1636590,1637591,1,3430.12,3430.12,3283.34,3430.22,0.01,-0.8684000000000001,-0.8684000000000001,69.80000000000018,19.039999999999964,1637198,2,7164,7163,146.77999999999975,618.0323000000029,0.38200000000000006,25.964090909090952,51.308405489691054,2,1636461,1.0,1.0,599.8607000000029,0.2,3430.22,1636823,3430.02,3283.34,0,2025-04-21 22:09:00,2025-04-22 15:51:00,2025-04-22 09:18:00,2025-04-21 20:00:00,1062.0,5,69.80000000000018,19.039999999999964,0.0,-0.00591633737566427,0.4755416269246512,0.12971794522414495,70.66840000000018,101.24412607449855,SL_breakeven,22,0,Sydney,0
1650369,1653742,1,3328.52,3328.52,3222.4,3328.62,0.01,-4.3420000000000005,-4.3420000000000005,109.13999999999987,7.4099999999998545,1651850,2,7224,7223,106.11999999999989,613.6903000000029,0.38200000000000006,28.08636363636364,35.316551915736085,2,1650232,1.0,1.0,610.6223000000031,0.2,3328.62,1650638,3328.42,3222.4,0,2025-05-05 22:17:00,2025-05-08 09:33:00,2025-05-07 01:00:00,2025-05-05 20:00:00,3556.0,16,109.13999999999987,7.4099999999998545,0.0,-0.0409159442140973,1.028458349038824,0.06982661138333832,113.48199999999987,103.9783763972879,SL_breakeven,22,0,Sydney,0
1660574,1661262,-1,3135.12,3222.742,3265.4,3265.4,0.01,-87.6220000000003,0.0,14.538000000000011,87.71000000000004,1660605,8,7269,7268,130.2800000000002,526.0683000000026,0.39,29.13909090909095,43.56801658071833,1,1660542,0.0,1.0,525.9803000000029,0.2,3265.4,1661261,3135.22,3265.4,0,2025-05-15 08:32:00,2025-05-15 20:00:00,2025-05-15 09:03:00,2025-05-15 08:00:00,688.0,4,14.538000000000011,87.71000000000004,-87.6220000000003,-0.672566779244705,0.1115904206324838,0.6732422474669935,102.16000000000031,702.7101389462115,MA18_exit,8,3,London,0
1669225,1671664,1,3345.2999999999997,3298.15,3278.79,3278.79,0.01,-48.88679999999964,-1.7368000000000001,20.500000000000455,53.03999999999951,1669566,8,7306,7298,66.50999999999976,477.181500000003,0.38200000000000006,23.944090909090907,31.57635092486185,1,1667437,0.0,1.0,473.0283000000031,0.2,3278.79,1671599,3345.2,3204.2,0,2025-05-23 14:49:00,2025-05-27 12:00:00,2025-05-23 20:30:00,2025-05-22 08:00:00,5591.0,13,20.500000000000455,53.03999999999951,-47.149999999999636,-0.7350293188994108,0.30822432716885473,0.7974740640505141,69.3868000000001,338.4721951219442,MA18_exit,14,4,London/NY,7
1677339,1681797,1,3358.85,3354.02,3271.1,3271.1,0.01,-9.171999999999928,-4.3420000000000005,44.32999999999993,26.269999999999982,1681452,8,7342,7341,87.75,468.0095000000031,0.38200000000000006,25.16272727272729,21.13098611942612,1,1677180,0.0,1.0,450.911500000003,0.2,3271.1,1678864,3358.75,3271.1,0,2025-06-02 14:39:00,2025-06-05 20:00:00,2025-06-05 14:15:00,2025-06-02 12:00:00,4641.0,21,44.32999999999993,26.269999999999982,-4.829999999999927,-0.1045242165242157,0.5051851851851844,0.29937321937321915,53.50199999999985,120.69027746447088,MA18_exit,14,0,London/NY,0
1687395,1690310,1,3344.44,3440.4,3315.24,3440.5,0.01,91.61800000000004,-4.3420000000000005,106.61999999999989,6.190000000000055,1690310,5,7386,7385,29.200000000000273,559.6275000000031,0.38200000000000006,21.114545454545517,17.489903930450083,5,1687313,1.0,1.0,461.819500000003,0.2,3440.5,1687404,3344.34,3315.24,0,2025-06-11 21:22:00,2025-06-16 01:00:00,2025-06-16 01:00:00,2025-06-11 20:00:00,5978.0,14,106.61999999999989,6.190000000000055,95.96000000000004,3.1376027397259993,3.651369863013661,0.2119863013698629,15.001999999999853,14.070530857249922,SL_trailing,21,2,NewYork,0
1703471,1705329,-1,3269.2200000000003,3303.332,3350.02,3350.02,0.01,-33.716199999999624,0.3958,23.968000000000302,40.511999999999716,1703978,8,7457,7456,80.79999999999973,525.9113000000035,0.344,18.51363636363631,27.07665948218235,1,1703471,0.0,1.0,519.1155000000034,0.2,3350.02,1705269,3269.32,3350.02,0,2025-06-27 16:00:00,2025-07-01 01:00:00,2025-06-30 01:28:00,2025-06-27 16:00:00,4860.0,9,23.968000000000302,40.511999999999716,-34.111999999999625,-0.41727970297029376,0.2966336633663414,0.5013861386138596,57.684199999999926,240.67172897195928,MA18_exit,16,4,London/NY,0
1711190,1711984,-1,3304.9,3338.932,3344.9,3344.9,0.01,-33.8340999999997,0.1979,8.318000000000211,35.771999999999935,1711370,8,7490,7489,40.0,492.0772000000038,0.37,15.627727272727249,28.872255578735547,1,1711025,0.0,1.0,490.1393000000036,0.2,3344.9,1711910,3305.0,3344.9,0,2025-07-07 10:45:00,2025-07-08 01:00:00,2025-07-07 13:45:00,2025-07-07 08:00:00,855.0,5,8.318000000000211,35.771999999999935,-34.0319999999997,-0.8458524999999926,0.20795000000000527,0.8942999999999983,42.15209999999991,506.7576340466319,MA18_exit,10,0,London,0
1713458,1714742,-1,3299.0,3313.3819999999996,3345.55,3345.55,0.01,-13.788299999999607,0.5937,16.197999999999865,17.98199999999997,1714000,8,7500,7499,46.55000000000018,478.2889000000042,0.36,16.384090909090943,21.987898614033377,1,1713363,0.0,1.0,474.09520000000384,0.2,3345.55,1714642,3299.1,3345.55,0,2025-07-09 02:35:00,2025-07-10 01:00:00,2025-07-09 11:37:00,2025-07-09 01:00:00,1345.0,7,16.197999999999865,17.98199999999997,-14.381999999999607,-0.29620408163264345,0.3479699248120258,0.3862943071965607,29.986299999999474,185.1234720335827,MA18_exit,2,2,Asia,0
1725856,1728230,1,3401.44,3401.44,3344.8,3401.54,0.01,-0.8684000000000001,-0.8684000000000001,37.2199999999998,18.320000000000164,1727297,2,7554,7552,56.63999999999987,477.4205000000042,0.36,15.045909090909122,29.0433926766382,2,1725535,1.0,1.0,459.96890000000406,0.2,3401.54,1726345,3401.34,3344.8,0,2025-07-22 02:22:00,2025-07-23 18:57:00,2025-07-23 03:24:00,2025-07-21 20:00:00,2435.0,11,37.2199999999998,18.320000000000164,0.0,-0.015331920903954837,0.6571327683615799,0.3234463276836194,38.0883999999998,102.33315421816229,SL_breakeven,2,1,Asia,1
1735287,1737683,-1,3288.32,3334.0099999999998,3333.91,3333.91,0.01,-44.8983999999996,0.7916,19.978000000000065,47.06399999999985,1735345,1,7595,7594,45.58999999999969,432.5221000000046,0.38200000000000006,15.608181818181803,29.25128699954504,1,1735188,0.0,1.0,430.35650000000436,0.2,3333.91,1737683,3288.42,3333.91,0,2025-07-30 21:39:00,2025-08-01 15:37:00,2025-07-30 22:37:00,2025-07-30 20:00:00,2518.0,11,19.978000000000065,47.06399999999985,-45.6899999999996,-0.9848300065803883,0.4382101338012766,1.0323316516780032,64.87639999999966,324.73921313444515,SL_initial,21,2,NewYork,0
1742844,1745253,1,3384.1,3381.34,3358.02,3358.02,0.01,-4.496799999999764,-1.7368000000000001,24.579999999999927,12.559999999999945,1743706,8,7628,7627,26.079999999999927,428.02530000000485,0.38200000000000006,13.336363636363641,17.492470984235606,1,1742742,0.0,1.0,419.9621000000047,0.2,3358.02,1743100,3384.0,3358.02,0,2025-08-07 09:42:00,2025-08-11 04:00:00,2025-08-08 01:05:00,2025-08-07 08:00:00,5418.0,12,24.579999999999927,12.559999999999945,-2.759999999999764,-0.17242331288342702,0.942484662576687,0.48159509202453915,29.076799999999693,118.29454841334329,MA18_exit,9,3,London,0
1753110,1755626,-1,3331.51,3343.104,3358.22,3358.22,0.01,-11.198199999999597,0.3958,19.860000000000127,14.031999999999698,1754935,8,7673,7672,26.70999999999958,416.82710000000526,0.38200000000000006,14.270454545454538,16.33939522601358,1,1753108,0.0,1.0,413.99330000000515,0.2,3358.22,1754091,3331.61,3358.22,0,2025-08-18 20:02:00,2025-08-20 16:00:00,2025-08-20 04:29:00,2025-08-18 20:00:00,2638.0,12,19.860000000000127,14.031999999999698,-11.593999999999596,-0.41925121677273575,0.7435417446649359,0.5253463122426026,31.058199999999722,156.38569989929266,MA18_exit,20,0,NewYork,0
1758336,1758445,-1,3325.06,3348.04,3347.94,3347.94,0.01,-22.980000000000018,0.0,3.675999999999931,25.184000000000196,1758357,1,7695,7694,22.88000000000011,393.84710000000524,0.344,10.429090909090787,21.635834774164316,1,1758144,0.0,1.0,391.64310000000506,0.2,3347.94,1758445,3325.16,3347.94,0,2025-08-22 15:12:00,2025-08-22 17:01:00,2025-08-22 15:33:00,2025-08-22 12:00:00,109.0,2,3.675999999999931,25.184000000000196,-22.980000000000018,-1.0043706293706254,0.1606643356643319,1.100699300699304,26.65599999999995,725.1360174102408,SL_initial,15,4,London/NY,0
1761303,1765700,1,3384.58,3446.19,3359.5,3446.29,0.01,57.26800000000013,-4.3420000000000005,68.98000000000002,10.920000000000073,1765691,5,7708,7705,25.079999999999927,451.1151000000054,0.344,13.579545454545372,19.901853847714605,5,1760662,1.0,1.0,382.92710000000517,0.2,3446.29,1762176,3384.48,3359.5,0,2025-08-26 18:41:00,2025-08-29 23:03:00,2025-08-29 22:54:00,2025-08-26 08:00:00,4582.0,20,68.98000000000002,10.920000000000073,61.61000000000013,2.283413078149932,2.7503987240829435,0.43540669856459746,11.71199999999989,16.978834444766434,SL_trailing,18,1,NewYork,2
1765994,1768129,1,3453.66,3521.9100000000003,3404.18,3522.01,0.01,67.38160000000046,-0.8684000000000001,74.90000000000009,2.2599999999997635,1768103,5,7729,7727,49.48000000000002,518.4967000000058,0.39,13.101363636363699,22.243049463521114,5,1765756,1.0,1.0,448.8551000000056,0.2,3522.01,1765994,3453.56,3404.18,0,2025-09-01 04:58:00,2025-09-02 20:04:00,2025-09-02 19:38:00,2025-09-01 01:00:00,2346.0,11,74.90000000000009,2.2599999999997635,68.25000000000045,1.3617946645109222,1.5137429264349245,0.04567502021018114,7.51839999999963,10.037917222963447,SL_trailing,4,0,Asia,1
1768507,1770020,1,3539.95,3539.9500000000003,3469.8,3540.05,0.01,-2.605199999999545,-2.6052,38.23000000000002,13.4399999999996,1769577,2,7740,7739,70.14999999999964,515.8915000000063,0.39799999999999996,18.595000000000027,53.23238121244337,2,1768364,1.0,1.0,505.05670000000623,0.2,3540.05,1768839,3539.85,3469.8,0,2025-09-03 03:23:00,2025-09-04 05:37:00,2025-09-03 21:13:00,2025-09-03 01:00:00,1574.0,8,38.23000000000002,13.4399999999996,4.547473508864641e-13,-0.03713756236635152,0.5449750534568812,0.19158945117604662,40.83519999999956,106.81454355218294,SL_breakeven,3,2,Asia,0
1771992,1774843,1,3563.25,3663.07,3510.42,3663.17,0.01,98.08320000000016,-1.7368000000000001,110.38999999999987,11.230000000000018,1774840,5,7755,7747,52.82999999999993,613.9747000000065,0.344,20.947272727272797,40.201094388781186,5,1770163,1.0,1.0,504.6615000000063,0.2,3663.17,1771992,3563.15,3469.8,0,2025-09-05 15:30:00,2025-09-09 17:03:00,2025-09-09 17:00:00,2025-09-04 08:00:00,5853.0,14,110.38999999999987,11.230000000000018,99.82000000000016,1.8565814877910334,2.089532462615938,0.2125686163164875,12.306799999999711,11.148473593622363,SL_trailing,15,4,London/NY,7
1780927,1782814,1,3685.44,3664.58,3626.15,3626.15,0.01,-21.72840000000013,-0.8684000000000001,17.389999999999873,23.200000000000273,1781753,8,7794,7792,59.289999999999964,592.2463000000064,0.39799999999999996,16.090454545454516,26.420001385621124,1,1780536,0.0,1.0,590.7747000000062,0.2,3626.15,1782796,3685.34,3626.15,0,2025-09-16 03:32:00,2025-09-17 12:00:00,2025-09-16 17:18:00,2025-09-15 20:00:00,1948.0,10,17.389999999999873,23.200000000000273,-20.860000000000127,-0.3664766402428764,0.2933040984989017,0.3912970146736429,39.1184,224.9476710753323,MA18_exit,3,1,Asia,1
1783354,1783355,1,3688.45,3678.52,3678.62,3678.62,0.01,-9.929999999999836,0.0,8.470000000000255,35.34999999999991,1783354,1,7805,7804,9.829999999999927,582.3163000000065,0.38200000000000006,16.008636363636302,27.939421441093916,1,1783294,0.0,1.0,556.8963000000065,0.2,3678.62,1783355,3688.35,3678.62,0,2025-09-17 21:00:00,2025-09-17 21:01:00,2025-09-17 21:00:00,2025-09-17 20:00:00,1.0,1,8.470000000000255,35.34999999999991,-9.929999999999836,-1.0101729399796449,0.8616480162767363,3.596134282807749,18.40000000000009,217.2373081463936,SL_initial,21,2,NewYork,0
1786733,1790189,1,3697.4,3735.5,3631.94,3697.5,0.01,36.36319999999991,-1.7368000000000001,93.46000000000004,2.0799999999999272,1788354,8,7820,7819,65.46000000000004,618.6795000000064,0.39,19.86363636363632,27.715410971386568,2,1786711,1.0,1.0,580.2363000000066,0.2,3697.5,1786776,3697.3,3631.94,0,2025-09-22 08:22:00,2025-09-24 20:00:00,2025-09-23 12:24:00,2025-09-22 08:00:00,3578.0,16,93.46000000000004,2.0799999999999272,38.09999999999991,0.5555025970058033,1.4277421326000608,0.03177512985028912,57.09680000000013,61.092231970896755,MA18_exit,8,0,London,0
1793611,1795202,1,3808.8399999999997,3808.84,3721.92,3808.94,0.01,-0.8683999999995453,-0.8684000000000001,62.66000000000031,8.039999999999509,1795055,2,7850,7849,86.91999999999962,617.811100000007,0.39,23.2736363636363,26.62326311554217,2,1793606,1.0,1.0,610.6395000000069,0.2,3808.94,1793648,3808.74,3721.92,0,2025-09-29 08:05:00,2025-09-30 11:37:00,2025-09-30 09:10:00,2025-09-29 08:00:00,1652.0,7,62.66000000000031,8.039999999999509,4.547473508864641e-13,-0.009990796134371252,0.7208927749654922,0.09249884951679181,63.528399999999856,101.38589211618184,SL_breakeven,8,0,London,0
1796189,1798463,1,3871.6,3844.44,3792.88,3792.88,0.01,-29.765199999999854,-2.6052,25.360000000000127,52.5,1798254,8,7861,7856,78.7199999999998,588.0459000000071,0.39,25.60363636363629,50.95126927251095,1,1795225,0.0,1.0,565.311100000007,0.2,3792.88,1798381,3871.5,3721.92,0,2025-10-01 05:05:00,2025-10-02 20:00:00,2025-10-02 16:31:00,2025-09-30 12:00:00,2335.0,11,25.360000000000127,52.5,-27.159999999999854,-0.3781148373983731,0.3221544715447179,0.6669207317073188,55.12519999999998,217.37066246056665,MA18_exit,5,2,Asia,4
1800085,1803336,1,3891.58,4022.84,3837.78,4022.94,0.01,129.52320000000023,-1.7368000000000001,145.20000000000027,8.329999999999927,1803299,5,7878,7876,53.79999999999973,717.5691000000073,0.332,26.312272727272703,35.89263555140774,5,1799842,1.0,1.0,579.7159000000072,0.2,4022.94,1800091,3891.48,3837.78,0,2025-10-06 01:04:00,2025-10-08 09:17:00,2025-10-08 08:40:00,2025-10-03 20:00:00,3373.0,15,145.20000000000027,8.329999999999927,131.26000000000022,2.407494423791838,2.698884758364331,0.15483271375464627,15.676800000000043,10.796694214876043,SL_trailing,1,0,Asia,1
1808443,1812328,1,4117.1,4278.37,3943.79,4278.47,0.01,157.79639999999952,-3.4736000000000002,181.29999999999927,27.300000000000182,1812290,5,7914,7912,173.3100000000004,875.3655000000068,0.36,35.829090909090944,49.92375974817696,5,1808116,1.0,1.0,690.2691000000071,0.2,4278.47,1808881,4117.0,3943.79,0,2025-10-14 02:28:00,2025-10-16 21:15:00,2025-10-16 20:37:00,2025-10-13 20:00:00,4007.0,18,181.29999999999927,27.300000000000182,161.26999999999953,0.9104864116323302,1.0461023599330612,0.1575212047775669,23.50359999999975,12.963927192498536,SL_trailing,2,1,Asia,1
1812912,1813632,1,4377.1,4204.44,4089.8,4089.8,0.01,-172.66000000000076,0.0,1.3599999999996726,177.03999999999996,1812912,8,7934,7933,287.3000000000002,702.705500000006,0.39,42.84727272727276,72.88327294206991,1,1812912,0.0,1.0,698.3255000000069,0.2,4089.8,1813628,4377.0,4089.8,0,2025-10-17 08:00:00,2025-10-17 20:00:00,2025-10-17 08:00:00,2025-10-17 08:00:00,720.0,4,1.3599999999996726,177.03999999999996,-172.66000000000076,-0.6009745910198422,0.004733727810649745,0.6162199791159062,174.02000000000044,12795.58823529723,MA18_exit,8,4,London,0
1815100,1815910,1,4355.4400000000005,4273.74,4185.42,4185.42,0.01,-82.56840000000072,-0.8684000000000001,25.859999999999673,111.36000000000058,1815190,8,7943,7942,170.02000000000044,620.1371000000054,0.38200000000000006,53.49545454545453,39.52955655083206,1,1815011,0.0,1.0,591.3455000000055,0.2,4185.42,1815864,4355.34,4185.42,0,2025-10-20 21:29:00,2025-10-21 12:00:00,2025-10-20 22:59:00,2025-10-20 20:00:00,871.0,5,25.859999999999673,111.36000000000058,-81.70000000000073,-0.48563933654864433,0.15209975297023648,0.6549817668509604,108.4284000000004,419.290023201863,MA18_exit,21,0,NewYork,0
1825630,1828925,1,4000.7,3987.1,3915.06,3915.06,0.01,-16.20519999999991,-2.6052,42.14000000000033,38.379999999999654,1826103,8,7990,7989,85.63999999999987,603.9319000000055,0.344,47.20363636363636,19.90706250672696,1,1825626,0.0,1.0,581.7571000000057,0.2,3915.06,1827446,4000.6,3915.06,0,2025-10-30 16:04:00,2025-11-04 04:00:00,2025-10-31 01:57:00,2025-10-30 16:00:00,6476.0,16,42.14000000000033,38.379999999999654,-13.599999999999909,-0.18922466137318933,0.49205978514713206,0.4481550677253586,58.34520000000023,138.45562411010863,MA18_exit,16,3,London/NY,0
1837059,1840437,1,4143.06,4169.0,3983.86,4143.16,0.01,22.4663999999996,-3.4736000000000002,101.85999999999967,44.400000000000546,1839237,8,8040,8038,159.20000000000027,626.3983000000051,0.332,27.49499999999995,60.96922325529199,2,1836780,1.0,1.0,559.531900000005,0.2,4143.16,1837412,4142.96,3983.86,0,2025-11-12 01:40:00,2025-11-14 12:00:00,2025-11-13 14:59:00,2025-11-11 20:00:00,3500.0,16,101.85999999999967,44.400000000000546,25.9399999999996,0.14112060301507262,0.639824120603012,0.278894472361812,79.39360000000008,77.94384449244093,MA18_exit,1,2,Asia,1
1850970,1856681,1,4150.76,4191.589999999999,4109.42,4150.86,0.01,35.61959999999902,-5.210400000000001,113.61999999999989,15.079999999999927,1855524,8,8100,8099,41.340000000000146,662.017900000004,0.39799999999999996,36.75818181818183,35.97799001193393,2,1850809,1.0,1.0,611.3183000000051,0.2,4150.86,1851769,4150.66,4109.42,0,2025-11-26 03:41:00,2025-12-02 12:00:00,2025-12-01 15:42:00,2025-11-26 01:00:00,9139.0,28,113.61999999999989,15.079999999999927,40.82999999999902,0.8616255442670269,2.7484276729559625,0.36477987421383345,78.00040000000087,68.65023763422015,MA18_exit,3,2,Asia,0
1866579,1867985,1,4240.660000000001,4341.259999999999,4181.56,4341.36,0.01,99.73159999999855,-0.8684000000000001,112.65999999999894,14.6800000000012,1867978,5,8170,8167,59.100000000000364,761.7495000000026,0.344,22.15272727272734,13.308087758744804,5,1866062,1.0,1.0,647.3379000000028,0.2,4341.36,1866603,4240.56,4181.56,0,2025-12-11 16:37:00,2025-12-12 17:04:00,2025-12-12 16:57:00,2025-12-11 08:00:00,1467.0,7,112.65999999999894,14.6800000000012,100.59999999999854,1.6875059221657858,1.9062605752960786,0.24839255499155855,12.928400000000394,11.475590271614163,SL_trailing,16,3,London/NY,2
1873566,1876816,1,4348.780000000001,4472.73,4306.3,4472.83,0.01,121.34479999999891,-2.6052,137.65999999999894,40.0600000000004,1876805,5,8200,8194,42.48000000000047,883.0943000000016,0.344,26.5318181818183,30.14157643554641,5,1872298,1.0,1.0,721.6895000000022,0.2,4472.83,1874069,4348.68,4271.12,0,2025-12-18 18:10:00,2025-12-23 03:23:00,2025-12-23 03:12:00,2025-12-17 20:00:00,6313.0,15,137.65999999999894,40.0600000000004,123.94999999999891,2.8565160075328992,3.2405838041430655,0.9430320150659123,16.315200000000033,11.851808804300564,SL_trailing,18,3,NewYork,5
1877532,1880693,1,4497.4400000000005,4497.44,4319.53,4497.54,0.01,-4.34200000000091,-4.3420000000000005,52.279999999999745,67.46000000000095,1880260,2,8217,8215,177.91000000000076,878.7523000000007,0.344,25.89772727272719,64.08710618564494,2,1877093,1.0,1.0,815.6343000000006,0.2,4497.54,1877636,4497.34,4319.53,0,2025-12-23 15:19:00,2025-12-29 02:22:00,2025-12-26 18:08:00,2025-12-23 08:00:00,7863.0,16,52.279999999999745,67.46000000000095,-9.094947017729282e-13,-0.024405598336242434,0.2938564442695718,0.3791804845146459,56.622000000000654,108.30527926549527,SL_breakeven,15,1,London/NY,1
1886548,1890444,1,4414.4400000000005,4447.96,4309.62,4309.62,0.01,29.17799999999953,-4.3420000000000005,85.90999999999985,18.400000000000546,1888912,8,8258,8257,104.82000000000062,907.9303000000002,0.52,45.90227272727279,18.732156738824457,1,1886547,0.0,1.0,860.3523000000001,0.2,4309.62,1886997,4414.34,4309.62,0,2026-01-05 08:01:00,2026-01-08 04:00:00,2026-01-07 01:27:00,2026-01-05 08:00:00,4079.0,18,85.90999999999985,18.400000000000546,33.51999999999953,0.27836290784200873,0.8195954970425429,0.17553901927113563,56.732000000000326,66.03654987777956,MA18_exit,8,0,London,0
1893022,1897339,1,4520.950000000001,4599.65,4407.48,4521.05,0.01,74.35799999999891,-4.3420000000000005,121.74999999999909,9.050000000001091,1896982,8,8286,8284,113.47000000000116,982.2882999999991,0.55,30.55590909090903,30.87174997432313,2,1892783,1.0,1.0,898.8802999999991,0.2,4521.05,1893023,4516.9,4407.48,0,2026-01-12 01:00:00,2026-01-15 04:00:00,2026-01-14 21:02:00,2026-01-09 20:00:00,4500.0,20,121.74999999999909,9.050000000001091,78.69999999999891,0.6553097735084,1.0729708292940676,0.07975676390236185,47.39200000000018,38.9256673511298,MA18_exit,1,0,Asia,1
1902286,1903770,1,4762.3,4762.299999999999,4659.24,4762.4,0.01,-0.8684000000009096,-0.8684000000000001,125.77999999999975,15.25,1902971,2,8327,8326,103.0600000000004,981.4198999999983,0.51,31.99318181818171,32.92863835143123,2,1902285,1.0,1.0,967.0382999999991,0.2,4762.4,1902429,4762.2,4659.24,0,2026-01-20 20:01:00,2026-01-21 21:46:00,2026-01-21 08:27:00,2026-01-20 20:00:00,1545.0,7,125.77999999999975,15.25,-9.094947017729282e-13,-0.008426159518735748,1.2204541044051938,0.1479720551135255,126.64840000000065,100.69041183018041,SL_breakeven,20,1,NewYork,0
1904890,1906953,1,4853.9800000000005,5069.87,4755.34,5069.97,0.01,214.15319999999943,-1.7368000000000001,238.79999999999927,3.780000000000655,1906872,5,8338,8333,98.64000000000033,1195.5730999999978,0.51,42.10227272727277,38.351134892637795,5,1903903,1.0,1.0,977.6398999999977,0.2,5069.97,1904891,4853.88,4659.24,0,2026-01-22 17:27:00,2026-01-26 05:52:00,2026-01-26 04:31:00,2026-01-22 01:00:00,5065.0,10,238.79999999999927,3.780000000000655,215.88999999999942,2.171058394160571,2.4209245742092302,0.03832116788321819,24.646799999999843,10.321105527638156,SL_trailing,17,3,NewYork,4
1907125,1907864,1,5092.88,5042.78,4899.54,4899.54,0.01,-50.100000000000364,0.0,18.0,55.340000000000146,1907132,15,8348,8347,386.6800000000003,1145.4730999999974,0.52,51.8736363636365,53.710496927349546,1,1907081,0.0,1.0,1195.5730999999978,0.2,4899.54,1907864,5092.78,4899.54,1,2026-01-26 08:44:00,2026-01-26 21:03:00,2026-01-26 08:51:00,2026-01-26 08:00:00,739.0,4,18.0,55.340000000000146,-50.100000000000364,-0.1295644977759396,0.04655011896141509,0.143115754629151,68.10000000000036,378.33333333333536,partial_loss,8,0,London,0
1907125,1910837,1,5092.88,5550.2,4899.54,5550.3,0.01,452.9779999999997,-4.3420000000000005,483.3599999999997,103.07999999999993,1910836,5,8348,8347,386.6800000000003,1598.451099999997,0.52,51.8736363636365,53.710496927349546,5,1907081,1.0,1.0,1042.3930999999975,0.2,5550.3,1908017,5092.78,4899.54,0,2026-01-26 08:44:00,2026-01-29 01:39:00,2026-01-29 01:38:00,2026-01-26 08:00:00,3895.0,17,483.35999999999973,103.07999999999993,457.3199999999997,1.1714544326057705,1.250025861177199,0.26657701458570354,30.382000000000005,6.285584243627943,SL_trailing,8,0,London,0
1923900,1924070,1,5078.58,5028.48,4998.69,4998.69,0.01,-50.100000000000364,0.0,40.23000000000047,60.57999999999993,1923980,15,8421,8416,239.67000000000098,1548.3510999999967,0.51,66.57636363636352,24.224396862593462,1,1922961,0.0,1.0,1598.451099999997,0.2,4998.69,1924070,5078.48,4985.75,2,2026-02-11 12:40:00,2026-02-11 15:30:00,2026-02-11 14:00:00,2026-02-10 20:00:00,170.0,1,40.23000000000047,60.57999999999993,-50.100000000000364,-0.20903742646138507,0.16785580172737644,0.2527642174656806,90.33000000000084,224.53392990305687,partial_loss,12,2,London,4
1923900,1925612,1,5078.58,4998.589999999999,4998.69,4998.69,0.019999999999999997,-165.19040000000135,-5.210399999999999,40.23000000000047,95.5,1923980,1,8421,8416,239.67000000000098,1383.1606999999954,0.51,66.57636363636352,24.224396862593462,1,1922961,0.0,1.0,1357.3510999999967,0.2,4998.69,1925612,5078.48,4985.75,0,2026-02-11 12:40:00,2026-02-12 18:13:00,2026-02-11 14:00:00,2026-02-10 20:00:00,1773.0,8,80.46000000000093,190.99999999999997,-159.98000000000135,-0.6892410397630102,0.3357116034547528,0.7969291108607635,245.65040000000226,305.3074819786222,SL_initial,12,2,London,4
1931776,1933655,1,5010.910000000001,5060.81,4840.1,4840.1,0.01,49.899999999999636,0.0,52.789999999999054,48.27000000000044,1933655,14,8456,8452,341.6200000000008,1433.060699999995,0.52,49.165000000000006,30.731186684503122,1,1931076,0.0,1.0,1383.1606999999954,0.2,4840.1,1932249,5010.81,4840.1,1,2026-02-19 08:41:00,2026-02-20 17:01:00,2026-02-20 17:01:00,2026-02-18 20:00:00,1940.0,9,52.789999999999054,48.27000000000044,49.899999999999636,0.14606873133891318,0.15452842339441172,0.14129734793044998,2.889999999999418,5.474521689712956,partial_close,8,3,London,3
1931776,1938209,1,5010.910000000001,5157.799999999999,4840.1,5011.01,0.01,139.9427999999985,-6.9472000000000005,238.66999999999916,48.27000000000044,1935467,8,8456,8452,341.6200000000008,1573.0034999999934,0.52,49.165000000000006,30.731186684503122,2,1931076,1.0,1.0,1384.7906999999946,0.2,5011.01,1932249,5010.81,4840.1,0,2026-02-19 08:41:00,2026-02-26 01:00:00,2026-02-24 01:15:00,2026-02-18 20:00:00,9619.0,29,238.66999999999916,48.27000000000044,146.8899999999985,0.40964463438908194,0.6986417657045799,0.14129734793044998,98.72720000000066,41.365567520007126,MA18_exit,8,3,London,3
1940869,1940967,1,5257.5,5372.099999999999,5129.5,5129.5,0.01,114.59999999999945,0.0,120.88000000000011,3.199999999999818,1940967,14,8495,8494,384.0,1687.603499999993,0.51,44.034090909091034,18.37630374405437,1,1940728,0.0,1.0,1573.0034999999934,0.2,5129.5,1940886,5257.4,5129.5,2,2026-02-27 22:21:00,2026-03-02 01:00:00,2026-03-02 01:00:00,2026-02-27 20:00:00,3039.0,2,120.88000000000011,3.199999999999818,114.59999999999945,0.2984374999999986,0.31479166666666697,0.00833333333333286,6.280000000000655,5.1952349437464,partial_close,22,4,Sydney,0
1940869,1942970,1,5257.5,5257.5,5129.5,5257.6,0.019999999999999997,-4.342,-4.342,161.3800000000001,11.899999999999636,1941466,2,8495,8494,384.0,1683.2614999999928,0.51,44.034090909091034,18.37630374405437,2,1940728,1.0,1.0,1663.8034999999936,0.2,5257.6,1942970,5257.4,5129.5,0,2026-02-27 22:21:00,2026-03-03 11:25:00,2026-03-02 09:20:00,2026-02-27 20:00:00,5104.0,10,322.76000000000016,23.79999999999927,0.0,-0.011307291666666665,0.8405208333333337,0.06197916666666476,327.10200000000015,101.345272028752,SL_breakeven,22,4,Sydney,0
1957794,1957880,-1,4973.4,4923.5,5044.35,5044.35,0.01,49.899999999999636,0.0,50.98999999999978,7.630000000001019,1957880,14,8571,8566,212.85000000000218,1733.1614999999924,0.51,42.78227272727277,40.059988264177264,1,1956919,0.0,1.0,1683.2614999999928,0.2,5044.35,1957794,4973.5,5044.35,2,2026-03-18 12:35:00,2026-03-18 14:01:00,2026-03-18 14:01:00,2026-03-17 20:00:00,86.0,1,50.98999999999978,7.630000000001019,49.899999999999636,0.2344373972280908,0.23955837444209188,0.03584684049800771,1.0900000000001455,2.1376740537363212,partial_close,12,2,London,4
1957794,1958905,-1,4973.4,4773.780000000001,5044.35,4773.68,0.019999999999999997,400.42739999999793,1.1873999999999998,225.3799999999992,7.630000000001019,1958892,5,8571,8566,212.85000000000218,2133.58889999999,0.51,42.78227272727277,40.059988264177264,5,1956919,1.0,1.0,1717.9014999999902,0.2,4773.68,1957794,4973.5,5044.35,0,2026-03-18 12:35:00,2026-03-19 09:06:00,2026-03-19 08:53:00,2026-03-17 20:00:00,1231.0,6,450.75999999999834,15.260000000002035,399.2399999999979,1.8812656800563488,2.117735494479651,0.0716936809960154,50.33260000000041,11.166163812228369,SL_trailing,12,2,London,4
1959099,1959202,-1,4686.54,4636.64,5016.06,5016.06,0.02,99.79999999999927,0.0,58.80000000000018,14.430000000000291,1959202,14,8577,8576,1318.0800000000017,2233.3888999999895,0.51,53.02590909090916,51.62305599135496,1,1959079,0.0,1.0,2133.58889999999,0.2,5016.06,1959112,4686.64,5016.06,3,2026-03-19 12:20:00,2026-03-19 14:03:00,2026-03-19 14:03:00,2026-03-19 12:00:00,103.0,1,117.60000000000036,28.860000000000582,99.79999999999927,0.07571619325078838,0.08922068463219243,0.021895484340859844,17.80000000000109,15.13605442176959,partial_close,12,3,London,0
1959099,1959901,-1,4686.54,4686.54,5016.06,4686.44,0.02,0.3958,0.3958,183.92000000000007,14.430000000000291,1959261,2,8577,8576,1318.0800000000017,2233.7846999999892,0.51,53.02590909090916,51.62305599135496,2,1959079,1.0,1.0,2204.528899999989,0.2,4686.44,1959112,4686.64,5016.06,0,2026-03-19 12:20:00,2026-03-20 03:42:00,2026-03-19 15:02:00,2026-03-19 12:00:00,922.0,4,367.84000000000015,28.860000000000582,0.0,0.00030028526341344943,0.2790725904345712,0.021895484340859844,367.44420000000014,99.8923988690735,SL_breakeven,12,3,London,0
1960639,1960663,-1,4612.5199999999995,4562.62,4735.84,4735.84,0.02,99.79999999999927,0.0,51.779999999999745,10.410000000000764,1960663,14,8584,8583,493.2800000000025,2333.5846999999885,0.51,66.58090909090912,42.77571394118788,1,1960639,0.0,1.0,2233.7846999999892,0.2,4735.84,1960646,4612.62,4735.84,3,2026-03-20 16:00:00,2026-03-20 16:24:00,2026-03-20 16:24:00,2026-03-20 16:00:00,24.0,1,103.55999999999949,20.820000000001528,99.79999999999927,0.20231916963995858,0.20994161530976113,0.04220726565034346,3.7600000000002183,3.630745461568402,partial_close,16,4,London/NY,0
1960639,1961494,-1,4612.5199999999995,4310.31,4735.84,4310.21,0.02,604.8157999999983,0.3958,342.03999999999905,10.410000000000764,1961486,5,8584,8583,493.2800000000025,2938.400499999987,0.51,66.58090909090912,42.77571394118788,5,1960639,1.0,1.0,2312.764699999987,0.2,4310.21,1960646,4612.62,4735.84,0,2026-03-20 16:00:00,2026-03-23 08:15:00,2026-03-23 08:07:00,2026-03-20 16:00:00,3855.0,5,684.0799999999981,20.820000000001528,604.4199999999983,1.2261105254622024,1.3867985728186722,0.04220726565034346,79.26419999999985,11.586978131212733,SL_trailing,16,4,London/NY,0
1966060,1966273,-1,4416.24,4366.34,4602.12,4602.12,0.02,99.79999999999927,0.0,52.25,5.720000000000255,1966273,14,8608,8607,929.4000000000005,3038.2004999999863,0.51,102.10863636363617,25.815015925392387,1,1965919,0.0,1.0,2938.400499999987,0.2,4602.12,1966060,4416.34,4602.12,4,2026-03-26 18:21:00,2026-03-26 21:54:00,2026-03-26 21:54:00,2026-03-26 16:00:00,213.0,2,104.5,11.44000000000051,99.79999999999927,0.10738110608994966,0.11243813212825472,0.01230901656983054,4.700000000000728,4.497607655503089,partial_close,18,3,NewYork,0
1966060,1966734,-1,4416.24,4466.34,4602.12,4602.12,0.01,-50.100000000000364,0.0,64.72999999999956,50.58000000000084,1966285,15,8608,8607,929.4000000000005,2988.100499999986,0.51,102.10863636363617,25.815015925392387,1,1965919,0.0,1.0,3038.2004999999863,0.2,4602.12,1966734,4416.34,4602.12,4,2026-03-26 18:21:00,2026-03-27 07:35:00,2026-03-26 22:06:00,2026-03-26 16:00:00,794.0,4,64.72999999999956,50.58000000000084,-50.100000000000364,-0.05390574564235026,0.06964708414030506,0.054422207876049934,114.82999999999993,177.39842422369952,partial_loss,18,3,NewYork,0
1966060,1967479,-1,4416.24,4486.990000000001,4602.12,4602.12,0.020000000000000004,-140.90630000000183,0.5937,64.72999999999956,139.23000000000047,1966285,8,8608,8607,929.4000000000005,2847.194199999984,0.51,102.10863636363617,25.815015925392387,1,1965919,0.0,1.0,2709.640499999985,0.2,4602.12,1967322,4416.34,4602.12,0,2026-03-26 18:21:00,2026-03-27 20:00:00,2026-03-26 22:06:00,2026-03-26 16:00:00,1539.0,8,129.45999999999916,278.460000000001,-141.50000000000185,-0.15160996341726032,0.13929416828061017,0.29961265332472653,270.366300000001,208.84157268654624,MA18_exit,18,3,NewYork,0
1974325,1975212,-1,4651.45,4683.130000000001,4699.64,4699.64,0.05,-157.410500000006,0.9895,34.909999999998945,39.48000000000047,1974788,8,8645,8644,240.95000000000255,2689.783699999978,0.51,67.49499999999993,24.021594860783857,1,1974313,0.0,1.0,2649.7941999999816,0.2,4699.64,1975175,4651.55,4699.64,0,2026-04-06 20:12:00,2026-04-07 12:00:00,2026-04-07 04:56:00,2026-04-06 20:00:00,948.0,5,174.54999999999472,197.40000000000236,-158.400000000006,-0.6532911392405244,0.7244241543888478,0.81925710728367,331.9605000000007,190.18075050129517,MA18_exit,20,0,NewYork,0
1991161,1992284,-1,4723.589999999999,4673.69,4772.16,4772.16,0.02,99.79999999999927,0.0,50.13999999999942,30.520000000000437,1992284,14,8718,8716,242.8500000000031,2789.5836999999774,0.54,38.76136363636363,17.996133386626184,1,1990861,0.0,1.0,2689.783699999978,0.2,4772.16,1991272,4723.69,4772.16,4,2026-04-23 02:01:00,2026-04-23 20:44:00,2026-04-23 20:44:00,2026-04-22 20:00:00,1123.0,6,100.27999999999884,61.04000000000087,99.79999999999927,0.4109532633312662,0.41292979205269736,0.25134856907556147,0.47999999999956344,0.4786597526920313,partial_close,2,3,Asia,1
1991161,1993619,-1,4723.589999999999,4727.27,4772.16,4772.16,0.030000000000000002,-10.446300000003601,0.5937,65.58999999999924,30.520000000000437,1992870,8,8718,8716,242.8500000000031,2779.1373999999737,0.54,38.76136363636363,17.996133386626184,1,1990861,0.0,1.0,2698.023699999976,0.2,4772.16,1991272,4723.69,4772.16,0,2026-04-23 02:01:00,2026-04-24 20:00:00,2026-04-24 07:31:00,2026-04-22 20:00:00,2519.0,12,196.76999999999774,91.56000000000132,-11.040000000003602,-0.04301544163065048,0.810253242742414,0.3770228536133422,207.21630000000133,105.30888855008574,MA18_exit,2,3,Asia,1
1995477,1995843,-1,4666.96,4617.06,4740.0,4740.0,0.02,99.79999999999927,0.0,50.60999999999967,13.180000000000291,1995843,14,8737,8734,365.1999999999998,2878.937399999973,0.52,35.79318181818181,23.866432991105018,1,1994998,0.0,1.0,2779.1373999999737,0.2,4740.0,1995494,4667.06,4740.0,4,2026-04-28 05:00:00,2026-04-28 11:06:00,2026-04-28 11:06:00,2026-04-27 20:00:00,366.0,2,101.21999999999935,26.360000000000582,99.79999999999927,0.27327491785322927,0.27716319824753394,0.07217962760131598,1.4200000000000728,1.4028848053745129,partial_close,5,1,Asia,2
1995477,1998655,-1,4666.96,4616.77,4740.0,4666.86,0.030000000000000002,152.9447999999988,2.3748,156.5699999999997,13.180000000000291,1997561,8,8737,8734,365.1999999999998,3031.882199999972,0.52,35.79318181818181,23.866432991105018,2,1994998,1.0,1.0,2839.397399999972,0.2,4666.86,1995494,4667.06,4740.0,0,2026-04-28 05:00:00,2026-04-30 12:00:00,2026-04-29 16:45:00,2026-04-27 20:00:00,3300.0,15,469.7099999999992,39.54000000000087,150.5699999999988,0.4187973713033923,1.2861719605695494,0.10826944140197396,316.7652000000004,67.43846202976324,MA18_exit,5,1,Asia,2
2001794,2003037,-1,4525.75,4575.85,4660.06,4660.06,0.03,-150.3000000000011,0.0,24.579999999999927,51.13000000000011,2001843,15,8764,8763,805.8600000000024,2881.5821999999707,0.51,41.02045454545458,21.618029607709406,1,2001653,0.0,1.0,3031.882199999972,0.2,4660.06,2003037,4525.85,4660.06,5,2026-05-04 18:21:00,2026-05-05 16:05:00,2026-05-04 19:10:00,2026-05-04 16:00:00,1304.0,7,73.73999999999978,153.39000000000033,-150.3000000000011,-0.18650882287246004,0.0915047278683637,0.1903432357977811,224.04000000000087,303.8242473555757,partial_loss,18,0,NewYork,0
2001794,2003691,-1,4525.75,4619.06,4660.06,4660.06,0.03,-278.1489000000012,1.7811,24.579999999999927,94.57999999999993,2001843,8,8764,8763,805.8600000000024,2603.4332999999697,0.51,41.02045454545458,21.618029607709406,1,2001653,0.0,1.0,2597.842199999971,0.2,4660.06,2003690,4525.85,4660.06,0,2026-05-04 18:21:00,2026-05-06 04:00:00,2026-05-04 19:10:00,2026-05-04 16:00:00,2019.0,10,73.73999999999978,283.7399999999998,-279.9300000000012,-0.34515784379420794,0.0915047278683637,0.3520958975504417,351.888900000001,477.2021969080581,MA18_exit,18,0,NewYork,0
2007199,2007648,1,4734.450000000001,4681.16,4675.65,4675.65,0.02,-106.58000000000175,0.0,14.789999999999054,56.11000000000058,2007229,15,8788,8786,294.00000000000546,2496.853299999968,0.51,37.52863636363641,42.59575728592268,1,2006929,0.0,1.0,2603.4332999999697,0.2,4675.65,2007648,4734.35,4675.65,4,2026-05-08 16:30:00,2026-05-11 01:00:00,2026-05-08 17:00:00,2026-05-08 12:00:00,3390.0,3,29.57999999999811,112.22000000000116,-106.58000000000175,-0.3625170068027203,0.10061224489795088,0.38170068027210574,136.15999999999985,460.3110209601371,partial_loss,16,4,London/NY,1
2007199,2007788,1,4734.450000000001,4675.549999999999,4675.65,4675.65,0.030000000000000002,-181.04200000000438,-4.3420000000000005,14.789999999999054,58.80000000000109,2007229,1,8788,8786,294.00000000000546,2315.8112999999635,0.51,37.52863636363641,42.59575728592268,1,2006929,0.0,1.0,2320.4532999999647,0.2,4675.65,2007788,4734.35,4675.65,0,2026-05-08 16:30:00,2026-05-11 03:20:00,2026-05-08 17:00:00,2026-05-08 12:00:00,3530.0,3,44.36999999999716,176.40000000000327,-176.70000000000437,-0.6157891156462619,0.15091836734692632,0.6,225.41200000000154,508.02794681094423,SL_initial,16,4,London/NY,1
2013585,2013781,-1,4604.0199999999995,4554.12,4718.57,4718.57,0.02,99.79999999999927,0.0,50.66999999999916,1.270000000001346,2013781,14,8816,8815,458.2000000000007,2415.6112999999627,0.52,35.84363636363646,38.86745334104555,1,2013584,0.0,1.0,2315.8112999999635,0.2,4718.57,2013585,4604.12,4718.57,3,2026-05-15 08:01:00,2026-05-15 11:17:00,2026-05-15 11:17:00,2026-05-15 08:00:00,196.0,1,101.33999999999833,2.540000000002692,99.79999999999927,0.21780881711043018,0.22116979484940674,0.005543430816243317,1.5399999999990541,1.51963686599475,partial_close,8,4,London,0
2013585,2018441,-1,4604.0199999999995,4534.880000000001,4718.57,4603.92,0.02,139.467399999997,1.1874,150.34999999999945,1.270000000001346,2017609,8,8816,8815,458.2000000000007,2555.0786999999596,0.52,35.84363636363646,38.86745334104555,2,2013584,1.0,1.0,2413.07129999996,0.2,4603.92,2013585,4604.12,4718.57,0,2026-05-15 08:01:00,2026-05-20 20:00:00,2026-05-20 06:08:00,2026-05-15 08:00:00,7919.0,22,300.6999999999989,2.540000000002692,138.27999999999702,0.3043810563072824,0.6562636403317295,0.005543430816243317,161.2326000000019,53.619088792817585,MA18_exit,8,4,London,0
2023341,2024803,-1,4519.71,4469.81,4580.23,4580.23,0.02,99.79999999999927,0.0,57.399999999999636,21.18000000000029,2024803,14,8859,8858,302.59999999999764,2654.878699999959,0.51,28.95681818181819,19.314909314865474,1,2023327,0.0,1.0,2555.0786999999596,0.2,4580.23,2023437,4519.81,4580.23,4,2026-05-26 12:14:00,2026-05-27 13:39:00,2026-05-27 13:39:00,2026-05-26 12:00:00,1525.0,7,114.79999999999927,42.36000000000058,99.79999999999927,0.3298083278255124,0.3793787177792471,0.13998678122934868,15.0,13.066202090592418,partial_close,12,1,London,0
2023341,2025873,-1,4519.71,4381.150000000001,4580.23,4381.05,0.030000000000000002,418.45059999999853,2.7706,153.13999999999942,21.18000000000029,2025803,5,8859,8858,302.59999999999764,3073.3292999999576,0.51,28.95681818181819,19.314909314865474,5,2023327,1.0,1.0,2591.3386999999584,0.2,4381.05,2023437,4519.81,4580.23,0,2026-05-26 12:14:00,2026-05-28 08:30:00,2026-05-28 07:20:00,2026-05-26 12:00:00,2656.0,12,459.4199999999983,63.54000000000088,415.67999999999853,1.382850627891612,1.5182419035029806,0.20998017184402307,40.96939999999978,8.917635279265145,SL_trailing,12,1,London,0
2031389,2032738,-1,4462.879999999999,4481.470000000001,4541.38,4541.38,0.06,-107.97780000001178,3.5622,38.63999999999942,21.480000000001382,2032334,8,8894,8893,471.00000000000546,2965.3514999999456,0.52,34.26636363636374,24.10662091797544,1,2031359,0.0,1.0,2944.4492999999493,0.2,4541.38,2032721,4462.98,4541.38,0,2026-06-03 08:30:00,2026-06-04 08:00:00,2026-06-04 01:16:00,2026-06-03 08:00:00,1410.0,7,231.8399999999965,128.8800000000083,-111.54000000001179,-0.2292522292993854,0.4922292993630442,0.2736305732484221,339.8178000000083,146.5742753623246,MA18_exit,8,2,London,0
2034192,2034644,-1,4434.879999999999,4384.98,4515.18,4515.18,0.02,99.79999999999927,0.0,51.1299999999992,41.280000000000655,2034644,14,8906,8905,401.50000000000546,3065.151499999945,0.51,33.47318181818202,25.263853498892495,1,2034117,0.0,1.0,2965.3514999999456,0.2,4515.18,2034557,4434.98,4515.18,4,2026-06-05 09:15:00,2026-06-05 16:47:00,2026-06-05 16:47:00,2026-06-05 08:00:00,452.0,3,102.2599999999984,82.56000000000131,99.79999999999927,0.24856787048567353,0.2546948941469415,0.2056288916562894,2.459999999999127,2.405632700957525,partial_close,9,4,London,0
2034192,2037520,-1,4434.879999999999,4280.75,4515.18,4280.65,0.030000000000000002,463.5773999999977,1.1874,171.5099999999993,41.280000000000655,2037513,5,8906,8905,401.50000000000546,3528.7288999999428,0.51,33.47318181818202,25.263853498892495,5,2034117,1.0,1.0,2941.311499999943,0.2,4280.65,2034557,4434.98,4515.18,0,2026-06-05 09:15:00,2026-06-09 18:45:00,2026-06-09 18:38:00,2026-06-05 08:00:00,6330.0,15,514.5299999999979,123.84000000000198,462.38999999999766,1.1546136986301154,1.2815193026151706,0.3084433374844341,50.952600000000245,9.902746195557198,SL_trailing,9,4,London,0
2037885,2038057,-1,4236.139999999999,4186.24,4346.62,4346.62,0.03,149.6999999999989,0.0,51.17999999999938,11.260000000000218,2038057,14,8922,8920,773.3600000000034,3678.4288999999417,0.55,43.66818181818185,35.19969703917319,1,2037595,0.0,1.0,3528.7288999999428,0.2,4346.62,2037899,4236.24,4346.62,6,2026-06-10 01:51:00,2026-06-10 04:43:00,2026-06-10 04:43:00,2026-06-09 20:00:00,172.0,2,153.53999999999814,33.780000000000655,149.6999999999989,0.1935709113478823,0.19853625737043223,0.04367952829212851,3.839999999999236,2.500976944118329,partial_close,1,2,Asia,1
2037885,2040592,-1,4236.139999999999,4212.150000000001,4346.62,4236.04,0.04000000000000001,99.1263999999955,3.1664000000000003,212.01999999999953,11.260000000000218,2039287,8,8922,8920,773.3600000000034,3777.5552999999372,0.55,43.66818181818185,35.19969703917319,2,2037595,1.0,1.0,3633.388899999941,0.2,4236.04,2037899,4236.24,4346.62,0,2026-06-10 01:51:00,2026-06-12 01:00:00,2026-06-11 02:14:00,2026-06-09 20:00:00,2829.0,13,848.0799999999982,45.04000000000088,95.9599999999955,0.12817626978379418,1.0966173580221301,0.05823937105617136,748.9536000000028,88.31166871049952,MA18_exit,1,2,Asia,1
2046574,2046884,-1,4306.549999999999,4256.65,4382.12,4382.12,0.03,149.6999999999989,0.0,50.05999999999949,4.210000000000946,2046884,14,8960,8959,528.9900000000043,3927.255299999936,0.52,40.597272727272745,17.88758710904392,1,2046528,0.0,1.0,3777.5552999999372,0.2,4382.12,2046574,4306.65,4382.12,6,2026-06-18 08:46:00,2026-06-18 13:56:00,2026-06-18 13:56:00,2026-06-18 08:00:00,310.0,2,150.17999999999847,12.630000000002838,149.6999999999989,0.28299211705324806,0.283899506606925,0.023875687631151315,0.47999999999956344,0.3196164602474153,partial_close,8,3,London,0
2046574,2050671,-1,4306.549999999999,4112.490000000001,4382.12,4112.39,0.04000000000000001,778.6147999999945,2.3748000000000005,215.4999999999991,4.210000000000946,2050612,5,8960,8959,528.9900000000043,4705.870099999931,0.52,40.597272727272745,17.88758710904392,5,2046528,1.0,1.0,3910.415299999933,0.2,4112.39,2046574,4306.65,4382.12,0,2026-06-18 08:46:00,2026-06-23 12:06:00,2026-06-23 11:07:00,2026-06-18 08:00:00,7400.0,19,861.9999999999965,16.840000000003787,776.2399999999944,1.471889449706021,1.6295204068129632,0.03183425017486843,83.38520000000199,9.673457076566395,SL_trailing,8,3,London,0
2051417,2051667,-1,4103.62,4053.72,4198.44,4198.44,0.04,199.60000000000036,0.0,51.159999999999854,8.86999999999989,2051667,14,8981,8978,853.3799999999974,4905.470099999931,0.55,41.71409090909099,35.05170347876088,1,2050905,0.0,1.0,4705.870099999931,0.2,4198.44,2051512,4103.72,4198.44,8,2026-06-24 01:33:00,2026-06-24 05:43:00,2026-06-24 05:43:00,2026-06-23 16:00:00,250.0,2,204.63999999999942,35.47999999999956,199.60000000000036,0.23389345895146474,0.23979938597107975,0.04157585132063052,5.039999999999054,2.462861610632852,partial_close,1,2,Asia,2
2051417,2055042,-1,4103.62,4059.9100000000003,4198.44,4103.52,0.049999999999999996,222.50799999999788,3.9579999999999993,144.40999999999985,8.86999999999989,2052588,8,8981,8978,853.3799999999974,5127.978099999929,0.55,41.71409090909099,35.05170347876088,2,2050905,1.0,1.0,4861.120099999932,0.2,4103.52,2051512,4103.72,4198.44,0,2026-06-24 01:33:00,2026-06-26 16:00:00,2026-06-24 21:04:00,2026-06-23 16:00:00,3747.0,17,722.0499999999992,44.34999999999945,218.54999999999788,0.26073730342871704,0.8461060723241713,0.05196981415078814,499.5420000000013,69.18385153382755,MA18_exit,1,2,Asia,2
2065551,2065652,-1,4091.7400000000002,4041.84,4168.2,4168.2,0.05,249.50000000000045,0.0,50.090000000000146,15.419999999999618,2065652,14,9042,9039,764.5999999999958,5377.478099999929,0.51,34.54636363636347,20.699025772115785,1,2064934,0.0,1.0,5127.978099999929,0.2,4168.2,2065551,4091.84,4168.2,9,2026-07-08 11:17:00,2026-07-08 12:58:00,2026-07-08 12:58:00,2026-07-08 01:00:00,101.0,2,250.45000000000073,77.09999999999809,249.50000000000045,0.32631441276484674,0.32755689249280945,0.10083703897462531,0.9500000000002728,0.37931722898792974,partial_close,11,2,London,2
2065551,2066183,-1,4091.7400000000002,4091.74,4168.2,4091.64,0.05,2.2737367544323206e-12,0.0,69.71000000000004,15.419999999999618,2065986,2,9042,9039,764.5999999999958,5377.478099999931,0.51,34.54636363636347,20.699025772115785,2,2064934,1.0,1.0,5300.378099999931,0.2,4091.64,2065551,4091.84,4168.2,0,2026-07-08 11:17:00,2026-07-08 21:49:00,2026-07-08 18:32:00,2026-07-08 01:00:00,632.0,4,348.5500000000002,77.09999999999809,2.2737367544323206e-12,2.9737598148474142e-15,0.4558592728223935,0.10083703897462531,348.5499999999979,99.99999999999935,SL_breakeven,11,2,London,2
2066622,2066855,-1,4059.28,4109.380000000001,4133.69,4133.69,0.05,-250.5000000000041,0.0,4.7800000000002,51.04999999999973,2066635,15,9047,9045,744.099999999994,5126.9780999999275,0.52,35.15318181818159,27.919379873664866,1,2066313,0.0,1.0,5377.478099999931,0.2,4133.69,2066855,4059.38,4133.69,9,2026-07-09 06:09:00,2026-07-09 10:02:00,2026-07-09 06:22:00,2026-07-09 01:00:00,233.0,2,23.900000000001,255.24999999999864,-250.5000000000041,-0.33664829995969103,0.03211933879855019,0.3430318505577217,274.4000000000051,1148.1171548116888,partial_loss,6,3,Asia,1
2066622,2067277,-1,4059.28,4133.79,4133.69,4133.69,0.05,-372.5499999999988,0.0,4.7800000000002,75.91999999999962,2066635,1,9047,9045,744.099999999994,4754.428099999928,0.52,35.15318181818159,27.919379873664866,1,2066313,0.0,1.0,4747.378099999929,0.2,4133.69,2067277,4059.38,4133.69,0,2026-07-09 06:09:00,2026-07-09 17:04:00,2026-07-09 06:22:00,2026-07-09 01:00:00,655.0,4,23.900000000001,379.5999999999981,-372.5499999999988,-0.5006719526945328,0.03211933879855019,0.5101464856874092,396.4499999999998,1658.786610878591,SL_initial,6,3,Asia,1
2069555,2070184,-1,4049.98,4000.08,4120.77,4120.77,0.04,199.60000000000036,0.0,56.66999999999962,31.070000000000164,2070184,14,9060,9059,637.1100000000038,4954.028099999929,0.51,37.46318181818182,24.975469691104067,1,2069491,0.0,1.0,4754.428099999928,0.2,4120.77,2069694,4050.08,4120.77,8,2026-07-13 09:04:00,2026-07-13 19:33:00,2026-07-13 19:33:00,2026-07-13 08:00:00,629.0,3,226.67999999999847,124.28000000000065,199.60000000000036,0.313289698796125,0.3557941328812876,0.19506835554299873,27.07999999999811,11.94635609669944,partial_close,9,0,London,0
2069555,2071323,-1,4049.98,4100.08,4120.77,4120.77,0.02,-100.19999999999982,0.0,66.16999999999962,51.309999999999945,2070577,15,9060,9059,637.1100000000038,4853.828099999929,0.51,37.46318181818182,24.975469691104067,1,2069491,0.0,1.0,4954.028099999929,0.2,4120.77,2071323,4050.08,4120.77,8,2026-07-13 09:04:00,2026-07-14 15:33:00,2026-07-14 03:07:00,2026-07-13 08:00:00,1829.0,8,132.33999999999924,102.61999999999989,-100.19999999999982,-0.15727268446578963,0.20771923215770974,0.16107108662554234,232.53999999999905,175.7140698201605,partial_loss,9,0,London,0
2069555,2071350,-1,4049.98,4076.51,4120.77,4120.77,0.029999999999999995,-78.60050000000058,0.9894999999999998,66.16999999999962,51.309999999999945,2070577,8,9060,9059,637.1100000000038,4775.227599999928,0.51,37.46318181818182,24.975469691104067,1,2069491,0.0,1.0,4699.898099999929,0.2,4120.77,2071323,4050.08,4120.77,0,2026-07-13 09:04:00,2026-07-14 16:00:00,2026-07-14 03:07:00,2026-07-13 08:00:00,1856.0,9,198.50999999999883,153.9299999999998,-79.59000000000059,-0.12337037560232945,0.31157884823656457,0.24160662993831347,277.11049999999943,139.59523449700322,MA18_exit,9,0,London,0
2072260,2072729,-1,4027.6800000000003,4068.71,4100.78,4100.78,0.09,-369.2699999999977,0.0,10.010000000000218,44.090000000000146,2072443,8,9072,9071,657.8999999999951,4405.957599999931,0.52,34.18863636363645,24.966592250449555,1,2072249,0.0,1.0,4378.417599999927,0.2,4100.78,2072727,4027.78,4100.78,0,2026-07-15 08:11:00,2026-07-15 16:00:00,2026-07-15 11:14:00,2026-07-15 08:00:00,469.0,3,90.09000000000196,396.8100000000013,-369.2699999999977,-0.561285909712723,0.1369357045143679,0.6031463748290079,459.3599999999997,509.8901098900985,MA18_exit,8,2,London,0
2074013,2074503,-1,4022.64,3972.74,4080.94,4080.94,0.04,199.60000000000036,0.0,52.26999999999953,20.93000000000029,2074503,14,9079,9078,466.40000000000146,4605.557599999931,0.51,36.10000000000007,18.79126404519765,1,2073868,0.0,1.0,4405.957599999931,0.2,4080.94,2074053,4022.74,4080.94,7,2026-07-16 14:25:00,2026-07-16 22:35:00,2026-07-16 22:35:00,2026-07-16 12:00:00,490.0,3,209.0799999999981,83.72000000000116,199.60000000000036,0.42795883361921044,0.4482847341337853,0.17950257289880125,9.479999999997744,4.534149607804587,partial_close,14,3,London/NY,0
2074013,2076386,-1,4022.64,4019.3399999999997,4080.94,4080.94,0.04,14.783200000000727,1.5832,62.649999999999636,20.93000000000029,2075488,8,9079,9078,466.40000000000146,4620.340799999932,0.51,36.10000000000007,18.79126404519765,1,2073868,0.0,1.0,4521.83759999993,0.2,4080.94,2074053,4022.74,4080.94,0,2026-07-16 14:25:00,2026-07-20 08:00:00,2026-07-17 16:01:00,2026-07-16 12:00:00,5375.0,12,250.59999999999854,83.72000000000116,13.200000000000728,0.03169639794168242,0.5373070325900466,0.17950257289880125,235.8167999999978,94.10087789305634,MA18_exit,14,3,London/NY,0
2081666,2082861,-1,4039.58,4089.68,4165.77,4165.77,0.04,-200.39999999999964,0.0,17.40000000000009,58.17000000000007,2081959,15,9113,9110,1135.7100000000046,4419.940799999932,0.52,28.476818181818132,39.699715819408254,1,2081243,0.0,1.0,4620.340799999932,0.2,4165.77,2082861,4039.68,4165.77,8,2026-07-24 04:04:00,2026-07-27 01:00:00,2026-07-24 08:57:00,2026-07-23 20:00:00,4136.0,6,69.60000000000036,232.6800000000003,-200.39999999999964,-0.17645349605092747,0.06128325012547224,0.2048762448160176,270.0,387.9310344827566,partial_loss,4,4,Asia,2
2081666,2083041,-1,4039.58,4100.85,4165.77,4165.77,0.049999999999999996,-304.5689000000022,1.7811,17.40000000000009,77.09999999999945,2081959,8,9113,9110,1135.7100000000046,4115.37189999993,0.52,28.476818181818132,39.699715819408254,1,2081243,0.0,1.0,4034.440799999935,0.2,4165.77,2082995,4039.68,4165.77,0,2026-07-24 04:04:00,2026-07-27 04:00:00,2026-07-24 08:57:00,2026-07-23 20:00:00,4316.0,7,87.00000000000044,385.4999999999972,-306.3500000000022,-0.26817488619453994,0.07660406265684029,0.33943524315185714,391.56890000000266,450.07919540229966,MA18_exit,4,4,Asia,2
2085803,2086819,-1,4011.2400000000002,4061.34,4116.15,4116.15,0.04,-200.39999999999964,0.0,15.070000000000164,73.92999999999984,2086592,15,9131,9128,839.2799999999952,3914.9718999999304,0.52,26.249090909090867,48.085280864147855,1,2085380,0.0,1.0,4115.37189999993,0.2,4116.15,2086819,4011.34,4116.15,7,2026-07-29 04:04:00,2026-07-29 21:00:00,2026-07-29 17:13:00,2026-07-28 20:00:00,1016.0,5,60.280000000000655,295.71999999999935,-200.39999999999964,-0.2387760937946821,0.0718234677342496,0.35234963301877925,260.6800000000003,432.4485733244815,partial_loss,4,2,Asia,2
2085803,2086880,-1,4011.2400000000002,4116.25,4116.15,4116.15,0.04,-420.03999999999905,0.0,15.070000000000164,105.0300000000002,2086592,1,9131,9128,839.2799999999952,3494.9318999999314,0.52,26.249090909090867,48.085280864147855,1,2085380,0.0,1.0,3494.8518999999296,0.2,4116.15,2086880,4011.34,4116.15,0,2026-07-29 04:04:00,2026-07-29 22:01:00,2026-07-29 17:13:00,2026-07-28 20:00:00,1077.0,5,60.280000000000655,420.1200000000008,-420.03999999999905,-0.5004765989896118,0.0718234677342496,0.500571918787536,480.3199999999997,796.8148639681395,SL_initial,4,2,Asia,2
2093737,2095907,1,4265.02,4314.92,4018.92,4018.92,0.03,149.6999999999989,0.0,51.55999999999949,41.79000000000087,2095907,14,9165,9164,1476.6000000000022,3644.6318999999303,0.51,34.040909090909075,33.51828207332163,1,2093654,0.0,1.0,3494.9318999999314,0.2,4018.92,2094998,4264.92,4018.92,5,2026-08-05 21:23:00,2026-08-07 11:35:00,2026-08-07 11:35:00,2026-08-05 20:00:00,2292.0,10,154.67999999999847,125.37000000000262,149.6999999999989,0.10138155221454605,0.10475416497358678,0.08490451036164326,4.979999999999563,3.2195500387895093,partial_close,21,2,NewYork,0
2093737,2100294,1,4265.02,4420.98,4018.92,4421.08,0.03,439.2227999999974,-28.6572,173.07999999999993,41.79000000000087,2100292,5,9165,9164,1476.6000000000022,4083.8546999999276,0.51,34.040909090909075,33.51828207332163,5,2093654,1.0,1.0,3519.2618999999277,0.2,4421.08,2094998,4264.92,4018.92,0,2026-08-05 21:23:00,2026-08-12 15:45:00,2026-08-12 15:43:00,2026-08-05 20:00:00,9742.0,29,519.2399999999998,125.37000000000262,467.8799999999974,0.29745550589191166,0.3516456724908567,0.08490451036164326,80.01720000000239,15.410446036515374,SL_trailing,21,2,NewYork,0
2100309,2101251,1,4438.200000000001,4388.1,4360.1,4360.1,0.04,-200.40000000000146,0.0,11.259999999999309,50.55000000000109,2100942,15,9194,9193,624.8000000000029,3883.454699999926,0.51,36.859545454545405,41.68397092815786,1,2100309,0.0,1.0,4083.8546999999276,0.2,4360.1,2101251,4438.1,4360.1,7,2026-08-12 16:00:00,2026-08-13 08:43:00,2026-08-13 03:34:00,2026-08-12 16:00:00,1003.0,5,45.039999999997235,202.20000000000437,-200.40000000000146,-0.3207426376440469,0.07208706786171099,0.32362355953905797,245.4399999999987,544.9378330373307,partial_loss,16,2,London/NY,0
2100309,2101448,1,4438.200000000001,4375.7,4360.1,4360.1,0.04,-270.8416000000036,-20.8416,11.259999999999309,74.30000000000109,2100942,8,9194,9193,624.8000000000029,3612.6130999999223,0.51,36.859545454545405,41.68397092815786,1,2100309,0.0,1.0,3586.2546999999213,0.2,4360.1,2101399,4438.1,4360.1,0,2026-08-12 16:00:00,2026-08-13 12:00:00,2026-08-13 03:34:00,2026-08-12 16:00:00,1200.0,6,45.039999999997235,297.20000000000437,-250.0000000000036,-0.43348527528809594,0.07208706786171099,0.4756722151088396,315.88160000000084,701.3357015986239,MA18_exit,16,2,London/NY,0
2104503,2105944,1,4416.33,4366.759999999999,4366.86,4366.86,0.07,-353.0688000000044,-6.078800000000001,19.56999999999971,52.970000000000255,2105111,1,9212,9209,346.29000000000184,3259.5442999999177,0.51,34.6913636363636,29.7416293671263,1,2103966,0.0,1.0,3241.8230999999205,0.2,4366.86,2105944,4416.23,4310.38,0,2026-08-17 16:57:00,2026-08-18 17:59:00,2026-08-18 04:06:00,2026-08-17 08:00:00,1502.0,7,136.98999999999796,370.79000000000184,-346.9900000000044,-1.0195755003032214,0.3955932888619285,1.0707499494643213,490.05880000000235,357.7332652018466,SL_initial,16,0,London/NY,2
2107445,2109537,1,4499.22,4549.12,4323.92,4323.92,0.03,149.6999999999989,0.0,52.61999999999989,48.86000000000058,2109537,14,9225,9224,1051.800000000001,3409.2442999999166,0.51,36.09045454545449,26.94527706776896,1,2107444,0.0,1.0,3259.5442999999177,0.2,4323.92,2108530,4499.12,4323.92,5,2026-08-19 20:01:00,2026-08-21 08:55:00,2026-08-21 08:55:00,2026-08-19 20:00:00,2214.0,10,157.85999999999967,146.58000000000175,149.6999999999989,0.1423274386765533,0.15008556759840228,0.13936109526526108,8.160000000000764,5.169137210186736,partial_close,20,2,NewYork,0
2107445,2111385,1,4499.22,4661.65,4323.92,4661.75,0.03,463.84319999999815,-23.4468,181.4399999999996,48.86000000000058,2111376,5,9225,9224,1051.800000000001,3873.0874999999146,0.51,36.09045454545449,26.94527706776896,5,2107444,1.0,1.0,3262.664299999915,0.2,4661.75,2108530,4499.12,4323.92,0,2026-08-19 20:01:00,2026-08-24 16:44:00,2026-08-24 16:35:00,2026-08-19 20:00:00,7003.0,18,544.3199999999988,146.58000000000175,487.28999999999814,0.44099942954934174,0.5175128351397588,0.13936109526526108,80.47680000000065,14.78483245149927,SL_trailing,20,2,NewYork,0
2111930,2112104,1,4680.76,4630.66,4450.36,4450.36,0.03,-150.3000000000011,0.0,15.88000000000011,50.30000000000018,2111982,15,9244,9242,1612.800000000004,3722.7874999999135,0.54,42.6213636363636,49.42248719531465,1,2111581,0.0,1.0,3873.0874999999146,0.2,4450.36,2112104,4680.66,4450.36,6,2026-08-25 02:50:00,2026-08-25 05:44:00,2026-08-25 03:42:00,2026-08-24 20:00:00,174.0,2,47.64000000000033,150.90000000000055,-150.3000000000011,-0.09319196428571473,0.029538690476190604,0.09356398809523819,197.94000000000142,415.49118387909334,partial_loss,2,1,Asia,1
2111930,2113859,1,4680.76,4628.299999999999,4450.36,4450.36,0.04000000000000001,-213.31360000000382,-3.4736000000000007,15.88000000000011,75.94999999999982,2111982,8,9244,9242,1612.800000000004,3509.47389999991,0.54,42.6213636363636,49.42248719531465,1,2111581,0.0,1.0,3418.9874999999147,0.2,4450.36,2112767,4680.66,4450.36,0,2026-08-25 02:50:00,2026-08-26 12:00:00,2026-08-25 03:42:00,2026-08-24 20:00:00,1990.0,10,63.52000000000045,303.79999999999933,-209.8400000000038,-0.13226289682539885,0.039384920634920814,0.18836805555555466,276.83360000000425,435.8211586901799,MA18_exit,2,1,Asia,1
2122310,2122368,1,4443.56,4493.46,4282.04,4282.04,0.03,149.6999999999989,0.0,50.61999999999989,6.020000000000437,2122368,14,9289,9288,1130.640000000003,3659.173899999909,0.51,38.03727272727288,35.7123196730857,1,2122133,0.0,1.0,3509.47389999991,0.2,4282.04,2122333,4443.46,4282.04,6,2026-09-03 14:57:00,2026-09-03 15:55:00,2026-09-03 15:55:00,2026-09-03 12:00:00,58.0,1,151.85999999999967,18.06000000000131,149.6999999999989,0.13240288686053783,0.13431330927616153,0.015973254086182394,2.160000000000764,1.4223627024896408,partial_close,14,3,London/NY,0
2122310,2123722,1,4443.56,4393.46,4282.04,4282.04,0.02,-100.20000000000073,0.0,67.07999999999993,54.410000000000764,2122512,15,9289,9288,1130.640000000003,3558.973899999908,0.51,38.03727272727288,35.7123196730857,1,2122133,0.0,1.0,3659.173899999909,0.2,4282.04,2123722,4443.46,4282.04,6,2026-09-03 14:57:00,2026-09-04 15:30:00,2026-09-03 18:19:00,2026-09-03 12:00:00,1473.0,7,134.15999999999985,108.82000000000153,-100.20000000000073,-0.08862237316917893,0.11865845892591761,0.09624637373523069,234.36000000000058,174.68694096601135,partial_loss,14,3,London/NY,0
2122310,2123752,1,4443.56,4393.259999999999,4282.04,4282.04,0.020000000000000007,-104.07360000000223,-3.4736000000000007,67.07999999999993,69.41000000000076,2122512,8,9289,9288,1130.640000000003,3454.9002999999057,0.51,38.03727272727288,35.7123196730857,1,2122133,0.0,1.0,3420.1538999999066,0.2,4282.04,2123724,4443.46,4282.04,0,2026-09-03 14:57:00,2026-09-04 16:00:00,2026-09-03 18:19:00,2026-09-03 12:00:00,1503.0,8,134.1599999999999,138.82000000000158,-100.60000000000223,-0.09204839736786417,0.11865845892591767,0.12278001839666138,238.23360000000213,177.57423971377628,MA18_exit,14,3,London/NY,0
2128518,2128878,1,4421.52,4394.46,4374.46,4374.46,0.06,-162.3600000000024,0.0,13.589999999999236,29.220000000000255,2128698,8,9317,9315,282.3600000000024,3292.5402999999033,0.52,37.2977272727272,25.064772152859803,1,2128218,0.0,1.0,3279.580299999904,0.2,4374.46,2128866,4421.42,4340.96,0,2026-09-10 06:00:00,2026-09-10 12:00:00,2026-09-10 09:00:00,2026-09-10 01:00:00,360.0,3,81.53999999999542,175.32000000000153,-162.3600000000024,-0.5750106247343852,0.288780280492969,0.6209094772630686,243.89999999999782,299.11699779250864,MA18_exit,6,3,Asia,1
2141568,2144319,-1,4294.36,4284.6900000000005,4370.96,4370.96,0.06,62.76959999999498,4.7496,49.92999999999938,21.69000000000051,2142754,10,9374,9373,459.6000000000022,3355.3098999998983,0.51,31.31045454545442,23.61079804050375,1,2141526,0.0,1.0,3162.4002999999,0.2,4370.96,2144172,4294.46,4370.96,0,2026-09-23 16:42:00,2026-09-25 16:37:00,2026-09-24 13:30:00,2026-09-23 16:00:00,2875.0,13,299.5799999999963,130.14000000000306,58.01999999999498,0.1365744125326255,0.6518276762401977,0.2831592689295092,236.81040000000132,79.04746645303567,end_of_test,16,2,London/NY,0
