config,dev_trades,dev_expR,dev_pf,dev_net,val_expR,val_pf,val_net,oos_trades,oos_expR,oos_pf,oos_net,oos_dd,all_trades,all_net,all_pf,all_dd,all_expR,all_win,all_giveback,all_p2l,positive_dev_val_oos
none | swing | E00 SL+MA18,15,0.01,0.786,-67.97,0.099,0.637,-168.83,14,0.24,1.725,391.25,323.64,42,154.44,1.117,323.64,0.114,31.0,133.12,28,False
none | swing | E01 EA,28,-0.004,1.333,34.01,0.008,0.797,-38.15,29,0.208,23.429,623.28,20.84,85,619.14,2.946,179.4,0.072,49.4,50.8,37,False
none | swing | E03 Chand+BE,32,-0.0,1.417,44.93,0.02,0.918,-18.46,29,0.342,91.11,1408.53,8.68,88,1435.0,5.118,119.09,0.119,50.0,38.78,37,False
none | swing | E04 Trail+BE,53,-0.025,1.034,7.67,-0.009,0.862,-44.1,57,0.027,0.906,-37.16,396.8,158,-73.58,0.922,396.8,-0.002,79.1,11.78,20,False
none | swing | E09 ATRtrail2+BE,34,-0.005,1.025,6.73,0.102,3.346,199.75,31,0.337,10.254,1529.33,154.85,93,1735.82,4.348,154.85,0.141,50.5,34.57,39,True
none | swing | E13 TWK,53,-0.025,1.018,3.98,0.0,1.087,19.46,57,0.026,0.904,-37.95,396.8,160,-14.51,0.983,396.8,0.001,92.5,9.44,8,False
none | swing | E16 Chand+BE noMA,32,-0.019,0.976,-2.77,0.029,1.012,3.15,29,0.307,88.811,1372.59,8.68,85,1372.98,4.51,150.77,0.106,50.6,41.43,36,False
none | swing | E20 R-BE1R+swing1R,15,0.035,0.861,-40.45,0.137,0.663,-143.42,14,0.185,1.39,219.36,346.22,42,35.5,1.028,346.22,0.117,31.0,135.95,28,False
none | ATR3 | E00 SL+MA18,15,0.021,0.743,-86.44,-0.109,0.651,-158.76,14,0.347,1.725,391.25,323.64,42,146.05,1.11,323.64,0.089,31.0,133.32,28,False
none | ATR3 | E01 EA,28,0.008,1.129,15.54,-0.003,1.148,19.38,29,0.208,23.429,623.28,20.84,85,658.2,3.358,121.87,0.073,49.4,50.34,37,True
none | ATR3 | E03 Chand+BE,32,0.012,1.21,26.46,0.01,0.918,-18.46,29,0.357,91.11,1408.53,8.68,88,1416.54,4.86,119.09,0.125,50.0,38.99,37,False
none | ATR3 | E04 Trail+BE,53,-0.014,0.956,-10.79,0.005,1.026,7.06,57,0.019,1.322,87.65,271.99,158,83.92,1.107,271.99,0.004,79.1,10.78,20,False
none | ATR3 | E09 ATRtrail2+BE,34,0.007,1.002,0.51,0.101,3.346,199.75,31,0.332,10.254,1529.33,154.85,93,1729.6,4.296,154.85,0.144,50.5,34.63,39,True
none | ATR3 | E13 TWK,53,-0.01,0.964,-8.21,0.008,1.057,13.09,57,0.017,1.319,86.86,271.99,160,91.74,1.125,271.99,0.005,92.5,8.78,8,False
none | ATR3 | E16 Chand+BE noMA,32,-0.014,0.794,-29.57,0.026,1.008,2.02,29,0.342,88.811,1372.59,8.68,85,1345.04,4.209,151.9,0.119,50.6,41.76,36,False
none | ATR3 | E20 R-BE1R+swing1R,15,0.052,0.81,-58.92,-0.061,0.648,-149.56,14,0.302,1.39,219.36,346.22,43,10.89,1.008,346.22,0.096,32.6,133.82,28,False
none | swing3 | E00 SL+MA18,15,-0.101,0.765,-76.53,-0.066,0.637,-168.83,14,0.253,1.725,391.25,323.64,42,145.88,1.11,323.64,0.028,31.0,133.32,28,False
none | swing3 | E01 EA,28,-0.013,1.284,31.39,-0.002,1.06,11.32,29,0.141,22.922,609.18,20.84,83,651.89,2.995,179.4,0.044,48.2,51.7,37,True
none | swing3 | E03 Chand+BE,32,-0.011,1.313,36.37,-0.025,0.918,-18.46,29,0.244,91.11,1408.53,8.68,88,1426.44,4.995,119.09,0.069,50.0,38.88,37,False
none | swing3 | E04 Trail+BE,53,-0.017,0.993,-1.67,-0.011,0.74,-96.65,57,0.021,0.906,-37.16,396.8,158,-135.48,0.865,412.33,-0.001,79.1,12.17,20,False
none | swing3 | E09 ATRtrail2+BE,34,-0.002,1.002,0.51,0.094,3.346,199.75,31,0.224,10.254,1529.33,154.85,93,1729.6,4.296,154.85,0.102,50.5,34.63,39,True
none | swing3 | E13 TWK,53,-0.017,0.98,-4.58,0.001,0.881,-33.09,57,0.021,0.904,-37.95,396.8,160,-75.62,0.916,423.36,0.002,92.5,9.82,8,False
none | swing3 | E16 Chand+BE noMA,32,-0.027,0.909,-11.33,-0.024,1.012,3.15,29,0.237,88.811,1372.59,8.68,85,1364.42,4.413,150.77,0.064,50.6,41.53,36,False
none | swing3 | E20 R-BE1R+swing1R,15,-0.076,0.836,-49.01,-0.049,0.656,-155.38,14,0.198,1.39,219.36,346.22,42,14.98,1.011,346.22,0.024,31.0,136.44,28,False
vol>=1 | swing | E00 SL+MA18,7,-0.463,0.0,-252.85,-0.323,0.363,-154.43,8,0.085,2.993,250.84,124.04,23,-156.44,0.748,488.67,-0.224,26.1,159.74,17,False
vol>=1 | swing | E01 EA,15,-0.054,0.074,-47.2,0.098,4.98,72.57,16,0.032,7.352,132.38,15.63,42,157.76,2.752,55.88,0.019,47.6,62.5,20,False
vol>=1 | swing | E03 Chand+BE,15,-0.054,0.074,-47.2,0.007,0.826,-20.88,16,0.244,106.67,917.64,4.34,43,849.55,5.721,115.98,0.074,48.8,43.65,19,False
vol>=1 | swing | E04 Trail+BE,16,-0.056,0.764,-24.65,0.039,1.957,70.76,28,0.013,0.525,-188.48,396.8,64,-142.37,0.752,396.8,0.004,81.2,14.8,6,False
vol>=1 | swing | E09 ATRtrail2+BE,18,-0.063,0.165,-85.22,0.253,17.933,205.87,18,0.246,6.956,973.93,158.32,47,1094.57,4.94,158.32,0.129,53.2,36.47,19,False
vol>=1 | swing | E13 TWK,16,-0.065,0.577,-43.03,0.038,2.034,76.42,28,0.013,0.547,-179.68,396.8,65,-146.29,0.744,396.8,0.002,93.8,13.08,2,False
vol>=1 | swing | E16 Chand+BE noMA,15,-0.072,0.057,-62.31,-0.023,0.627,-59.14,16,0.244,106.67,917.64,4.34,43,796.18,4.412,154.24,0.06,48.8,44.89,19,False
vol>=1 | swing | E20 R-BE1R+swing1R,7,-0.463,0.0,-252.85,-0.211,0.434,-114.82,8,-0.011,1.532,78.96,124.04,23,-288.71,0.522,449.07,-0.218,21.7,165.49,18,False
vol>=1 | ATR3 | E00 SL+MA18,7,-0.488,0.0,-264.32,-0.227,0.363,-154.43,8,0.077,2.993,250.84,124.04,23,-167.9,0.735,500.14,-0.2,26.1,160.24,17,False
vol>=1 | ATR3 | E01 EA,15,-0.043,0.074,-47.2,0.105,4.98,72.57,16,0.047,7.352,132.38,15.63,42,157.76,2.752,55.88,0.03,47.6,62.5,20,False
vol>=1 | ATR3 | E03 Chand+BE,15,-0.043,0.074,-47.2,0.034,0.826,-20.88,16,0.28,106.67,917.64,4.34,43,849.55,5.721,115.98,0.099,48.8,43.65,19,False
vol>=1 | ATR3 | E04 Trail+BE,16,-0.041,0.764,-24.65,0.066,1.957,70.76,28,-0.0,0.766,-63.67,271.99,64,-17.56,0.961,271.99,0.01,81.2,12.85,6,False
vol>=1 | ATR3 | E09 ATRtrail2+BE,18,-0.059,0.165,-85.22,0.292,17.933,205.87,18,0.263,6.956,973.93,158.32,47,1094.57,4.94,158.32,0.146,53.2,36.47,19,False
vol>=1 | ATR3 | E13 TWK,16,-0.052,0.577,-43.03,0.063,2.034,76.42,28,0.0,0.798,-54.87,271.99,65,-21.49,0.952,271.99,0.008,93.8,11.16,2,False
vol>=1 | ATR3 | E16 Chand+BE noMA,15,-0.07,0.046,-77.92,0.007,0.623,-60.27,16,0.28,106.67,917.64,4.34,43,779.44,4.117,155.37,0.082,48.8,45.28,19,False
vol>=1 | ATR3 | E20 R-BE1R+swing1R,8,-0.432,0.0,-267.69,-0.215,0.372,-148.57,8,-0.002,1.532,78.96,124.04,24,-337.3,0.483,497.66,-0.216,20.8,160.6,19,False
vol>=1 | swing3 | E00 SL+MA18,7,-0.408,0.0,-264.32,-0.204,0.363,-154.43,8,0.098,2.993,250.84,124.04,23,-167.9,0.735,500.14,-0.161,26.1,160.24,17,False
vol>=1 | swing3 | E01 EA,15,-0.019,0.074,-47.2,0.094,4.83,69.85,16,0.021,6.675,118.28,15.63,42,140.93,2.565,55.88,0.026,47.6,62.9,20,False
vol>=1 | swing3 | E03 Chand+BE,15,-0.019,0.074,-47.2,-0.004,0.826,-20.88,16,0.154,106.67,917.64,4.34,43,849.55,5.721,115.98,0.05,48.8,43.65,19,False
vol>=1 | swing3 | E04 Trail+BE,16,-0.036,0.764,-24.65,0.032,1.957,70.76,28,0.014,0.525,-188.48,396.8,64,-142.37,0.752,396.8,0.007,81.2,14.8,6,False
vol>=1 | swing3 | E09 ATRtrail2+BE,18,-0.037,0.165,-85.22,0.253,17.933,205.87,18,0.167,6.956,973.93,158.32,47,1094.57,4.94,158.32,0.109,53.2,36.47,19,False
vol>=1 | swing3 | E13 TWK,16,-0.042,0.577,-43.03,0.031,2.034,76.42,28,0.015,0.547,-179.68,396.8,65,-146.29,0.744,396.8,0.006,93.8,13.08,2,False
vol>=1 | swing3 | E16 Chand+BE noMA,15,-0.03,0.046,-77.92,-0.033,0.627,-59.14,16,0.154,106.67,917.64,4.34,43,780.57,4.136,154.24,0.038,48.8,45.26,19,False
vol>=1 | swing3 | E20 R-BE1R+swing1R,7,-0.408,0.0,-264.32,-0.175,0.385,-140.97,8,0.002,1.532,78.96,124.04,23,-326.33,0.492,486.68,-0.184,21.7,167.13,18,False
ADX>=25 | swing | E00 SL+MA18,10,-0.119,0.805,-44.49,0.067,0.529,-214.48,11,0.476,2.949,583.6,221.32,33,324.62,1.33,285.23,0.147,39.4,149.09,20,False
ADX>=25 | swing | E01 EA,21,0.04,3.531,61.56,0.052,1.977,74.88,22,0.274,22.719,622.41,20.84,64,758.85,6.855,66.37,0.124,46.9,58.62,30,True
ADX>=25 | swing | E03 Chand+BE,21,0.042,3.651,64.47,0.083,1.969,102.39,22,0.45,86.315,1407.66,8.68,62,1574.52,11.747,64.67,0.2,46.8,46.46,28,True
ADX>=25 | swing | E04 Trail+BE,40,-0.017,1.168,25.72,0.002,1.062,15.3,49,0.022,0.772,-91.22,396.8,131,-50.2,0.937,396.8,0.003,80.2,11.96,16,False
ADX>=25 | swing | E09 ATRtrail2+BE,25,0.041,1.319,46.66,0.153,5.611,243.06,24,0.435,10.2,1528.47,154.85,70,1818.19,5.98,154.85,0.21,51.4,38.88,29,True
ADX>=25 | swing | E13 TWK,40,-0.016,1.169,24.48,0.006,1.438,66.02,49,0.021,0.768,-91.92,396.8,133,-1.42,0.998,396.8,0.005,94.0,9.45,5,False
ADX>=25 | swing | E16 Chand+BE noMA,21,0.013,1.507,16.78,0.131,2.601,162.26,22,0.404,84.137,1371.72,8.68,59,1550.76,11.274,73.43,0.191,47.5,50.03,27,True
ADX>=25 | swing | E20 R-BE1R+swing1R,10,-0.119,0.805,-44.49,0.121,0.565,-174.12,11,0.406,2.278,411.72,243.9,33,193.1,1.203,244.87,0.143,36.4,153.07,21,False
ADX>=25 | ATR3 | E00 SL+MA18,10,-0.034,0.767,-55.72,-0.143,0.557,-191.56,11,0.593,2.949,583.6,221.32,33,336.31,1.346,273.54,0.135,39.4,148.73,20,False
ADX>=25 | ATR3 | E01 EA,21,0.045,3.531,61.56,0.045,1.977,74.88,22,0.273,22.719,622.41,20.84,64,758.85,6.855,66.37,0.123,46.9,58.62,30,True
ADX>=25 | ATR3 | E03 Chand+BE,21,0.047,3.651,64.47,0.092,1.969,102.39,22,0.469,86.315,1407.66,8.68,62,1574.52,11.747,64.67,0.21,46.8,46.46,28,True
ADX>=25 | ATR3 | E04 Trail+BE,40,-0.008,1.168,25.72,0.013,1.342,66.45,49,0.015,1.122,33.59,271.99,131,125.77,1.202,271.99,0.007,80.2,10.61,16,True
ADX>=25 | ATR3 | E09 ATRtrail2+BE,25,0.038,1.319,46.66,0.173,5.611,243.06,24,0.428,10.2,1528.47,154.85,70,1818.19,5.98,154.85,0.213,51.4,38.88,29,True
ADX>=25 | ATR3 | E13 TWK,40,-0.005,1.169,24.48,0.012,1.38,59.65,49,0.013,1.121,32.89,271.99,133,117.01,1.204,271.99,0.008,94.0,8.56,5,True
ADX>=25 | ATR3 | E16 Chand+BE noMA,21,0.013,1.507,16.78,0.152,2.601,162.26,22,0.45,84.137,1371.72,8.68,59,1550.76,11.274,73.43,0.214,47.5,50.03,27,True
ADX>=25 | ATR3 | E20 R-BE1R+swing1R,10,-0.034,0.767,-55.72,-0.146,0.505,-212.59,11,0.536,2.278,411.72,243.9,34,143.41,1.145,294.56,0.107,35.3,150.61,22,False
ADX>=25 | swing3 | E00 SL+MA18,10,-0.122,0.767,-55.72,-0.112,0.529,-214.48,11,0.443,2.949,583.6,221.32,33,313.4,1.315,296.46,0.07,39.4,149.43,20,False
ADX>=25 | swing3 | E01 EA,21,0.035,3.775,67.5,0.043,2.623,124.35,22,0.185,22.227,608.31,20.84,62,800.17,7.173,66.37,0.091,45.2,59.94,30,True
ADX>=25 | swing3 | E03 Chand+BE,21,0.033,3.651,64.47,0.019,1.969,102.39,22,0.321,86.315,1407.66,8.68,62,1574.52,11.747,64.67,0.131,46.8,46.46,28,True
ADX>=25 | swing3 | E04 Trail+BE,40,-0.001,1.162,24.94,-0.001,0.875,-37.25,49,0.017,0.772,-91.22,396.8,131,-103.53,0.878,396.8,0.006,80.2,12.36,16,False
ADX>=25 | swing3 | E09 ATRtrail2+BE,25,0.038,1.319,46.66,0.142,5.611,243.06,24,0.289,10.2,1528.47,154.85,70,1818.19,5.98,154.85,0.155,51.4,38.88,29,True
ADX>=25 | swing3 | E13 TWK,40,-0.002,1.169,24.48,0.007,1.066,13.47,49,0.016,0.768,-91.92,396.8,133,-53.97,0.928,396.8,0.008,94.0,9.84,5,False
ADX>=25 | swing3 | E16 Chand+BE noMA,21,0.008,1.507,16.78,0.051,2.601,162.26,22,0.312,84.137,1371.72,8.68,59,1550.76,11.274,73.43,0.133,47.5,50.03,27,True
ADX>=25 | swing3 | E20 R-BE1R+swing1R,10,-0.122,0.767,-55.72,-0.08,0.564,-186.08,11,0.373,2.278,411.72,243.9,33,169.91,1.172,268.06,0.058,36.4,153.78,21,False
vol>=1+ADX>=25 | swing | E00 SL+MA18,8,-0.547,0.0,-304.47,-0.275,0.405,-129.66,7,0.149,4.186,249.1,62.56,22,-185.04,0.692,467.87,-0.239,27.3,161.1,16,False
vol>=1+ADX>=25 | swing | E01 EA,15,-0.054,0.074,-47.2,0.12,4.98,72.57,11,0.048,7.671,133.25,15.63,35,158.62,2.779,55.88,0.023,48.6,71.35,17,False
vol>=1+ADX>=25 | swing | E03 Chand+BE,15,-0.054,0.074,-47.2,0.084,2.144,53.05,11,0.356,118.522,918.5,4.34,35,924.36,9.79,53.28,0.11,51.4,47.73,15,False
vol>=1+ADX>=25 | swing | E04 Trail+BE,16,-0.048,0.811,-19.75,0.081,inf,139.41,23,0.001,0.414,-232.52,396.8,56,-112.86,0.775,396.8,0.011,82.1,14.73,5,False
vol>=1+ADX>=25 | swing | E09 ATRtrail2+BE,17,-0.067,0.165,-85.22,0.31,17.933,205.87,13,0.341,6.993,974.8,158.32,39,1095.44,4.956,158.32,0.156,53.8,40.33,16,False
vol>=1+ADX>=25 | swing | E13 TWK,16,-0.064,0.57,-43.74,0.071,inf,138.9,23,0.001,0.439,-222.69,396.8,57,-127.53,0.744,396.8,0.005,94.7,13.03,1,False
vol>=1+ADX>=25 | swing | E16 Chand+BE noMA,15,-0.072,0.057,-62.31,0.084,2.144,53.05,11,0.356,118.522,918.5,4.34,35,909.25,8.56,68.39,0.103,51.4,48.16,15,False
vol>=1+ADX>=25 | swing | E20 R-BE1R+swing1R,8,-0.547,0.0,-304.47,-0.124,0.54,-75.11,7,0.039,1.766,77.21,62.56,22,-302.37,0.468,413.32,-0.226,22.7,166.43,17,False
vol>=1+ADX>=25 | ATR3 | E00 SL+MA18,8,-0.518,0.0,-327.17,-0.204,0.405,-129.66,7,0.157,4.186,249.1,62.56,22,-207.74,0.667,490.57,-0.203,27.3,162.13,16,False
vol>=1+ADX>=25 | ATR3 | E01 EA,15,-0.043,0.074,-47.2,0.128,4.98,72.57,11,0.068,7.671,133.25,15.63,35,158.62,2.779,55.88,0.036,48.6,71.35,17,False
vol>=1+ADX>=25 | ATR3 | E03 Chand+BE,15,-0.043,0.074,-47.2,0.114,2.144,53.05,11,0.408,118.522,918.5,4.34,35,924.36,9.79,53.28,0.139,51.4,47.73,15,False
vol>=1+ADX>=25 | ATR3 | E04 Trail+BE,16,-0.038,0.811,-19.75,0.109,inf,139.41,23,-0.012,0.604,-107.71,271.99,56,11.95,1.032,271.99,0.017,82.1,12.5,5,False
vol>=1+ADX>=25 | ATR3 | E09 ATRtrail2+BE,17,-0.063,0.165,-85.22,0.357,17.933,205.87,13,0.365,6.993,974.8,158.32,39,1095.44,4.956,158.32,0.177,53.8,40.33,16,False
vol>=1+ADX>=25 | ATR3 | E13 TWK,16,-0.053,0.57,-43.74,0.098,inf,138.9,23,-0.011,0.64,-97.88,271.99,57,-2.72,0.993,271.99,0.011,94.7,10.84,1,False
vol>=1+ADX>=25 | ATR3 | E16 Chand+BE noMA,15,-0.07,0.046,-77.92,0.114,2.144,53.05,11,0.408,118.522,918.5,4.34,35,893.64,7.576,84.0,0.128,51.4,48.61,15,False
vol>=1+ADX>=25 | ATR3 | E20 R-BE1R+swing1R,9,-0.464,0.0,-330.54,-0.158,0.447,-108.86,7,0.067,1.766,77.21,62.56,23,-362.19,0.423,473.14,-0.209,21.7,161.77,18,False
vol>=1+ADX>=25 | swing3 | E00 SL+MA18,8,-0.464,0.0,-327.17,-0.139,0.405,-129.66,7,0.125,4.186,249.1,62.56,22,-207.74,0.667,490.57,-0.173,27.3,162.13,16,False
vol>=1+ADX>=25 | swing3 | E01 EA,15,-0.019,0.074,-47.2,0.115,4.83,69.85,11,0.032,6.966,119.15,15.63,35,141.8,2.59,55.88,0.031,48.6,71.83,17,False
vol>=1+ADX>=25 | swing3 | E03 Chand+BE,15,-0.019,0.074,-47.2,0.071,2.144,53.05,11,0.225,118.522,918.5,4.34,35,924.36,9.79,53.28,0.081,51.4,47.73,15,False
vol>=1+ADX>=25 | swing3 | E04 Trail+BE,16,-0.032,0.811,-19.75,0.074,inf,139.41,23,0.004,0.414,-232.52,396.8,56,-112.86,0.775,396.8,0.015,82.1,14.73,5,False
vol>=1+ADX>=25 | swing3 | E09 ATRtrail2+BE,17,-0.039,0.165,-85.22,0.31,17.933,205.87,13,0.232,6.993,974.8,158.32,39,1095.44,4.956,158.32,0.132,53.8,40.33,16,False
vol>=1+ADX>=25 | swing3 | E13 TWK,16,-0.044,0.57,-43.74,0.063,inf,138.9,23,0.006,0.439,-222.69,396.8,57,-127.53,0.744,396.8,0.01,94.7,13.03,1,False
vol>=1+ADX>=25 | swing3 | E16 Chand+BE noMA,15,-0.03,0.046,-77.92,0.071,2.144,53.05,11,0.225,118.522,918.5,4.34,35,893.64,7.576,84.0,0.076,51.4,48.61,15,False
vol>=1+ADX>=25 | swing3 | E20 R-BE1R+swing1R,8,-0.464,0.0,-327.17,-0.083,0.465,-101.26,7,0.015,1.766,77.21,62.56,22,-351.22,0.431,462.17,-0.191,22.7,168.65,17,False
