config,train_trades,train_expR,train_pf,train_net,val_trades,val_expR,val_pf,val_net,test_trades,test_expR,test_pf,test_net,test_dd
none | swing | E00 SL+MA18,11,0.023,0.687,-82.03,4,-0.027,1.253,14.06,10,0.108,0.616,-140.92,210.58
none | swing | E01 EA,18,-0.019,1.111,9.86,10,0.024,2.854,24.15,20,0.021,0.813,-32.36,166.37
none | swing | E03 Chand+BE,22,-0.009,1.251,23.81,10,0.02,2.622,21.12,18,0.112,1.872,93.69,98.55
none | swing | E04 Trail+BE,31,0.019,1.942,72.54,22,-0.088,0.568,-64.86,34,0.023,1.486,76.79,135.65
none | swing | E09 ATRtrail2+BE,19,0.024,1.475,60.29,15,-0.041,0.62,-53.56,20,0.153,3.959,205.68,62.65
none | swing | E13 TWK,31,0.015,1.843,60.5,22,-0.082,0.61,-56.53,36,0.036,3.189,142.05,43.47
none | swing | E16 Chand+BE noMA,22,-0.021,1.072,6.83,10,-0.014,0.56,-9.6,18,0.112,1.872,93.69,98.55
none | swing | E20 R-BE1R+swing1R,11,0.057,0.768,-54.51,4,-0.027,1.253,14.06,10,0.142,0.633,-123.11,178.57
none | ATR3 | E00 SL+MA18,11,0.011,0.642,-100.49,4,0.05,1.253,14.06,10,-0.12,0.634,-130.84,200.5
none | ATR3 | E01 EA,18,-0.007,0.92,-8.61,10,0.035,2.854,24.15,20,0.0,1.219,25.16,108.85
none | ATR3 | E03 Chand+BE,22,0.004,1.047,5.34,10,0.03,2.622,21.12,18,0.069,1.872,93.69,98.55
none | ATR3 | E04 Trail+BE,31,0.028,1.567,54.07,22,-0.074,0.568,-64.86,34,0.042,2.338,134.31,78.12
none | ATR3 | E09 ATRtrail2+BE,19,0.049,1.406,54.07,15,-0.046,0.62,-53.56,20,0.145,3.959,205.68,62.65
none | ATR3 | E13 TWK,31,0.03,1.575,48.31,22,-0.067,0.61,-56.53,36,0.045,3.189,142.05,43.47
none | ATR3 | E16 Chand+BE noMA,22,-0.014,0.836,-19.98,10,-0.014,0.56,-9.6,18,0.069,1.872,93.69,98.55
none | ATR3 | E20 R-BE1R+swing1R,11,0.053,0.712,-72.97,4,0.05,1.253,14.06,11,-0.058,0.628,-121.65,175.01
none | swing3 | E00 SL+MA18,11,-0.127,0.665,-90.59,4,-0.027,1.253,14.06,10,-0.108,0.616,-140.92,210.58
none | swing3 | E01 EA,18,-0.036,1.074,7.24,10,0.028,2.854,24.15,18,0.006,1.099,17.11,166.37
none | swing3 | E03 Chand+BE,22,-0.026,1.148,15.25,10,0.024,2.622,21.12,18,0.041,1.872,93.69,98.55
none | swing3 | E04 Trail+BE,31,0.001,1.748,63.98,22,-0.044,0.565,-65.65,34,0.014,1.486,76.79,135.65
none | swing3 | E09 ATRtrail2+BE,19,-0.001,1.406,54.07,15,-0.004,0.62,-53.56,20,0.139,3.959,205.68,62.65
none | swing3 | E13 TWK,31,-0.002,1.647,51.94,22,-0.039,0.61,-56.53,36,0.029,3.189,142.05,43.47
none | swing3 | E16 Chand+BE noMA,22,-0.035,0.983,-1.73,10,-0.01,0.56,-9.6,18,0.041,1.872,93.69,98.55
none | swing3 | E20 R-BE1R+swing1R,11,-0.094,0.741,-63.07,4,-0.027,1.253,14.06,10,-0.1,0.626,-135.07,204.72
vol>=1 | swing | E00 SL+MA18,3,-0.544,0.0,-126.88,4,-0.403,0.0,-125.97,7,-0.32,0.391,-137.28,137.28
vol>=1 | swing | E01 EA,7,-0.012,0.0,-6.08,8,-0.092,0.084,-41.12,10,0.127,10.457,82.13,8.68
vol>=1 | swing | E03 Chand+BE,7,-0.012,0.0,-6.08,8,-0.092,0.084,-41.12,10,0.15,11.451,90.76,6.08
vol>=1 | swing | E04 Trail+BE,7,0.056,15.358,37.41,9,-0.143,0.39,-62.06,18,0.069,inf,133.86,0.0
vol>=1 | swing | E09 ATRtrail2+BE,7,0.012,2.544,9.4,11,-0.112,0.014,-94.62,10,0.298,83.688,215.42,2.61
vol>=1 | swing | E13 TWK,7,0.04,inf,22.92,9,-0.146,0.352,-65.95,19,0.071,inf,143.82,0.0
vol>=1 | swing | E16 Chand+BE noMA,7,-0.012,0.0,-6.08,8,-0.124,0.063,-56.23,10,0.15,11.451,90.76,6.08
vol>=1 | swing | E20 R-BE1R+swing1R,3,-0.544,0.0,-126.88,4,-0.403,0.0,-125.97,7,-0.214,0.456,-105.27,114.08
vol>=1 | ATR3 | E00 SL+MA18,3,-0.572,0.0,-126.88,4,-0.425,0.0,-137.44,7,-0.238,0.391,-137.28,137.28
vol>=1 | ATR3 | E01 EA,7,-0.012,0.0,-6.08,8,-0.07,0.084,-41.12,10,0.124,10.457,82.13,8.68
vol>=1 | ATR3 | E03 Chand+BE,7,-0.012,0.0,-6.08,8,-0.07,0.084,-41.12,10,0.135,11.451,90.76,6.08
vol>=1 | ATR3 | E04 Trail+BE,7,0.062,15.358,37.41,9,-0.122,0.39,-62.06,18,0.102,inf,133.86,0.0
vol>=1 | ATR3 | E09 ATRtrail2+BE,7,0.02,2.544,9.4,11,-0.11,0.014,-94.62,10,0.329,83.688,215.42,2.61
vol>=1 | ATR3 | E13 TWK,7,0.042,inf,22.92,9,-0.126,0.352,-65.95,19,0.099,inf,143.82,0.0
vol>=1 | ATR3 | E16 Chand+BE noMA,7,-0.012,0.0,-6.08,8,-0.121,0.05,-71.84,10,0.135,11.451,90.76,6.08
vol>=1 | ATR3 | E20 R-BE1R+swing1R,4,-0.438,0.0,-130.25,4,-0.425,0.0,-137.44,7,-0.225,0.401,-131.42,131.42
vol>=1 | swing3 | E00 SL+MA18,3,-0.535,0.0,-126.88,4,-0.313,0.0,-137.44,7,-0.184,0.391,-137.28,137.28
vol>=1 | swing3 | E01 EA,7,-0.011,0.0,-6.08,8,-0.026,0.084,-41.12,10,0.123,10.143,79.4,8.68
vol>=1 | swing3 | E03 Chand+BE,7,-0.011,0.0,-6.08,8,-0.026,0.084,-41.12,10,0.138,11.451,90.76,6.08
vol>=1 | swing3 | E04 Trail+BE,7,0.053,15.358,37.41,9,-0.105,0.39,-62.06,18,0.061,inf,133.86,0.0
vol>=1 | swing3 | E09 ATRtrail2+BE,7,0.005,2.544,9.4,11,-0.064,0.014,-94.62,10,0.298,83.688,215.42,2.61
vol>=1 | swing3 | E13 TWK,7,0.035,inf,22.92,9,-0.102,0.352,-65.95,19,0.063,inf,143.82,0.0
vol>=1 | swing3 | E16 Chand+BE noMA,7,-0.011,0.0,-6.08,8,-0.047,0.05,-71.84,10,0.138,11.451,90.76,6.08
vol>=1 | swing3 | E20 R-BE1R+swing1R,3,-0.535,0.0,-126.88,4,-0.313,0.0,-137.44,7,-0.173,0.401,-131.42,131.42
ADX>=25 | swing | E00 SL+MA18,5,0.011,0.883,-15.01,5,-0.249,0.702,-29.48,9,0.187,0.633,-131.24,200.89
ADX>=25 | swing | E01 EA,10,0.059,4.312,37.41,11,0.022,2.854,24.15,15,0.086,2.322,80.67,53.34
ADX>=25 | swing | E03 Chand+BE,10,0.069,4.838,43.35,11,0.018,2.622,21.12,13,0.183,3.271,140.6,51.64
ADX>=25 | swing | E04 Trail+BE,17,0.066,33.891,85.69,23,-0.079,0.601,-59.96,31,0.019,1.394,62.25,144.91
ADX>=25 | swing | E09 ATRtrail2+BE,10,0.164,20.215,100.22,15,-0.041,0.62,-53.56,15,0.228,7.714,248.99,30.42
ADX>=25 | swing | E13 TWK,17,0.062,inf,77.1,23,-0.074,0.637,-52.62,33,0.029,2.854,120.34,53.73
ADX>=25 | swing | E16 Chand+BE noMA,10,0.042,3.335,26.37,11,-0.012,0.56,-9.6,13,0.183,3.271,140.6,51.64
ADX>=25 | swing | E20 R-BE1R+swing1R,5,0.011,0.883,-15.01,5,-0.249,0.702,-29.48,9,0.243,0.683,-98.48,156.66
ADX>=25 | ATR3 | E00 SL+MA18,5,0.015,0.883,-15.01,5,-0.084,0.631,-40.71,9,-0.092,0.676,-108.32,177.97
ADX>=25 | ATR3 | E01 EA,10,0.059,4.312,37.41,11,0.032,2.854,24.15,15,0.068,2.322,80.67,53.34
ADX>=25 | ATR3 | E03 Chand+BE,10,0.069,4.838,43.35,11,0.027,2.622,21.12,13,0.162,3.271,140.6,51.64
ADX>=25 | ATR3 | E04 Trail+BE,17,0.074,33.891,85.69,23,-0.068,0.601,-59.96,31,0.037,2.193,119.77,87.38
ADX>=25 | ATR3 | E09 ATRtrail2+BE,10,0.165,20.215,100.22,15,-0.046,0.62,-53.56,15,0.248,7.714,248.99,30.42
ADX>=25 | ATR3 | E13 TWK,17,0.073,inf,77.1,23,-0.062,0.637,-52.62,33,0.037,2.854,120.34,53.73
ADX>=25 | ATR3 | E16 Chand+BE noMA,10,0.042,3.335,26.37,11,-0.013,0.56,-9.6,13,0.162,3.271,140.6,51.64
ADX>=25 | ATR3 | E20 R-BE1R+swing1R,5,0.015,0.883,-15.01,5,-0.084,0.631,-40.71,10,-0.102,0.611,-129.34,175.01
ADX>=25 | swing3 | E00 SL+MA18,5,-0.051,0.883,-15.01,5,-0.193,0.631,-40.71,9,-0.052,0.633,-131.24,200.89
ADX>=25 | swing3 | E01 EA,10,0.045,4.838,43.35,11,0.026,2.854,24.15,13,0.075,3.133,130.14,53.34
ADX>=25 | swing3 | E03 Chand+BE,10,0.045,4.838,43.35,11,0.022,2.622,21.12,13,0.085,3.271,140.6,51.64
ADX>=25 | swing3 | E04 Trail+BE,17,0.049,33.891,85.69,23,-0.039,0.597,-60.75,31,0.009,1.394,62.25,144.91
ADX>=25 | swing3 | E09 ATRtrail2+BE,10,0.102,20.215,100.22,15,-0.004,0.62,-53.56,15,0.21,7.714,248.99,30.42
ADX>=25 | swing3 | E13 TWK,17,0.044,inf,77.1,23,-0.035,0.637,-52.62,33,0.022,2.854,120.34,53.73
ADX>=25 | swing3 | E16 Chand+BE noMA,10,0.027,3.335,26.37,11,-0.009,0.56,-9.6,13,0.085,3.271,140.6,51.64
ADX>=25 | swing3 | E20 R-BE1R+swing1R,5,-0.051,0.883,-15.01,5,-0.193,0.631,-40.71,9,-0.026,0.672,-110.44,180.09
vol>=1+ADX>=25 | swing | E00 SL+MA18,3,-0.543,0.0,-134.96,5,-0.55,0.0,-169.51,6,-0.265,0.439,-112.51,114.08
vol>=1+ADX>=25 | swing | E01 EA,6,-0.014,0.0,-6.08,9,-0.081,0.084,-41.12,8,0.159,10.457,82.13,8.68
vol>=1+ADX>=25 | swing | E03 Chand+BE,6,-0.014,0.0,-6.08,9,-0.081,0.084,-41.12,8,0.188,11.451,90.76,6.08
vol>=1+ADX>=25 | swing | E04 Trail+BE,6,0.066,15.358,37.41,10,-0.116,0.438,-57.16,16,0.073,inf,128.58,0.0
vol>=1+ADX>=25 | swing | E09 ATRtrail2+BE,6,0.014,2.544,9.4,11,-0.112,0.014,-94.62,8,0.372,83.688,215.42,2.61
vol>=1+ADX>=25 | swing | E13 TWK,6,0.033,inf,18.3,10,-0.121,0.39,-62.04,17,0.068,inf,132.37,0.0
vol>=1+ADX>=25 | swing | E16 Chand+BE noMA,6,-0.014,0.0,-6.08,9,-0.11,0.063,-56.23,8,0.188,11.451,90.76,6.08
vol>=1+ADX>=25 | swing | E20 R-BE1R+swing1R,3,-0.543,0.0,-134.96,5,-0.55,0.0,-169.51,6,-0.113,0.573,-65.56,114.08
vol>=1+ADX>=25 | ATR3 | E00 SL+MA18,3,-0.608,0.0,-134.96,5,-0.463,0.0,-192.21,6,-0.214,0.439,-112.51,114.08
vol>=1+ADX>=25 | ATR3 | E01 EA,6,-0.014,0.0,-6.08,9,-0.062,0.084,-41.12,8,0.155,10.457,82.13,8.68
vol>=1+ADX>=25 | ATR3 | E03 Chand+BE,6,-0.014,0.0,-6.08,9,-0.062,0.084,-41.12,8,0.169,11.451,90.76,6.08
vol>=1+ADX>=25 | ATR3 | E04 Trail+BE,6,0.072,15.358,37.41,10,-0.104,0.438,-57.16,16,0.11,inf,128.58,0.0
vol>=1+ADX>=25 | ATR3 | E09 ATRtrail2+BE,6,0.024,2.544,9.4,11,-0.11,0.014,-94.62,8,0.412,83.688,215.42,2.61
vol>=1+ADX>=25 | ATR3 | E13 TWK,6,0.04,inf,18.3,10,-0.109,0.39,-62.04,17,0.101,inf,132.37,0.0
vol>=1+ADX>=25 | ATR3 | E16 Chand+BE noMA,6,-0.014,0.0,-6.08,9,-0.108,0.05,-71.84,8,0.169,11.451,90.76,6.08
vol>=1+ADX>=25 | ATR3 | E20 R-BE1R+swing1R,4,-0.465,0.0,-138.34,5,-0.463,0.0,-192.21,6,-0.16,0.49,-91.71,114.08
vol>=1+ADX>=25 | swing3 | E00 SL+MA18,3,-0.535,0.0,-134.96,5,-0.422,0.0,-192.21,6,-0.106,0.439,-112.51,114.08
vol>=1+ADX>=25 | swing3 | E01 EA,6,-0.013,0.0,-6.08,9,-0.023,0.084,-41.12,8,0.153,10.143,79.4,8.68
vol>=1+ADX>=25 | swing3 | E03 Chand+BE,6,-0.013,0.0,-6.08,9,-0.023,0.084,-41.12,8,0.173,11.451,90.76,6.08
vol>=1+ADX>=25 | swing3 | E04 Trail+BE,6,0.061,15.358,37.41,10,-0.087,0.438,-57.16,16,0.065,inf,128.58,0.0
vol>=1+ADX>=25 | swing3 | E09 ATRtrail2+BE,6,0.006,2.544,9.4,11,-0.064,0.014,-94.62,8,0.372,83.688,215.42,2.61
vol>=1+ADX>=25 | swing3 | E13 TWK,6,0.027,inf,18.3,10,-0.086,0.39,-62.04,17,0.059,inf,132.37,0.0
vol>=1+ADX>=25 | swing3 | E16 Chand+BE noMA,6,-0.013,0.0,-6.08,9,-0.042,0.05,-71.84,8,0.173,11.451,90.76,6.08
vol>=1+ADX>=25 | swing3 | E20 R-BE1R+swing1R,3,-0.535,0.0,-134.96,5,-0.422,0.0,-192.21,6,-0.066,0.49,-91.71,114.08
