time_pend,time_in,time_out,direction,entry,isl,risk_usd,max_fav_price,mfe_usd,mfe_r,time_mfe,exit,pnl,r,dd_after_mfe_usd,exit_mechanism,sl_exit,max_sl,be_hit,giveback_usd,giveback_pct,close_vs_ma18_mfe,ma18_vs_ma200_mfe,adx_mfe,ma18_slope_mfe,close_vs_ma18_exit,adx_exit,bars_held,hold_min,session,regime,post_exit_fav_usd,spread_entry
2026-01-16 01:00:00,2026-01-19 01:00:00,2026-02-02 03:00:00,long,4631.85,4407.48,224.3700000000008,5596.8,964.9499999999998,4.30070865088914,2026-01-29 01:00:00,4631.849999999999,-12.15760000000091,-0.0541854971698572,1014.0,SL_breakeven,4631.95,4631.95,1.0,977.1076000000008,101.25992020311942,681.73,965.04,65.5,145.25,88.25,67.6,11,20280.0,Asia,nan/nan,787.03,0.55
2025-12-19 01:00:00,2025-12-22 03:00:00,2025-12-29 16:00:00,long,4374.6,4169.84,204.76000000000025,4549.72,175.1199999999999,0.8552451650713015,2025-12-26 18:00:00,4374.599999999999,-5.21040000000091,-0.0254463762453648,193.56,SL_breakeven,4374.7,4374.7,1.0,180.3304000000008,102.97533120146238,186.57,700.8,53.0,48.16,223.17,56.6,5,10860.0,Asia,nan/nan,936.64,0.3979999999999999
2023-11-28 01:00:00,2023-11-28 02:00:00,2023-12-05 16:00:00,long,2018.28,1931.52,86.75999999999976,2145.14,126.86000000000011,1.4621945597049386,2023-12-04 01:00:00,2018.28,-6.078799999999546,-0.0700645458736694,129.72,SL_breakeven,2018.38,2018.38,1.0,132.93879999999967,104.79173892479864,80.53,45.7,41.3,11.84,33.42,45.0,6,10920.0,Asia,strong_trend/low_vol,70.08,0.348
2007-10-17 01:00:00,2007-10-18 15:00:00,2007-11-16 01:00:00,long,766.6800000000001,726.49,40.190000000000055,845.32,78.63999999999999,1.956705648171184,2007-11-07 11:00:00,787.66,-4.2036000000000975,-0.1045931823836798,62.86,MA18_exit,775.97,775.97,1.0,82.84360000000008,105.34537131230938,47.93,93.94,58.6,11.72,-9.85,50.0,22,40920.0,London/NY,strong_trend/high_vol,48.78,0.319
2023-03-16 01:00:00,2023-03-17 14:00:00,2023-03-21 19:00:00,long,1937.5,1809.25,128.24999999999977,2009.7,72.20000000000027,0.5629629629629661,2023-03-20 09:00:00,1937.5,-1.7367999999997727,-0.01354230019493,73.18,SL_breakeven,1937.6,1937.6,1.0,73.93680000000005,102.40554016620466,130.05,80.74,39.2,17.09,112.08,43.0,3,6060.0,London/NY,strong_trend/mid_vol,111.04,0.319
2024-12-04 01:00:00,2024-12-04 17:00:00,2024-12-13 17:00:00,long,2655.73,2605.08,50.65000000000009,2726.1,70.36999999999989,1.389338598223095,2024-12-12 03:00:00,2655.73,-9.5524,-0.1885962487660411,71.58,SL_breakeven,2655.83,2655.83,1.0,79.9223999999999,113.57453460281371,66.0,195.76,24.4,20.62,25.37,27.0,8,12960.0,NewYork,strong_trend/mid_vol,41.98,0.344
2020-02-21 01:00:00,2020-02-21 04:00:00,2020-02-28 09:00:00,long,1623.86,1561.73,62.12999999999988,1689.26,65.40000000000009,1.052631578947372,2020-02-24 11:00:00,1623.86,-6.078799999999773,-0.0978400128762237,68.12,SL_breakeven,1623.96,1623.96,1.0,71.47879999999986,109.29480122324124,60.89,110.63,51.0,8.52,47.85,55.6,6,10380.0,Asia,strong_trend/mid_vol,79.46,0.325
2024-07-15 01:00:00,2024-07-15 14:00:00,2024-07-19 09:00:00,long,2418.33,2293.46,124.86999999999988,2483.55,65.22000000000025,0.5223031953231385,2024-07-17 17:00:00,2418.33,-5.210400000000001,-0.0417265956594859,69.33,SL_breakeven,2418.43,2418.43,1.0,70.43040000000026,107.98896044158232,107.27,209.86,58.6,15.81,70.05,62.9,5,5460.0,London/NY,nan/nan,91.67,0.344
2005-12-30 01:00:00,2005-12-30 19:00:00,2006-02-08 01:00:00,long,517.74,488.65,29.090000000000032,574.67,56.92999999999995,1.957029907184596,2006-02-02 17:00:00,548.8,-1.9392000000000635,-0.0666620831901018,29.24,MA18_exit,538.44,538.44,1.0,58.86920000000001,103.40628842438092,12.81,91.93,42.1,5.98,-12.19,35.7,29,56520.0,NewYork,strong_trend/high_vol,21.73,0.319
2020-12-22 01:00:00,2021-01-04 01:00:00,2021-01-06 17:00:00,long,1906.84,1854.96,51.87999999999988,1959.22,52.38000000000011,1.0096376252891333,2021-01-06 12:00:00,1906.84,-1.7367999999997727,-0.0334772552043133,55.32,SL_breakeven,1906.94,1906.94,1.0,54.11679999999989,103.31576937762462,74.82,43.2,46.6,12.18,74.82,46.6,3,3840.0,Asia,nan/nan,20.68,0.355
2025-03-17 01:00:00,2025-03-18 03:00:00,2025-03-21 15:00:00,long,3004.92,2832.46,172.45999999999955,3057.24,52.32000000000016,0.3033746955815858,2025-03-20 06:00:00,3004.92,-4.341999999999546,-0.0251768526034996,53.16,SL_breakeven,3005.02,3005.02,1.0,56.66199999999971,108.29892966360768,109.66,312.25,42.2,15.2,103.31,46.5,4,5040.0,Asia,strong_trend/mid_vol,495.0,0.3979999999999999
2011-02-21 01:00:00,2011-02-21 02:00:00,2011-03-15 13:00:00,long,1392.1999999999998,1308.23,83.9699999999998,1444.44,52.24000000000024,0.622126950101231,2011-03-07 15:00:00,1402.15,-9.154799999999732,-0.1090246516613046,48.73,SL_swing,1402.25,1402.25,1.0,61.39479999999997,117.52450229708975,35.23,87.79,61.0,12.06,11.3,41.3,17,32340.0,Asia,nan/nan,74.11,0.3
2025-06-13 01:00:00,2025-06-13 03:00:00,2025-06-16 16:00:00,long,3398.94,3293.2,105.73999999999978,3451.08,52.14000000000033,0.4930962738793307,2025-06-16 03:00:00,3398.94,-0.8683999999995453,-0.0082125969358761,68.56,SL_breakeven,3399.04,3399.04,1.0,53.008399999999874,101.6655159186796,93.49,459.2,22.1,25.06,93.49,22.1,2,5100.0,Asia,range/high_vol,6.51,0.3979999999999999
2020-11-05 01:00:00,2020-11-05 10:00:00,2020-11-09 14:00:00,long,1916.43,1859.87,56.559999999999945,1965.42,48.99000000000024,0.8661598302687462,2020-11-09 07:00:00,1916.43,-1.7367999999997727,-0.0307072135784967,64.38,SL_breakeven,1916.53,1916.53,1.0,50.72680000000001,103.54521330883806,45.5,126.51,22.1,3.26,45.5,22.1,3,6000.0,London,range/mid_vol,-4.88,0.319
2024-03-19 01:00:00,2024-03-20 16:00:00,2024-03-22 09:00:00,long,2163.66,2150.46,13.199999999999818,2212.28,48.620000000000346,3.6833333333334095,2024-03-21 03:00:00,2163.6600000000003,-3.473599999999545,-0.2631515151514843,49.8,SL_breakeven,2163.76,2163.76,1.0,52.09359999999989,107.14438502673696,58.95,146.29,42.8,23.18,45.58,43.4,3,2460.0,London/NY,strong_trend/high_vol,267.73,0.344
2026-06-15 01:00:00,2026-06-19 06:00:00,2026-06-19 11:00:00,short,4169.759999999999,4594.66,424.9000000000006,4121.96,47.79999999999927,0.1124970581313231,2026-06-19 08:00:00,4169.76,-9.094947017729282e-13,-2.1404911785665498e-15,56.89,SL_breakeven,4169.66,4169.66,1.0,47.80000000000018,100.0000000000019,-146.31,-104.6,36.6,-45.75,-146.31,36.6,1,300.0,Asia,strong_trend/high_vol,227.71,0.52
2012-09-10 01:00:00,2012-09-12 11:00:00,2012-09-26 15:00:00,long,1741.4499999999998,1646.87,94.57999999999991,1787.36,45.91000000000008,0.4854091774159454,2012-09-21 16:00:00,1752.0300000000002,-1.5775999999996166,-0.016680059209131,47.21,SL_swing,1752.13,1752.13,1.0,47.4875999999997,103.43628839032807,46.83,76.24,53.1,16.94,21.68,42.9,11,20400.0,London,strong_trend/low_vol,43.82,0.319
2008-03-05 01:00:00,2008-03-05 18:00:00,2008-03-18 20:00:00,long,987.94,926.37,61.57000000000006,1031.83,43.88999999999987,0.7128471658275106,2008-03-17 03:00:00,987.94,-11.289200000000111,-0.1833555302907276,44.03,SL_breakeven,988.04,988.04,1.0,55.17919999999999,125.72157666894545,33.63,190.21,41.9,13.66,30.32,45.4,10,18840.0,NewYork,strong_trend/high_vol,8.83,0.319
2018-01-08 01:00:00,2018-01-10 13:00:00,2018-02-05 01:00:00,long,1323.5599999999995,1236.46,87.09999999999967,1366.0,42.44000000000028,0.4872560275545401,2018-01-25 08:00:00,1331.92,-14.218399999999647,-0.163242250287023,38.6,MA18_exit,1323.75,1323.75,1.0,56.65839999999993,133.50235626767096,30.91,50.6,53.7,9.37,-4.65,39.1,19,36720.0,London/NY,strong_trend/low_vol,29.76,0.319
2020-12-17 01:00:00,2020-12-17 02:00:00,2020-12-21 12:00:00,long,1865.86,1818.27,47.58999999999992,1906.64,40.7800000000002,0.8569027106535043,2020-12-21 08:00:00,1865.86,-1.7367999999997727,-0.0364950619878078,51.68,SL_breakeven,1865.96,1865.96,1.0,42.516799999999975,104.2589504659141,44.03,22.49,24.9,6.4,44.03,24.9,3,6360.0,Asia,weak_trend/mid_vol,93.36,0.3
2008-01-24 01:00:00,2008-01-24 13:00:00,2008-02-04 16:00:00,long,895.61,784.76,110.85000000000002,936.39,40.77999999999997,0.3678845286423091,2008-02-01 13:00:00,895.61,-7.815600000000001,-0.0705060893098782,44.23,SL_breakeven,895.71,895.71,1.0,48.595599999999976,119.165277096616,28.33,161.54,44.4,10.91,6.19,42.0,8,16020.0,London/NY,strong_trend/high_vol,93.55,0.319
2024-09-13 01:00:00,2024-09-13 03:00:00,2024-09-18 22:00:00,long,2560.18,2471.72,88.46000000000004,2600.0,39.82000000000016,0.4501469590775508,2024-09-18 21:00:00,2560.1800000000003,-2.605199999999545,-0.0294505991408494,53.36,SL_breakeven,2560.28,2560.28,1.0,42.425199999999705,106.54244098442877,46.66,258.86,34.7,12.16,46.66,34.7,4,8340.0,Asia,weak_trend/low_vol,136.42,0.384
2010-05-07 01:00:00,2010-05-07 19:00:00,2010-05-18 14:00:00,long,1209.7799999999995,1131.8,77.97999999999979,1248.76,38.980000000000246,0.4998717619902584,2010-05-14 13:00:00,1209.7800000000002,-7.815599999999546,-0.1002256988971475,42.44,SL_breakeven,1209.88,1209.88,1.0,46.795599999999794,120.05028219599666,51.12,92.3,42.9,15.12,31.43,42.2,8,15540.0,NewYork,strong_trend/mid_vol,41.28,0.319
2020-03-05 01:00:00,2020-03-05 14:00:00,2020-03-06 17:00:00,long,1652.7499999999998,1562.85,89.89999999999985,1689.88,37.13000000000034,0.413014460511684,2020-03-06 12:00:00,1652.75,-0.8683999999997727,-0.0096596218019997,47.75,SL_breakeven,1652.85,1652.85,1.0,37.99840000000011,102.33880958793364,58.01,126.38,45.8,13.37,58.01,45.8,2,1620.0,London/NY,strong_trend/high_vol,50.57,0.319
2025-07-22 01:00:00,2025-07-22 02:00:00,2025-07-23 18:00:00,long,3401.54,3309.58,91.96000000000004,3438.66,37.11999999999989,0.4036537625054358,2025-07-23 03:00:00,3401.54,-0.8684000000000001,-0.0094432361896476,40.66,SL_breakeven,3401.64,3401.64,1.0,37.98839999999989,102.33943965517244,92.59,358.2,23.8,10.81,92.59,23.8,2,2400.0,Asia,weak_trend/low_vol,7.14,0.36
2014-03-05 01:00:00,2014-03-06 22:00:00,2014-03-18 14:00:00,long,1352.6899999999998,1319.73,32.95999999999981,1389.12,36.430000000000064,1.1052791262136006,2014-03-17 01:00:00,1352.69,-8.683999999999774,-0.2634708737864024,38.38,SL_breakeven,1352.79,1352.79,1.0,45.11399999999984,123.83749656876134,40.77,40.96,62.9,8.31,22.75,63.5,9,16800.0,Sydney,strong_trend/low_vol,9.46,0.319
2007-01-19 01:00:00,2007-01-22 16:00:00,2007-02-21 01:00:00,long,636.6800000000001,619.36,17.32000000000005,673.1,36.41999999999996,2.1027713625865965,2007-02-19 08:00:00,657.6999999999999,-5.032000000000142,-0.2905311778291067,17.95,MA18_exit,646.38,646.38,1.0,41.4520000000001,113.81658429434415,13.04,33.57,57.0,5.1,-0.35,54.6,23,42300.0,London/NY,nan/nan,30.77,0.319
2016-04-29 01:00:00,2016-04-29 04:00:00,2016-05-05 20:00:00,long,1269.7899999999995,1227.35,42.43999999999983,1303.66,33.870000000000346,0.7980678605089652,2016-05-02 15:00:00,1269.7900000000002,-5.210399999999545,-0.1227709707822706,34.87,SL_breakeven,1269.89,1269.89,1.0,39.08039999999989,115.38352524357688,47.25,98.1,30.0,7.56,25.63,35.4,5,9600.0,Asia,strong_trend/high_vol,25.7,0.325
2017-09-01 01:00:00,2017-09-01 15:00:00,2017-09-12 07:00:00,long,1323.83,1276.14,47.68999999999983,1357.5,33.67000000000007,0.7060180331306395,2017-09-08 08:00:00,1323.8300000000002,-7.815599999999773,-0.1638834137135626,34.22,SL_breakeven,1323.93,1323.93,1.0,41.48559999999985,123.2123552123545,43.77,69.32,51.1,9.23,14.84,49.8,8,15360.0,London/NY,strong_trend/mid_vol,10.77,0.319
2010-02-15 01:00:00,2010-02-15 02:00:00,2010-02-24 11:00:00,long,1096.6799999999998,1044.7,51.97999999999979,1130.28,33.600000000000136,0.6464024624855766,2010-02-22 02:00:00,1096.68,-7.815599999999774,-0.1503578299345865,40.46,SL_breakeven,1096.78,1096.78,1.0,41.41559999999991,123.26071428571352,26.4,61.76,31.1,2.59,7.95,31.5,8,13500.0,Asia,nan/nan,47.91,0.3
2024-10-24 01:00:00,2024-10-29 15:00:00,2024-10-31 15:00:00,long,2758.54,2708.64,49.90000000000009,2790.0,31.46000000000004,0.630460921843687,2024-10-31 03:00:00,2758.54,-3.4736,-0.0696112224448896,35.46,SL_breakeven,2758.64,2758.64,1.0,34.933600000000034,111.04132231404957,91.38,333.32,62.6,18.67,91.38,62.6,3,2880.0,London/NY,strong_trend/low_vol,3.51,0.344
2024-07-08 01:00:00,2024-07-11 15:00:00,2024-07-12 15:00:00,long,2393.02,2293.46,99.55999999999996,2424.4,31.38000000000011,0.3151868220168755,2024-07-11 18:00:00,2393.02,-0.8684000000000001,-0.008722378465247,33.08,SL_breakeven,2393.12,2393.12,1.0,32.24840000000011,102.76736775015934,31.04,200.85,42.0,7.37,69.37,46.5,2,1440.0,London/NY,strong_trend/mid_vol,90.53,0.344
2010-04-07 01:00:00,2010-04-07 16:00:00,2010-04-16 17:00:00,long,1138.4899999999998,1101.5,36.98999999999978,1169.37,30.88000000000011,0.8348202216815435,2010-04-12 01:00:00,1143.87,-4.172399999999664,-0.1127980535279721,29.18,SL_swing,1143.97,1143.97,1.0,35.05239999999977,113.51165803108694,42.47,57.92,45.2,6.95,30.55,47.4,8,13020.0,London/NY,strong_trend/low_vol,104.89,0.319
2005-09-14 01:00:00,2005-09-14 15:00:00,2005-10-19 17:00:00,long,449.56000000000006,428.37,21.19000000000005,480.09,30.52999999999992,1.4407739499763963,2005-10-12 10:00:00,464.19,-15.76400000000007,-0.743935818782446,16.13,SL_swing,464.29,464.29,1.0,46.29399999999999,151.63445791025256,7.23,34.93,39.7,4.08,2.47,25.7,26,50520.0,London/NY,weak_trend/mid_vol,18.29,0.319
2007-03-22 01:00:00,2007-03-22 01:00:00,2007-04-26 15:00:00,long,664.7,635.85,28.850000000000023,693.67,28.969999999999917,1.0041594454072753,2007-04-20 15:00:00,677.64,-17.454000000000065,-0.6049913344887365,19.83,SL_swing,677.74,677.74,1.0,46.42399999999998,160.24853296513675,8.28,43.53,25.7,4.16,6.15,20.3,26,51240.0,Asia,strong_trend/low_vol,12.88,0.355
2023-03-27 01:00:00,2023-04-04 17:00:00,2023-04-06 16:00:00,long,2003.05,1943.9,59.14999999999964,2031.97,28.9200000000003,0.4889264581572354,2023-04-05 16:00:00,2003.05,-3.473599999999545,-0.0587252747252674,30.97,SL_breakeven,2003.15,2003.15,1.0,32.39359999999984,112.01106500691392,63.65,170.86,27.8,28.67,55.48,29.1,3,2820.0,NewYork,strong_trend/high_vol,76.73,0.319
2023-07-13 01:00:00,2023-07-13 04:00:00,2023-07-21 16:00:00,long,1959.8,1902.5,57.29999999999973,1987.38,27.580000000000386,0.4813263525305499,2023-07-20 06:00:00,1959.8,-6.947199999999546,-0.1212425828970258,29.02,SL_breakeven,1959.9,1959.9,1.0,34.52719999999993,125.18926758520468,42.77,58.66,33.4,8.02,32.94,34.6,7,12240.0,Asia,strong_trend/low_vol,22.28,0.3379999999999999
2018-04-10 01:00:00,2018-04-10 03:00:00,2018-04-12 17:00:00,long,1338.1,1321.18,16.919999999999845,1365.17,27.070000000000164,1.5998817966903316,2018-04-11 18:00:00,1338.1,-3.473599999999773,-0.2052955082742201,27.49,SL_breakeven,1338.2,1338.2,1.0,30.543599999999937,112.8319172515691,8.47,35.04,13.6,1.93,19.48,16.7,3,3720.0,Asia,range/high_vol,17.55,0.331
2025-01-24 01:00:00,2025-01-24 02:00:00,2025-01-27 04:00:00,long,2758.86,2689.31,69.54999999999973,2785.82,26.96000000000049,0.3876347951114392,2025-01-24 17:00:00,2758.86,-0.8683999999995453,-0.0124859813084047,32.2,SL_breakeven,2758.96,2758.96,1.0,27.82840000000004,103.22106824925642,73.9,163.32,45.8,21.31,80.45,48.1,2,4440.0,Asia,strong_trend/low_vol,197.18,0.36
2004-03-17 01:00:00,2004-03-17 20:00:00,2004-04-13 01:00:00,long,403.87000000000006,394.0,9.87000000000006,430.5,26.62999999999994,2.698074974670696,2004-04-01 16:00:00,417.93,-9.386800000000116,-0.951043566362721,17.97,MA18_exit,412.03,412.03,1.0,36.01680000000005,135.24896733007938,15.56,23.03,57.3,4.3,-0.72,43.6,20,37740.0,NewYork,range/mid_vol,3.09,0.319
2010-03-01 01:00:00,2010-03-01 01:00:00,2010-03-08 18:00:00,long,1118.6,1044.7,73.89999999999986,1144.59,25.99000000000001,0.3516914749661712,2010-03-03 18:00:00,1118.6,-6.078799999999774,-0.082257104194855,26.42,SL_breakeven,1118.7,1118.7,1.0,32.06879999999978,123.38899576760204,33.68,63.8,27.4,4.64,22.73,32.3,6,11100.0,Asia,nan/nan,19.06,0.355
2010-11-08 01:00:00,2010-11-08 02:00:00,2010-11-09 22:00:00,long,1398.04,1325.51,72.52999999999997,1423.9,25.860000000000127,0.3565421205018632,2010-11-09 20:00:00,1398.0400000000002,-0.8683999999997727,-0.0119729766992937,40.86,SL_breakeven,1398.14,1398.14,1.0,26.7283999999999,103.35808197989084,53.52,147.14,29.7,6.59,53.52,29.7,2,2640.0,Asia,nan/nan,32.9,0.3
2022-01-13 01:00:00,2022-01-13 07:00:00,2022-01-26 21:00:00,long,1828.18,1782.5,45.67999999999984,1853.75,25.570000000000164,0.5597635726795153,2022-01-25 21:00:00,1828.18,-9.552399999999771,-0.2091155866900133,38.31,SL_breakeven,1828.28,1828.28,1.0,35.122399999999935,137.35784122017876,24.13,13.94,18.8,5.21,27.21,20.1,10,19560.0,Asia,weak_trend/low_vol,146.22,0.325
2017-08-21 01:00:00,2017-08-28 17:00:00,2017-08-31 04:00:00,long,1301.0299999999995,1280.49,20.539999999999736,1325.95,24.9200000000003,1.2132424537488131,2017-08-29 11:00:00,1301.0300000000002,-4.341999999999546,-0.2113924050632717,27.66,SL_breakeven,1301.13,1301.13,1.0,29.261999999999844,117.4237560192596,28.59,49.88,34.6,4.58,22.76,38.5,4,3540.0,NewYork,nan/nan,56.47,0.319
2008-02-28 01:00:00,2008-02-28 17:00:00,2008-03-04 18:00:00,long,964.4,896.08,68.32000000000005,989.16,24.75999999999988,0.3624121779859464,2008-03-03 17:00:00,964.4,-2.6052000000001136,-0.0381323185011725,28.11,SL_breakeven,964.5,964.5,1.0,27.36519999999999,110.52180936995204,43.71,167.13,37.3,11.43,49.29,41.5,4,7260.0,NewYork,strong_trend/high_vol,67.43,0.319
2004-11-05 01:00:00,2004-11-05 17:00:00,2004-12-08 09:00:00,long,432.71,416.45,16.260000000000048,456.48,23.769999999999985,1.4618696186961817,2004-12-02 09:00:00,445.73,-13.900400000000085,-0.8548831488314909,11.25,SL_swing,445.83,445.83,1.0,37.67040000000007,158.47875473285694,9.81,37.73,70.3,3.83,2.93,58.6,24,47040.0,NewYork,weak_trend/mid_vol,0.71,0.319
2010-01-11 01:00:00,2010-01-11 01:00:00,2010-01-12 19:00:00,long,1138.62,1085.6,53.01999999999998,1160.95,22.330000000000155,0.4211618257261441,2010-01-11 15:00:00,1138.62,-0.8683999999997727,-0.0163787250094261,24.5,SL_breakeven,1138.72,1138.72,1.0,23.19839999999993,103.8889386475583,28.34,108.83,23.4,2.22,42.03,25.7,2,2520.0,Asia,nan/nan,6.97,0.355
2008-01-04 01:00:00,2008-01-08 10:00:00,2008-01-10 14:00:00,long,869.01,784.76,84.25,891.04,22.029999999999973,0.2614836795252222,2008-01-09 09:00:00,869.01,-3.4736,-0.0412296735905044,22.56,SL_breakeven,869.11,869.11,1.0,25.50359999999997,115.76758965047664,50.3,109.91,56.1,10.43,46.75,60.0,3,3120.0,London,strong_trend/mid_vol,67.38,0.319
2007-07-11 01:00:00,2007-07-11 03:00:00,2007-07-26 18:00:00,long,664.95,644.52,20.430000000000064,686.97,22.019999999999985,1.0778267254038136,2007-07-24 15:00:00,664.9499999999999,-14.762800000000112,-0.7226040137053386,25.87,SL_breakeven,665.05,665.05,1.0,36.782800000000094,167.04268846503234,18.75,13.79,43.0,5.94,8.95,43.9,12,22500.0,Asia,weak_trend/low_vol,11.65,0.331
2014-03-03 01:00:00,2014-03-03 01:00:00,2014-03-04 14:00:00,long,1333.4599999999998,1307.34,26.11999999999989,1354.72,21.26000000000022,0.8139356814701496,2014-03-03 18:00:00,1333.46,-0.8683999999997727,-0.0332465543644631,23.02,SL_breakeven,1333.56,1333.56,1.0,22.128399999999992,104.08466603950971,18.72,5.17,56.7,12.87,37.75,55.7,2,2220.0,Asia,nan/nan,55.66,0.355
2025-12-02 01:00:00,2025-12-11 18:00:00,2025-12-11 21:00:00,long,4264.580000000001,4022.08,242.5000000000009,4285.7,21.11999999999898,0.0870927835051501,2025-12-11 20:00:00,4264.58,-9.094947017729282e-13,-3.750493615558453e-15,23.4,SL_breakeven,4264.68,4264.68,1.0,21.11999999999989,100.0000000000043,72.05,634.5,30.4,9.84,72.05,30.4,1,180.0,NewYork,strong_trend/mid_vol,369.7,0.344
2025-12-15 01:00:00,2025-12-18 18:00:00,2025-12-18 19:00:00,long,4353.52,4169.84,183.6800000000003,4374.4,20.8799999999992,0.1136759581881487,2025-12-18 18:00:00,4353.52,-9.094947017729282e-13,-4.9515173223700286e-15,52.63,SL_breakeven,4353.62,4353.62,1.0,20.88000000000011,100.00000000000436,115.48,665.88,38.0,40.32,115.48,38.0,1,60.0,NewYork,strong_trend/mid_vol,412.63,0.344
2006-07-13 01:00:00,2006-07-13 20:00:00,2006-07-17 16:00:00,long,655.12,619.36,35.75999999999999,675.82,20.700000000000045,0.578859060402686,2006-07-17 10:00:00,655.12,-1.7368,-0.0485682326621924,26.04,SL_breakeven,655.22,655.22,1.0,22.436800000000044,108.39033816425118,48.0,53.51,48.9,14.04,48.0,48.9,3,5520.0,NewYork,strong_trend/high_vol,0.83,0.319
2026-01-07 01:00:00,2026-01-07 01:00:00,2026-01-09 19:00:00,long,4497.250000000001,4273.8,223.45000000000076,4516.9,19.649999999998727,0.0879391362720906,2026-01-09 17:00:00,4497.25,-3.4736000000009097,-0.0155453121503732,35.28,SL_breakeven,4497.35,4497.35,1.0,23.12359999999964,117.6773536895732,86.28,738.11,43.3,39.57,86.28,43.3,3,3960.0,Asia,strong_trend/high_vol,1099.55,0.55
2022-04-13 01:00:00,2022-04-13 12:00:00,2022-04-18 20:00:00,long,1978.71,1915.04,63.669999999999845,1998.27,19.560000000000173,0.3072090466467759,2022-04-18 15:00:00,1978.71,-3.473599999999773,-0.0545563059525644,20.72,SL_breakeven,1978.81,1978.81,1.0,23.033599999999947,117.75869120654264,31.78,113.76,32.6,6.55,31.78,32.6,3,7680.0,London,strong_trend/mid_vol,3.58,0.319
2012-11-09 01:00:00,2012-11-09 02:00:00,2012-11-28 14:00:00,long,1735.0599999999995,1672.51,62.54999999999973,1754.04,18.98000000000025,0.3034372501998453,2012-11-23 19:00:00,1735.0600000000002,-14.762799999999544,-0.2360159872102255,20.69,SL_breakeven,1735.16,1735.16,1.0,33.74279999999979,177.7808219178048,11.35,55.63,16.1,2.97,18.56,20.6,14,28080.0,Asia,strong_trend/low_vol,0.79,0.3
2008-01-11 01:00:00,2008-01-11 01:00:00,2008-01-15 19:00:00,long,894.94,784.76,110.18000000000008,913.92,18.979999999999905,0.1722635687057532,2008-01-14 11:00:00,894.9399999999999,-1.7368000000001138,-0.0157632964240344,20.35,SL_breakeven,895.04,895.04,1.0,20.716800000000017,109.15068493150748,52.29,122.06,63.1,15.37,55.55,65.4,3,6840.0,Asia,strong_trend/high_vol,41.45,0.355
2009-07-17 01:00:00,2009-07-20 04:00:00,2009-07-28 18:00:00,long,940.18,904.49,35.690000000000055,958.42,18.239999999999892,0.5110675259176203,2009-07-27 14:00:00,940.18,-6.947200000000115,-0.1946539646959962,24.39,SL_breakeven,940.28,940.28,1.0,25.18720000000001,138.08771929824647,18.2,50.43,39.1,2.67,19.97,41.1,7,12360.0,Asia,nan/nan,31.1,0.325
2010-04-29 01:00:00,2010-04-30 03:00:00,2010-05-04 17:00:00,long,1173.85,1131.8,42.04999999999996,1191.94,18.090000000000146,0.4302021403091597,2010-05-04 15:00:00,1173.85,-1.7367999999997727,-0.0413032104637282,18.52,SL_breakeven,1173.95,1173.95,1.0,19.82679999999992,109.60088446655476,26.26,76.89,41.6,6.27,26.26,41.6,3,6600.0,Asia,strong_trend/low_vol,74.91,0.331
2026-09-15 01:00:00,2026-09-16 22:00:00,2026-09-16 22:00:00,short,4253.239999999999,4510.64,257.40000000000146,4235.17,18.0699999999988,0.0702020202020151,2026-09-16 22:00:00,4253.240000000001,-1.8189894035458565e-12,-7.066780899556512e-15,52.3,SL_breakeven,4253.14,4253.14,1.0,18.07000000000062,100.00000000001006,-156.69,-92.12,30.8,-23.94,-156.69,30.8,1,0.0,Sydney,strong_trend/mid_vol,8.81,0.51
2023-03-22 01:00:00,2023-03-23 15:00:00,2023-03-24 08:00:00,long,1985.22,1809.25,175.96999999999977,2003.18,17.960000000000264,0.1020628516224372,2023-03-23 20:00:00,1985.22,-0.8683999999997727,-0.0049349320906959,18.06,SL_breakeven,1985.32,1985.32,1.0,18.82840000000004,104.83518930957553,87.86,102.9,41.7,23.91,101.18,42.8,2,1020.0,London/NY,strong_trend/high_vol,63.32,0.319
2017-08-02 01:00:00,2017-08-09 15:00:00,2017-08-15 04:00:00,long,1274.2599999999998,1243.73,30.529999999999745,1292.01,17.750000000000227,0.5813953488372215,2017-08-11 15:00:00,1274.26,-5.210399999999773,-0.1706649197510585,19.08,SL_breakeven,1274.36,1274.36,1.0,22.9604,129.35436619718143,26.11,30.8,39.4,8.07,16.75,44.2,5,7980.0,London/NY,strong_trend/low_vol,83.24,0.319
2023-12-26 01:00:00,2023-12-27 16:00:00,2023-12-28 21:00:00,long,2070.72,1972.94,97.77999999999976,2088.36,17.640000000000327,0.1804049907956675,2023-12-28 04:00:00,2070.7200000000003,-2.605199999999545,-0.0266434853753277,22.48,SL_breakeven,2070.82,2070.82,1.0,20.245199999999876,114.76870748299037,46.14,72.32,45.9,4.3,46.14,45.9,2,1740.0,London/NY,strong_trend/mid_vol,8.1,0.319
2012-09-06 01:00:00,2012-09-06 04:00:00,2012-09-07 03:00:00,long,1696.0499999999995,1646.87,49.17999999999984,1713.12,17.070000000000164,0.3470923139487641,2012-09-06 15:00:00,1696.0500000000002,-0.8683999999995453,-0.0176575843838867,18.3,SL_breakeven,1696.15,1696.15,1.0,17.93839999999971,105.08728763913028,42.39,8.06,43.2,12.86,44.74,46.0,2,1380.0,Asia,strong_trend/low_vol,99.8,0.325
2026-09-10 01:00:00,2026-09-10 15:00:00,2026-09-10 16:00:00,short,4340.759999999999,4510.64,169.88000000000102,4324.43,16.329999999999018,0.0961266776548088,2026-09-10 15:00:00,4340.76,-9.094947017729282e-13,-5.353747950158481e-15,53.74,SL_breakeven,4340.66,4340.66,1.0,16.329999999999927,100.00000000000556,-74.59,-60.72,24.5,1.65,-74.59,24.5,1,60.0,London/NY,weak_trend/mid_vol,105.59,0.51
2009-09-09 01:00:00,2009-09-11 16:00:00,2009-09-18 11:00:00,long,1007.31,939.27,68.04000000000008,1023.59,16.279999999999973,0.2392710170487941,2009-09-17 09:00:00,1007.31,-6.078800000000114,-0.0893415637860098,16.61,SL_breakeven,1007.41,1007.41,1.0,22.358800000000087,137.3390663390671,38.55,57.28,51.2,10.49,30.95,53.5,6,9780.0,London/NY,strong_trend/low_vol,62.65,0.319
2020-06-23 01:00:00,2020-06-23 16:00:00,2020-06-24 16:00:00,long,1763.2599999999998,1704.02,59.23999999999978,1779.39,16.130000000000337,0.2722822417285684,2020-06-24 13:00:00,1763.26,-0.8683999999997727,-0.0146590141796045,17.64,SL_breakeven,1763.36,1763.36,1.0,16.99840000000011,105.38375697458,41.93,143.55,22.0,7.17,41.93,22.0,2,1440.0,London/NY,range/mid_vol,126.33,0.319
2019-06-04 01:00:00,2019-06-04 10:00:00,2019-06-05 18:00:00,long,1328.1,1274.95,53.14999999999986,1344.05,15.950000000000044,0.3000940733772358,2019-06-05 15:00:00,1328.1,-0.8683999999997727,-0.016338664158039,17.13,SL_breakeven,1328.2,1328.2,1.0,16.81839999999982,105.44451410658164,34.94,28.45,23.3,5.95,34.94,23.3,2,1920.0,London,weak_trend/low_vol,111.04,0.319
2009-10-07 01:00:00,2009-10-07 11:00:00,2009-10-08 17:00:00,long,1043.3199999999997,987.29,56.02999999999975,1058.17,14.850000000000364,0.2650365875423957,2009-10-08 10:00:00,1043.3200000000002,-2.605199999999545,-0.0464965197215698,15.35,SL_breakeven,1043.42,1043.42,1.0,17.45519999999991,117.54343434343085,35.49,75.48,27.0,6.1,35.49,27.0,2,1800.0,London,weak_trend/low_vol,54.59,0.319
2017-07-19 01:00:00,2017-07-20 17:00:00,2017-07-26 08:00:00,long,1244.7199999999998,1204.83,39.88999999999987,1258.79,14.070000000000164,0.3527199799448535,2017-07-24 15:00:00,1244.72,-3.473599999999773,-0.0870794685384754,14.01,SL_breakeven,1244.82,1244.82,1.0,17.543599999999937,124.68798862828524,24.15,1.12,37.1,-0.31,18.57,42.5,5,8100.0,NewYork,strong_trend/low_vol,56.11,0.319
2010-06-25 01:00:00,2010-06-25 14:00:00,2010-06-28 17:00:00,long,1247.9699999999998,1214.97,32.99999999999977,1261.86,13.8900000000001,0.4209090909090968,2010-06-28 16:00:00,1247.97,-0.8683999999997727,-0.0263151515151448,15.61,SL_breakeven,1248.07,1248.07,1.0,14.758399999999872,106.251979841611,22.29,104.48,24.5,4.46,22.29,24.5,2,4500.0,London/NY,weak_trend/mid_vol,3.31,0.319
2019-06-06 01:00:00,2019-06-07 15:00:00,2019-06-14 20:00:00,long,1344.2499999999998,1274.95,69.29999999999973,1358.09,13.840000000000146,0.1997113997114026,2019-06-14 10:00:00,1344.25,-6.078799999999773,-0.0877171717171687,20.35,SL_breakeven,1344.35,1344.35,1.0,19.91879999999992,143.92196531791697,33.9,41.42,34.8,8.92,33.9,34.8,6,10380.0,London/NY,strong_trend/mid_vol,94.89,0.319
2009-11-05 01:00:00,2009-11-06 15:00:00,2009-11-10 08:00:00,long,1096.7699999999998,1026.2,70.56999999999971,1110.28,13.510000000000218,0.1914411222899287,2009-11-09 14:00:00,1096.77,-1.7367999999997727,-0.0246110245146631,13.83,SL_breakeven,1096.87,1096.87,1.0,15.246799999999991,112.8556624722409,35.28,105.11,35.7,5.94,41.84,39.9,3,5340.0,London/NY,strong_trend/mid_vol,129.17,0.319
2005-03-04 01:00:00,2005-03-04 16:00:00,2005-03-21 15:00:00,long,433.2600000000001,429.93,3.330000000000041,446.56,13.299999999999956,3.9939939939939313,2005-03-11 18:00:00,433.26,-13.026000000000057,-3.9117117117116806,16.36,SL_breakeven,433.36,433.36,1.0,26.32600000000001,197.9398496240609,9.54,15.23,31.2,3.26,1.74,35.2,12,24420.0,London/NY,strong_trend/low_vol,-0.78,0.319
2009-11-11 01:00:00,2009-11-11 07:00:00,2009-11-12 18:00:00,long,1109.16,1026.2,82.95999999999982,1122.2,13.040000000000193,0.1571841851494722,2009-11-12 08:00:00,1109.16,-2.6051999999997726,-0.031403085824491,15.6,SL_breakeven,1109.26,1109.26,1.0,15.645199999999964,119.97852760735992,48.79,110.97,47.7,8.94,48.79,47.7,2,2100.0,Asia,strong_trend/low_vol,116.78,0.325
2010-06-09 01:00:00,2010-06-18 14:00:00,2010-06-21 19:00:00,long,1251.2599999999998,1214.97,36.289999999999736,1264.29,13.0300000000002,0.3590520804629455,2010-06-21 10:00:00,1251.26,-0.8683999999997727,-0.0239294571507241,26.0,SL_breakeven,1251.36,1251.36,1.0,13.898399999999972,106.6646201074425,30.69,103.06,22.9,8.8,30.69,22.9,2,4620.0,London/NY,weak_trend/low_vol,10.92,0.319
2008-04-11 01:00:00,2008-04-16 13:00:00,2008-04-17 17:00:00,long,939.55,902.84,36.71000000000004,952.57,13.019999999999982,0.3546717515663298,2008-04-17 12:00:00,939.55,-2.6052000000001136,-0.0709670389539665,13.28,SL_breakeven,939.65,939.65,1.0,15.625200000000095,120.00921658986265,20.78,112.9,22.4,1.3,20.78,22.4,2,1680.0,London/NY,weak_trend/high_vol,6.79,0.319
2014-07-03 01:00:00,2014-07-09 21:00:00,2014-07-14 06:00:00,long,1332.16,1308.94,23.2199999999998,1345.03,12.870000000000118,0.5542635658914827,2014-07-10 15:00:00,1332.16,-4.341999999999773,-0.1869939707148928,13.97,SL_breakeven,1332.26,1332.26,1.0,17.21199999999989,133.73737373737166,15.03,26.17,26.5,8.66,18.48,27.3,4,6300.0,NewYork,strong_trend/low_vol,1.25,0.319
2007-10-12 01:00:00,2007-10-15 08:00:00,2007-10-16 17:00:00,long,753.6800000000001,726.49,27.19000000000005,766.48,12.799999999999956,0.4707613093048889,2007-10-16 10:00:00,753.68,-0.8684000000001137,-0.0319382125781578,12.86,SL_breakeven,753.78,753.78,1.0,13.668400000000068,106.7843750000009,21.03,67.09,39.7,5.24,21.03,39.7,2,1980.0,London,nan/nan,91.64,0.325
2026-09-14 01:00:00,2026-09-14 12:00:00,2026-09-14 13:00:00,short,4291.749999999999,4510.64,218.89000000000124,4278.97,12.779999999998836,0.0583854904289769,2026-09-14 12:00:00,4291.75,-9.094947017729282e-13,-4.155030845506524e-15,33.07,SL_breakeven,4291.65,4291.65,1.0,12.779999999999744,100.00000000000712,-123.47,-66.33,26.2,-2.98,-123.47,26.2,1,60.0,London,nan/nan,56.58,0.51
2010-01-06 01:00:00,2010-01-06 15:00:00,2010-01-08 01:00:00,long,1127.7299999999998,1085.6,42.12999999999988,1140.02,12.290000000000193,0.2917161167813963,2010-01-06 21:00:00,1127.73,-3.473599999999773,-0.082449560882976,13.36,SL_breakeven,1127.83,1127.83,1.0,15.763599999999965,128.26362896663727,11.36,110.02,18.4,-2.9,23.36,24.0,3,2040.0,London/NY,weak_trend/mid_vol,33.22,0.319
2026-09-11 01:00:00,2026-09-11 02:00:00,2026-09-11 07:00:00,short,4313.299999999999,4510.64,197.34000000000103,4301.02,12.279999999998836,0.0622276274450125,2026-09-11 06:00:00,4313.3,-9.094947017729282e-13,-4.608770151884684e-15,34.73,SL_breakeven,4313.2,4313.2,1.0,12.279999999999744,100.0000000000074,-153.16,-66.58,25.0,-3.6,-153.16,25.0,1,300.0,Asia,weak_trend/mid_vol,78.13,0.54
2008-05-21 01:00:00,2008-05-21 11:00:00,2008-05-22 13:00:00,long,922.81,859.77,63.04000000000008,934.92,12.1099999999999,0.1921002538071047,2008-05-22 03:00:00,922.81,-2.6052000000001136,-0.0413261421319814,12.41,SL_breakeven,922.91,922.91,1.0,14.715200000000014,121.51279933939006,49.89,44.34,30.9,4.51,49.89,30.9,2,1560.0,London,strong_trend/mid_vol,7.58,0.319
2007-12-28 01:00:00,2007-12-28 13:00:00,2007-12-31 17:00:00,long,831.1600000000001,784.76,46.40000000000009,842.9,11.739999999999895,0.2530172413793076,2007-12-31 04:00:00,831.16,-0.8684000000001137,-0.0187155172413817,12.41,SL_breakeven,831.26,831.26,1.0,12.608400000000008,107.39693356047805,33.89,95.63,25.9,6.18,33.89,25.9,2,4560.0,London/NY,weak_trend/high_vol,101.58,0.319
2019-05-09 01:00:00,2019-05-13 15:00:00,2019-05-16 15:00:00,long,1291.62,1266.2,25.419999999999845,1303.24,11.620000000000118,0.4571203776553968,2019-05-14 03:00:00,1291.62,-4.341999999999773,-0.1708103855232021,13.38,SL_breakeven,1291.72,1291.72,1.0,15.961999999999891,137.3666092943178,19.95,25.46,21.1,0.78,13.93,27.5,4,4320.0,London/NY,nan/nan,66.47,0.319
2010-04-19 01:00:00,2010-04-27 18:00:00,2010-04-28 15:00:00,long,1160.4,1144.47,15.929999999999836,1171.73,11.330000000000156,0.7112366603892197,2010-04-27 22:00:00,1160.4,-0.8683999999997727,-0.0545134965473811,11.26,SL_breakeven,1160.5,1160.5,1.0,12.198399999999928,107.66460723742064,8.62,71.42,30.2,7.02,20.37,31.7,2,1260.0,NewYork,strong_trend/low_vol,88.36,0.319
2016-02-12 01:00:00,2016-03-03 22:00:00,2016-03-04 14:00:00,long,1263.5299999999995,1211.46,52.06999999999971,1274.73,11.200000000000273,0.2150950643364765,2016-03-04 11:00:00,1263.5300000000002,-0.8683999999995453,-0.0166775494526512,11.14,SL_breakeven,1263.63,1263.63,1.0,12.068399999999816,107.75357142856716,39.85,91.79,27.7,12.11,39.85,27.7,2,960.0,Sydney,strong_trend/high_vol,20.66,0.319
2004-10-05 01:00:00,2004-10-05 19:00:00,2004-11-02 18:00:00,long,418.84,394.11,24.730000000000015,430.04,11.199999999999989,0.4528912252325103,2004-11-01 17:00:00,419.09,-24.065200000000065,-0.9731176708451292,11.91,SL_swing,419.19,419.19,1.0,35.26520000000005,314.867857142858,6.61,19.33,28.1,1.41,4.81,28.8,21,40260.0,NewYork,strong_trend/low_vol,35.53,0.319
2005-02-15 01:00:00,2005-02-15 15:00:00,2005-03-02 10:00:00,long,426.08,409.64,16.440000000000055,437.15,11.069999999999936,0.6733576642335706,2005-02-28 17:00:00,429.33,-9.776000000000057,-0.5946472019464735,8.37,SL_swing,429.43,429.43,1.0,20.845999999999997,188.31074977416543,11.33,8.1,39.1,1.86,7.4,37.9,12,21300.0,London/NY,strong_trend/low_vol,17.23,0.319
2010-08-06 01:00:00,2010-08-06 15:00:00,2010-08-09 16:00:00,long,1199.4499999999998,1156.93,42.51999999999976,1210.46,11.010000000000218,0.2589369708372597,2010-08-06 17:00:00,1199.45,-0.8683999999997727,-0.0204233301975488,11.16,SL_breakeven,1199.55,1199.55,1.0,11.87839999999999,107.88737511353092,7.11,35.24,30.1,-1.72,17.68,33.4,2,4380.0,London/NY,strong_trend/low_vol,54.85,0.319
2025-11-14 01:00:00,2025-12-01 03:00:00,2025-12-01 04:00:00,long,4245.120000000001,4022.08,223.04000000000087,4256.06,10.9399999999996,0.0490494978479176,2025-12-01 03:00:00,4245.12,-9.094947017729282e-13,-4.0777201478341314e-15,36.5,SL_breakeven,4245.22,4245.22,1.0,10.94000000000051,100.00000000000831,120.23,629.68,35.8,33.6,120.23,35.8,1,60.0,Asia,nan/nan,304.6,0.3979999999999999
2020-01-16 01:00:00,2020-01-16 02:00:00,2020-01-21 09:00:00,long,1558.35,1540.1,18.25,1568.51,10.160000000000082,0.5567123287671277,2020-01-21 04:00:00,1558.35,-2.6051999999997726,-0.1427506849314944,10.27,SL_breakeven,1558.45,1558.45,1.0,12.765199999999854,125.64173228346212,18.28,106.11,51.7,12.66,18.28,51.7,4,7620.0,Asia,strong_trend/mid_vol,51.11,0.3
2009-09-04 01:00:00,2009-09-08 03:00:00,2009-09-08 18:00:00,long,997.08,939.27,57.81000000000006,1007.11,10.029999999999973,0.1734993945684131,2009-09-08 11:00:00,997.08,-1.1368683772161605e-13,-1.966560071295899e-15,12.78,SL_breakeven,997.18,997.18,1.0,10.030000000000086,100.00000000000114,38.17,42.87,43.7,7.79,38.17,43.7,1,900.0,Asia,strong_trend/low_vol,50.65,0.331
2013-01-16 01:00:00,2013-01-17 17:00:00,2013-01-18 21:00:00,long,1685.33,1626.33,59.0,1695.35,10.019999999999982,0.1698305084745759,2013-01-17 19:00:00,1685.3300000000002,-0.8683999999997727,-0.0147186440677927,10.8,SL_breakeven,1685.43,1685.43,1.0,10.888399999999754,108.6666666666644,14.36,3.47,24.4,2.24,20.35,27.9,2,1680.0,NewYork,weak_trend/mid_vol,10.72,0.319
2019-01-03 01:00:00,2019-01-03 01:00:00,2019-01-04 15:00:00,long,1288.87,1232.86,56.00999999999999,1298.54,9.670000000000073,0.172647741474738,2019-01-04 03:00:00,1288.87,-0.8683999999997727,-0.0155043742188854,12.79,SL_breakeven,1288.97,1288.97,1.0,10.538399999999845,108.98035160289312,34.73,8.88,56.8,8.21,34.73,56.8,2,2280.0,Asia,strong_trend/low_vol,37.38,0.355
2009-05-06 01:00:00,2009-05-07 12:00:00,2009-05-07 16:00:00,long,915.43,879.62,35.81000000000006,924.99,9.559999999999944,0.2669645350460745,2009-05-07 15:00:00,915.43,-1.1368683772161605e-13,-3.174723198034511e-15,10.85,SL_breakeven,915.53,915.53,1.0,9.56000000000006,100.0000000000012,18.11,39.35,20.0,3.86,18.11,20.0,1,240.0,London,weak_trend/low_vol,73.86,0.319
2024-02-26 01:00:00,2024-02-29 15:00:00,2024-03-01 10:00:00,long,2041.48,2015.96,25.519999999999754,2050.6,9.120000000000118,0.3573667711598827,2024-02-29 17:00:00,2041.48,-0.8683999999997727,-0.0340282131661356,11.68,SL_breakeven,2041.58,2041.58,1.0,9.98839999999989,109.52192982455878,11.99,55.63,31.4,-2.11,20.73,33.0,2,1140.0,London/NY,strong_trend/low_vol,235.38,0.344
2006-11-14 01:00:00,2006-11-22 15:00:00,2006-11-28 17:00:00,long,632.5200000000001,613.98,18.54000000000008,641.41,8.889999999999873,0.4795037756202716,2006-11-28 01:00:00,632.52,-5.2104000000001145,-0.2810355987055066,9.23,SL_breakeven,632.62,632.62,1.0,14.100399999999986,158.60967379077826,13.87,15.56,36.9,4.52,13.87,36.9,5,8760.0,London/NY,strong_trend/low_vol,17.11,0.319
2007-01-16 01:00:00,2007-01-16 16:00:00,2007-01-18 20:00:00,long,627.97,601.59,26.379999999999995,636.48,8.509999999999991,0.3225928733889307,2007-01-18 16:00:00,627.97,-3.4736,-0.1316755117513268,10.35,SL_breakeven,628.07,628.07,1.0,11.983599999999992,140.81786133960054,7.75,1.85,25.3,1.32,7.75,25.3,3,3120.0,London/NY,weak_trend/low_vol,43.74,0.319
2009-05-08 01:00:00,2009-05-13 02:00:00,2009-05-18 16:00:00,long,925.19,879.62,45.57000000000006,933.69,8.5,0.1865262233925826,2009-05-15 18:00:00,925.19,-4.342000000000114,-0.0952819837612488,14.83,SL_breakeven,925.29,925.29,1.0,12.842000000000114,151.08235294117782,21.12,50.31,35.5,8.17,24.01,39.3,4,8040.0,Asia,strong_trend/low_vol,64.1,0.3
2024-10-22 01:00:00,2024-10-22 16:00:00,2024-10-23 04:00:00,long,2740.62,2601.73,138.88999999999987,2748.78,8.16000000000031,0.0587515299877623,2024-10-22 23:00:00,2740.62,-0.8684000000000001,-0.0062524299805601,10.94,SL_breakeven,2740.72,2740.72,1.0,9.028400000000309,110.64215686274468,59.69,322.22,45.1,10.6,84.84,49.3,2,720.0,London/NY,strong_trend/low_vol,49.38,0.344
2006-11-29 01:00:00,2006-11-30 15:00:00,2006-12-04 17:00:00,long,641.61,613.98,27.629999999999995,649.63,8.019999999999982,0.2902642055736512,2006-12-01 17:00:00,641.61,-1.7368,-0.0628592110025335,9.79,SL_breakeven,641.71,641.71,1.0,9.756799999999982,121.65586034912724,17.49,16.95,39.6,2.71,15.4,41.7,3,5880.0,London/NY,strong_trend/low_vol,6.77,0.319
2011-10-28 01:00:00,2011-10-28 03:00:00,2011-11-03 14:00:00,long,1750.08,1603.72,146.3599999999999,1758.08,8.0,0.0546597430992074,2011-11-03 13:00:00,1750.0800000000002,-5.2103999999997725,-0.0355998906805122,26.84,SL_breakeven,1750.18,1750.18,1.0,13.210399999999773,165.12999999999715,50.99,117.99,22.9,13.32,50.99,22.9,5,9300.0,Asia,strong_trend/high_vol,52.82,0.331
2008-02-21 01:00:00,2008-02-21 10:00:00,2008-02-21 20:00:00,long,945.54,896.08,49.46000000000004,953.43,7.889999999999873,0.1595228467448416,2008-02-21 18:00:00,945.54,-1.1368683772161605e-13,-2.298561215560371e-15,9.35,SL_breakeven,945.64,945.64,1.0,7.889999999999986,100.00000000000144,29.87,162.09,21.0,3.35,29.87,21.0,1,600.0,London,weak_trend/high_vol,86.29,0.319
2006-08-02 01:00:00,2006-08-02 04:00:00,2006-08-02 18:00:00,long,648.2800000000001,601.46,46.82000000000006,655.93,7.649999999999864,0.1633917129431835,2006-08-02 16:00:00,648.28,-1.1368683772161605e-13,-2.428168255480903e-15,7.81,SL_breakeven,648.38,648.38,1.0,7.649999999999977,100.00000000000148,11.34,63.73,25.0,1.97,11.34,25.0,1,840.0,Asia,strong_trend/high_vol,6.31,0.325
2026-09-02 01:00:00,2026-09-02 03:00:00,2026-09-02 04:00:00,short,4322.32,4696.64,374.32000000000056,4314.85,7.470000000000255,0.0199561872194919,2026-09-02 03:00:00,4322.320000000001,-9.094947017729282e-13,-2.429725106253812e-15,19.96,SL_breakeven,4322.22,4322.22,1.0,7.470000000001164,100.00000000001218,-135.63,-65.2,37.0,36.73,-135.63,37.0,1,60.0,Asia,strong_trend/mid_vol,87.15,0.53
2017-07-27 01:00:00,2017-07-27 04:00:00,2017-08-01 15:00:00,long,1263.7099999999998,1204.83,58.87999999999988,1271.13,7.4200000000003,0.1260190217391358,2017-07-31 01:00:00,1263.71,-2.6051999999997726,-0.0442459239130397,8.49,SL_breakeven,1263.81,1263.81,1.0,10.025200000000073,135.11051212937556,31.81,7.53,48.5,5.86,29.15,50.8,4,7860.0,Asia,strong_trend/low_vol,62.24,0.325
2019-03-21 01:00:00,2019-03-21 03:00:00,2019-03-26 09:00:00,long,1317.14,1280.48,36.659999999999854,1324.45,7.310000000000173,0.1993998908892581,2019-03-25 20:00:00,1317.14,-2.6051999999997726,-0.0710638297872281,8.77,SL_breakeven,1317.24,1317.24,1.0,9.915199999999944,135.63885088918894,12.5,53.56,27.1,-2.75,21.0,31.1,4,7560.0,Asia,weak_trend/mid_vol,2.12,0.331
2017-11-16 01:00:00,2017-11-17 18:00:00,2017-11-20 15:00:00,long,1289.65,1269.9,19.749999999999773,1296.94,7.290000000000191,0.3691139240506468,2017-11-17 20:00:00,1289.65,-0.8683999999997727,-0.0439696202531535,8.14,SL_breakeven,1289.75,1289.75,1.0,8.158399999999963,111.91220850479766,1.99,12.8,11.6,-0.77,16.89,13.6,2,4140.0,NewYork,range/low_vol,9.52,0.319
2007-02-23 01:00:00,2007-02-23 15:00:00,2007-02-23 21:00:00,long,681.0300000000001,655.15,25.88000000000011,688.21,7.17999999999995,0.2774343122101978,2007-02-23 17:00:00,681.03,-1.1368683772161605e-13,-4.3928453524580965e-15,7.76,SL_breakeven,681.13,681.13,1.0,7.180000000000064,100.00000000000158,16.13,39.33,50.1,4.3,16.13,50.1,1,360.0,London/NY,strong_trend/low_vol,7.44,0.319
2022-02-09 01:00:00,2022-02-09 05:00:00,2022-02-10 15:00:00,long,1828.86,1788.54,40.319999999999936,1835.99,7.130000000000109,0.1768353174603204,2022-02-10 09:00:00,1828.86,-2.6051999999997726,-0.0646130952380897,14.46,SL_breakeven,1828.96,1828.96,1.0,9.735199999999882,136.5385694249612,14.12,12.32,19.6,0.76,14.12,19.6,2,2040.0,Asia,range/low_vol,241.5,0.325
2006-07-06 01:00:00,2006-07-06 18:00:00,2006-07-07 16:00:00,long,630.11,559.78,70.33000000000004,637.0,6.889999999999986,0.0979667282809609,2006-07-07 15:00:00,630.11,-0.8684000000000001,-0.012347504621072,10.09,SL_breakeven,630.21,630.21,1.0,7.758399999999987,112.6037735849057,42.0,33.83,38.7,3.26,42.0,38.7,2,1320.0,NewYork,strong_trend/high_vol,45.71,0.319
2009-09-03 01:00:00,2009-09-03 11:00:00,2009-09-03 15:00:00,long,980.17,939.27,40.90000000000009,986.79,6.619999999999891,0.1618581907090434,2009-09-03 14:00:00,980.17,-1.1368683772161605e-13,-2.779629284147085e-15,6.55,SL_breakeven,980.27,980.27,1.0,6.6200000000000045,100.00000000000172,30.0,37.97,29.8,0.24,30.0,29.8,1,240.0,London,strong_trend/low_vol,43.42,0.319
2004-09-29 01:00:00,2004-09-29 03:00:00,2004-10-04 16:00:00,long,412.83,394.11,18.720000000000027,419.38,6.5499999999999545,0.3498931623931594,2004-10-01 08:00:00,412.83,-4.342000000000057,-0.2319444444444471,8.2,SL_breakeven,412.93,412.93,1.0,10.892000000000012,166.2900763358792,12.54,4.69,51.8,1.92,11.68,56.0,4,7980.0,Asia,strong_trend/low_vol,17.21,0.331
2026-05-12 01:00:00,2026-05-12 01:00:00,2026-05-12 02:00:00,long,4748.68,4500.66,248.02000000000044,4754.92,6.239999999999782,0.0251592613498902,2026-05-12 01:00:00,4748.679999999999,-9.094947017729282e-13,-3.667021618308711e-15,22.18,SL_breakeven,4748.78,4748.78,1.0,6.240000000000691,100.00000000001458,54.52,365.18,20.5,-13.18,54.52,20.5,1,60.0,Asia,weak_trend/mid_vol,24.66,0.55
2021-11-11 01:00:00,2021-11-12 20:00:00,2021-11-16 15:00:00,long,1868.66,1758.64,110.01999999999975,1874.8,6.1400000000001,0.0558080349027459,2021-11-16 11:00:00,1868.66,-1.7367999999997727,-0.0157862206871457,9.44,SL_breakeven,1868.76,1868.76,1.0,7.876799999999873,128.2866449511359,51.12,20.0,35.7,15.18,51.12,35.7,3,5460.0,NewYork,strong_trend/low_vol,2.15,0.319
2011-02-17 01:00:00,2011-02-17 15:00:00,2011-02-18 15:00:00,long,1382.1999999999998,1308.23,73.9699999999998,1388.28,6.080000000000155,0.0821954846559439,2011-02-18 10:00:00,1382.2,-0.8683999999997727,-0.0117398945518423,6.66,SL_breakeven,1382.3,1382.3,1.0,6.948399999999928,114.282894736838,32.13,55.38,26.1,6.08,32.13,26.1,2,1440.0,London/NY,weak_trend/low_vol,62.24,0.319
2004-09-16 01:00:00,2004-09-16 15:00:00,2004-09-24 17:00:00,long,405.80000000000007,394.11,11.690000000000056,411.62,5.819999999999936,0.4978614200171009,2004-09-23 17:00:00,405.8,-6.947200000000114,-0.5942857142857213,5.86,SL_breakeven,405.9,405.9,1.0,12.76720000000005,219.367697594505,2.82,2.84,28.8,0.32,5.24,32.6,7,11640.0,London/NY,weak_trend/low_vol,24.21,0.319
2010-02-25 01:00:00,2010-02-25 19:00:00,2010-02-26 13:00:00,long,1107.91,1044.7,63.20999999999981,1113.64,5.730000000000246,0.0906502135738057,2010-02-26 11:00:00,1107.91,-0.8683999999997727,-0.0137383325423156,6.05,SL_breakeven,1108.01,1108.01,1.0,6.5984000000000185,115.15532286212454,10.2,61.67,24.4,1.9,10.2,24.4,2,1080.0,NewYork,strong_trend/high_vol,36.68,0.319
2020-06-12 01:00:00,2020-06-19 18:00:00,2020-06-22 01:00:00,long,1744.7799999999995,1704.02,40.75999999999976,1750.48,5.700000000000273,0.1398429833169849,2020-06-22 01:00:00,1744.7800000000002,-0.8683999999995453,-0.021305201177614,6.86,SL_breakeven,1744.88,1744.88,1.0,6.568399999999818,115.23508771928954,22.87,140.86,14.1,1.13,22.87,14.1,2,3300.0,NewYork,range/mid_vol,75.66,0.319
2012-02-01 01:00:00,2012-02-01 11:00:00,2012-02-02 11:00:00,long,1747.85,1649.05,98.79999999999995,1753.31,5.460000000000036,0.0552631578947372,2012-02-02 10:00:00,1747.85,-2.6051999999997726,-0.0263684210526292,7.81,SL_breakeven,1747.95,1747.95,1.0,8.065199999999809,147.71428571428123,67.2,25.8,57.5,19.96,67.2,57.5,2,1440.0,London,strong_trend/mid_vol,42.76,0.319
2012-01-30 01:00:00,2012-01-30 01:00:00,2012-01-31 12:00:00,long,1739.58,1649.05,90.52999999999996,1744.99,5.410000000000082,0.0597591958466815,2012-01-31 10:00:00,1739.5800000000002,-0.8683999999997727,-0.0095924003092872,7.76,SL_breakeven,1739.68,1739.68,1.0,6.278399999999855,116.05175600738929,66.63,14.72,51.3,22.64,66.63,51.3,2,2100.0,Asia,nan/nan,50.77,0.355
2009-03-20 01:00:00,2009-03-20 09:00:00,2009-03-20 10:00:00,long,961.03,890.89,70.1400000000001,966.43,5.399999999999864,0.0769888793840869,2009-03-20 10:00:00,961.03,-1.1368683772161605e-13,-1.620855969797774e-15,6.18,SL_breakeven,961.13,961.13,1.0,5.399999999999977,100.0000000000021,19.99,72.37,14.8,-8.02,19.99,14.8,1,60.0,London,range/mid_vol,2.83,0.319
2010-06-23 01:00:00,2010-06-23 10:00:00,2010-06-24 22:00:00,long,1242.39,1214.97,27.419999999999845,1247.77,5.380000000000109,0.1962071480671094,2010-06-24 18:00:00,1242.39,-2.6051999999997726,-0.0950109409190294,8.81,SL_breakeven,1242.49,1242.49,1.0,7.985199999999882,148.42379182155614,7.26,103.69,23.5,4.07,7.26,23.5,2,2160.0,London,strong_trend/high_vol,19.79,0.319
2010-05-27 01:00:00,2010-05-27 06:00:00,2010-06-01 07:00:00,long,1216.37,1166.48,49.88999999999987,1221.7,5.330000000000155,0.1068350370815828,2010-06-01 06:00:00,1216.37,-2.6051999999997726,-0.0522188815393822,5.86,SL_breakeven,1216.47,1216.47,1.0,7.935199999999927,148.87804878048212,4.77,106.27,24.6,6.31,4.77,24.6,4,7260.0,Asia,strong_trend/high_vol,47.92,0.31
2007-10-05 01:00:00,2007-10-05 16:00:00,2007-10-08 10:00:00,long,738.6500000000001,721.99,16.660000000000082,743.97,5.319999999999936,0.3193277310924315,2007-10-05 19:00:00,738.65,-0.8684000000001137,-0.0521248499399825,6.97,SL_breakeven,738.75,738.75,1.0,6.18840000000005,116.32330827067904,11.26,59.74,47.7,5.47,14.04,44.2,2,3960.0,London/NY,strong_trend/high_vol,72.47,0.319
2005-09-07 01:00:00,2005-09-07 15:00:00,2005-09-13 16:00:00,long,446.06000000000006,428.37,17.690000000000055,451.33,5.269999999999925,0.2979084228377562,2005-09-12 03:00:00,446.06,-5.210400000000058,-0.2945392877331849,6.67,SL_breakeven,446.16,446.16,1.0,10.480399999999982,198.86907020873116,8.73,10.06,23.0,0.36,8.48,26.3,5,8700.0,London/NY,weak_trend/mid_vol,34.03,0.319
2010-04-02 01:00:00,2010-04-05 14:00:00,2010-04-06 04:00:00,long,1127.7399999999998,1101.5,26.23999999999978,1132.98,5.2400000000002365,0.1996951219512301,2010-04-05 20:00:00,1127.74,-0.8683999999997727,-0.0330945121951135,5.71,SL_breakeven,1127.84,1127.84,1.0,6.108400000000009,116.57251908396438,11.7,53.59,24.1,-1.06,20.89,27.6,2,840.0,London/NY,nan/nan,64.2,0.319
2006-12-29 01:00:00,2006-12-29 15:00:00,2007-01-03 12:00:00,long,635.76,611.11,24.649999999999977,640.99,5.230000000000018,0.2121703853955384,2007-01-03 09:00:00,635.76,-2.6052,-0.1056876267748479,6.12,SL_breakeven,635.86,635.86,1.0,7.835200000000018,149.8126195028679,14.01,5.68,35.3,0.33,14.01,35.3,4,7020.0,London/NY,strong_trend/low_vol,18.89,0.319
2007-10-10 01:00:00,2007-10-10 07:00:00,2007-10-10 19:00:00,long,740.32,720.32,20.0,745.53,5.209999999999923,0.2604999999999961,2007-10-10 15:00:00,740.3199999999999,-1.1368683772161605e-13,-5.684341886080802e-15,7.61,SL_breakeven,740.42,740.42,1.0,5.210000000000036,100.0000000000022,6.68,62.71,35.9,4.52,6.68,35.9,1,720.0,Asia,strong_trend/high_vol,105.0,0.325
2020-01-28 01:00:00,2020-01-31 17:00:00,2020-02-05 01:00:00,long,1588.5399999999995,1546.24,42.29999999999973,1593.49,4.950000000000273,0.1170212765957518,2020-02-03 01:00:00,1552.41,-38.73519999999965,-0.9157257683215106,44.53,MA18_exit,1546.24,1546.24,0.0,43.68519999999992,882.5292929292427,26.75,113.37,42.2,2.7,-11.24,39.0,4,6240.0,NewYork,strong_trend/mid_vol,136.85,0.319
2024-11-25 01:00:00,2024-11-25 01:00:00,2024-11-26 01:00:00,long,2716.36,2536.66,179.69999999999982,2721.18,4.820000000000164,0.0268224819143025,2024-11-25 01:00:00,2624.12,-93.10839999999978,-0.518132442960489,116.1,MA18_exit,2536.66,2536.66,0.0,97.92839999999994,2031.7095435683943,49.62,249.74,35.4,-12.65,-32.51,34.2,2,1440.0,Asia,nan/nan,101.98,0.367
2019-02-20 01:00:00,2019-02-20 03:00:00,2019-03-01 01:00:00,long,1341.9799999999998,1302.29,39.68999999999983,1346.66,4.680000000000291,0.1179138321995543,2019-02-20 04:00:00,1313.38,-38.15239999999968,-0.9612597631645212,34.14,MA18_exit,1302.29,1302.29,0.0,42.83239999999997,915.2222222221646,26.39,68.32,25.0,7.77,-6.39,22.9,8,12840.0,Asia,strong_trend/low_vol,11.07,0.331
2019-07-19 01:00:00,2019-07-19 01:00:00,2019-07-26 01:00:00,long,1448.2199999999998,1385.66,62.55999999999972,1452.89,4.6700000000003,0.074648337595913,2019-07-19 01:00:00,1413.96,-40.338799999999765,-0.6448017902813291,41.92,MA18_exit,1385.66,1385.66,0.0,45.00880000000007,963.7858672376268,34.62,119.92,30.2,3.94,-1.21,25.8,6,10080.0,Asia,strong_trend/high_vol,120.99,0.355
2015-09-11 01:00:00,2015-09-11 16:00:00,2015-09-18 01:00:00,short,1103.5400000000002,1147.86,44.31999999999971,1099.05,4.491000000000213,0.1013312274368285,2015-09-11 16:00:00,1130.675,-25.749699999999763,-0.5809950361010815,36.93,MA18_exit,1147.86,1147.86,0.0,30.240699999999972,673.3622801157546,-19.98,-53.55,22.4,-0.39,8.59,23.0,6,9180.0,London/NY,weak_trend/mid_vol,25.75,0.319
2009-04-27 01:00:00,2009-04-27 01:00:00,2009-05-01 01:00:00,long,913.45,864.33,49.120000000000005,917.94,4.490000000000009,0.0914087947882738,2009-04-27 03:00:00,887.86,-30.80040000000003,-0.6270439739413687,37.89,MA18_exit,864.33,864.33,0.0,35.29040000000004,785.9777282850773,23.44,34.25,21.6,-2.9,-0.61,18.0,5,5760.0,Asia,nan/nan,91.91,0.355
2023-10-04 01:00:00,2023-10-05 15:00:00,2023-10-16 01:00:00,short,1815.04,1947.32,132.27999999999977,1810.61,4.431000000000267,0.0334971273057172,2023-10-06 15:00:00,1928.467,-111.64589999999968,-0.8440119443604468,122.6,MA18_exit,1947.32,1947.32,0.0,116.07689999999997,2619.6547054839302,-68.16,-39.13,48.7,-16.46,60.7,34.5,8,15000.0,London/NY,strong_trend/low_vol,20.07,0.319
2019-10-10 01:00:00,2019-10-10 01:00:00,2019-10-11 01:00:00,long,1512.64,1459.01,53.62999999999988,1516.95,4.310000000000173,0.080365467089319,2019-10-10 01:00:00,1493.63,-19.878399999999765,-0.370658213686366,25.98,MA18_exit,1459.01,1459.01,0.0,24.188399999999938,561.2157772621571,3.7,133.37,13.4,1.07,-7.66,12.6,2,1440.0,Asia,range/high_vol,24.32,0.355
2017-11-23 01:00:00,2017-11-27 12:00:00,2017-11-30 19:00:00,long,1294.86,1274.57,20.289999999999964,1299.17,4.310000000000173,0.2124199112863568,2017-11-27 16:00:00,1274.47,-24.73199999999987,-1.2189255791030025,27.86,SL_initial,1274.57,1274.57,0.0,29.042000000000044,673.8283062644751,7.79,15.55,21.2,2.76,0.02,23.6,4,4740.0,London,nan/nan,40.06,0.319
2016-03-07 01:00:00,2016-03-11 03:00:00,2016-03-15 01:00:00,long,1279.9299999999998,1211.46,68.4699999999998,1284.19,4.260000000000218,0.0622170293559256,2016-03-11 03:00:00,1235.09,-46.57679999999969,-0.6802512049072562,54.99,MA18_exit,1211.46,1211.46,0.0,50.83679999999991,1193.352112675993,34.92,102.94,31.1,5.17,-6.37,27.0,3,5640.0,Asia,strong_trend/high_vol,35.8,0.331
2012-10-02 01:00:00,2012-10-04 15:00:00,2012-10-10 01:00:00,long,1791.7999999999995,1737.52,54.27999999999975,1795.85,4.050000000000182,0.0746131171702321,2012-10-05 05:00:00,1762.92,-32.35359999999965,-0.5960501105379478,35.49,MA18_exit,1737.52,1737.52,0.0,36.40359999999984,898.8543209876099,24.34,111.95,29.8,10.05,-6.69,24.1,5,7800.0,London/NY,strong_trend/low_vol,11.83,0.319
2007-08-08 01:00:00,2007-08-08 14:00:00,2007-08-10 01:00:00,long,672.57,658.35,14.220000000000027,676.6,4.029999999999973,0.2834036568213758,2007-08-08 17:00:00,660.9,-15.143600000000074,-1.0649507735583716,16.72,MA18_exit,658.35,658.35,0.0,19.173600000000047,475.7717121588133,1.76,17.59,19.3,1.51,-8.93,17.2,3,2100.0,London/NY,weak_trend/low_vol,45.8,0.319
2006-03-02 01:00:00,2006-03-02 19:00:00,2006-03-08 01:00:00,long,566.6500000000001,546.34,20.31000000000006,570.53,3.8799999999998818,0.1910388970950207,2006-03-03 02:00:00,551.28,-18.84360000000012,-0.9277991137370784,22.87,MA18_exit,546.34,546.34,0.0,22.7236,585.6597938144508,15.56,74.92,26.0,-0.91,-1.27,24.6,5,7560.0,NewYork,weak_trend/high_vol,39.95,0.319
2008-02-11 01:00:00,2008-02-11 01:00:00,2008-02-13 01:00:00,long,922.97,884.39,38.58000000000004,926.76,3.789999999999964,0.0982374287195427,2008-02-11 13:00:00,906.39,-18.31680000000004,-0.4747744945567657,24.08,MA18_exit,884.39,884.39,0.0,22.106800000000003,583.2928759894515,20.05,159.97,27.0,2.58,-0.61,26.1,3,2880.0,Asia,nan/nan,86.26,0.355
2023-08-31 01:00:00,2023-09-01 15:00:00,2023-09-13 01:00:00,long,1949.16,1884.76,64.39999999999986,1952.9,3.740000000000237,0.0580745341614944,2023-09-01 15:00:00,1911.6,-46.24399999999972,-0.7180745341614878,45.42,MA18_exit,1884.76,1884.76,0.0,49.98399999999995,1336.4705882352082,27.7,-0.76,32.0,0.37,-6.53,21.5,9,16440.0,London/NY,strong_trend/low_vol,35.72,0.319
2016-04-12 01:00:00,2016-04-12 01:00:00,2016-04-15 01:00:00,long,1258.86,1209.0,49.8599999999999,1262.59,3.730000000000018,0.0748094665062179,2016-04-12 11:00:00,1227.02,-36.18199999999992,-0.7256718812675489,38.8,MA18_exit,1209.0,1209.0,0.0,39.911999999999935,1070.0268096514676,21.53,96.08,21.0,1.06,-5.64,22.4,4,4320.0,Asia,weak_trend/high_vol,76.64,0.355
2005-04-20 01:00:00,2005-04-20 01:00:00,2005-05-03 01:00:00,long,433.64,421.3,12.340000000000032,437.22,3.579999999999984,0.2901134521880044,2005-04-26 22:00:00,428.84,-16.08920000000007,-1.3038249594813636,9.52,MA18_exit,421.3,421.3,0.0,19.669200000000053,549.4189944134117,5.98,5.38,32.3,1.29,-0.48,29.9,10,18720.0,Asia,weak_trend/low_vol,2.56,0.355
2021-07-27 01:00:00,2021-07-27 04:00:00,2021-07-30 01:00:00,short,1796.1,1833.98,37.87999999999988,1792.74,3.361000000000104,0.08872756071806,2021-07-28 21:00:00,1827.625,-30.535499999999864,-0.806111404435057,40.17,MA18_exit,1833.98,1833.98,0.0,33.89649999999997,1008.5242487354634,-6.78,-16.91,23.1,5.04,19.24,21.8,4,4140.0,Asia,weak_trend/low_vol,156.78,0.325
2014-04-11 02:00:00,2014-04-14 02:00:00,2014-04-16 02:00:00,long,1327.89,1277.68,50.20999999999981,1331.11,3.2200000000000277,0.0641306512646891,2014-04-14 17:00:00,1302.5400000000002,-27.08679999999968,-0.5394702250547656,46.76,MA18_exit,1277.68,1277.68,0.0,30.306799999999708,941.2049689440825,12.0,5.9,29.9,-8.64,-1.43,29.5,3,2880.0,Asia,nan/nan,12.98,0.3
2013-02-21 01:00:00,2013-02-21 03:00:00,2013-03-13 01:00:00,short,1558.39,1684.88,126.49,1555.28,3.115000000000009,0.0246264526840067,2013-02-21 04:00:00,1593.415,-31.462799999999863,-0.2487374496007578,64.55,MA18_exit,1684.88,1684.88,0.0,34.57779999999987,1110.0417335473442,-83.14,-17.47,47.6,-12.95,5.35,38.7,15,28680.0,Asia,strong_trend/mid_vol,52.97,0.331
2018-05-30 01:00:00,2018-06-01 15:00:00,2018-06-07 01:00:00,short,1292.5400000000002,1307.76,15.2199999999998,1289.57,2.971000000000231,0.1952036793692687,2018-06-01 15:00:00,1296.7949999999998,-3.067599999999654,-0.2015505913271809,12.52,MA18_exit,1307.76,1307.76,0.0,6.038599999999885,203.25143049476324,-2.95,-6.21,19.1,-2.39,0.07,14.8,5,7800.0,London/NY,weak_trend/low_vol,58.52,0.319
2010-03-10 01:00:00,2010-03-10 05:00:00,2010-03-11 01:00:00,long,1124.7399999999998,1088.04,36.69999999999982,1127.71,2.9700000000002547,0.0809264305177185,2010-03-10 13:00:00,1107.5400000000002,-19.80519999999959,-0.5396512261580296,24.41,MA18_exit,1088.04,1088.04,0.0,22.775199999999845,766.8417508416799,5.41,75.18,26.8,7.48,-8.84,25.3,2,1200.0,Asia,strong_trend/mid_vol,45.71,0.325
2004-02-13 01:00:00,2004-02-13 15:00:00,2004-02-20 19:00:00,long,413.6,393.74,19.860000000000014,416.44,2.839999999999975,0.143001007049344,2004-02-13 16:00:00,393.64,-26.03880000000004,-1.311117824773415,23.07,SL_initial,393.74,393.74,0.0,28.87880000000001,1016.8591549295868,6.39,26.04,27.1,0.36,3.62,27.7,6,10320.0,London/NY,strong_trend/high_vol,24.15,0.319
2020-02-10 01:00:00,2020-02-10 01:00:00,2020-02-12 01:00:00,long,1574.2099999999998,1547.42,26.789999999999736,1576.93,2.7200000000002547,0.1015304217991893,2020-02-10 19:00:00,1567.48,-8.466799999999791,-0.3160432997387038,15.01,MA18_exit,1547.42,1547.42,0.0,11.186800000000046,411.2794117646691,4.39,109.52,33.5,2.07,-0.01,32.3,3,2880.0,Asia,nan/nan,135.84,0.355
2022-06-13 01:00:00,2022-06-13 01:00:00,2022-06-13 16:00:00,long,1876.07,1836.92,39.14999999999964,1878.76,2.690000000000282,0.0687100893997524,2022-06-13 01:00:00,1836.82,-39.249999999999545,-1.002554278416345,49.72,SL_initial,1836.92,1836.92,0.0,41.93999999999983,1559.10780669128,20.9,8.15,12.1,6.81,20.9,12.1,1,900.0,Asia,nan/nan,20.6,0.355
2015-05-11 01:00:00,2015-05-11 18:00:00,2015-05-13 01:00:00,short,1181.61,1199.81,18.199999999999815,1179.21,2.4010000000000677,0.1319230769230819,2015-05-11 18:00:00,1193.335,-11.32919999999991,-0.6224835164835177,18.14,MA18_exit,1199.81,1199.81,0.0,13.730199999999977,571.8533944189751,-5.74,-27.28,17.4,-1.88,1.21,17.3,3,1860.0,NewYork,nan/nan,30.28,0.319
2018-04-13 01:00:00,2018-04-18 15:00:00,2018-04-23 01:00:00,long,1353.35,1333.18,20.169999999999845,1355.65,2.300000000000182,0.1140307387208824,2018-04-18 16:00:00,1334.0700000000002,-23.621999999999744,-1.1711452652454102,24.08,MA18_exit,1333.18,1333.18,0.0,25.92199999999993,1127.0434782607772,8.62,39.57,20.4,4.33,-3.24,20.7,4,6360.0,London/NY,weak_trend/high_vol,1.35,0.319
2010-06-30 01:00:00,2010-06-30 11:00:00,2010-07-01 17:00:00,long,1244.7199999999998,1223.81,20.90999999999985,1246.94,2.2200000000002547,0.1061692969871004,2010-06-30 17:00:00,1223.71,-23.615199999999763,-1.1293735054997571,23.69,SL_initial,1223.81,1223.81,0.0,25.835200000000015,1163.747747747615,4.42,104.91,21.6,4.4,5.02,20.0,2,1800.0,London,weak_trend/mid_vol,1.26,0.319
2014-05-02 01:00:00,2014-05-02 15:00:00,2014-05-05 04:00:00,short,1277.0700000000002,1306.45,29.37999999999988,1275.09,1.981000000000222,0.0674268209666518,2014-05-02 15:00:00,1306.55,-29.28209999999979,-0.9966678012253202,34.43,SL_initial,1306.45,1306.45,0.0,31.26310000000001,1578.1474003027013,-15.82,-0.75,25.8,-0.4,-1.26,24.9,2,3660.0,London/NY,strong_trend/low_vol,65.21,0.319
2005-05-25 01:00:00,2005-05-31 13:00:00,2005-06-02 19:00:00,short,414.94,422.76,7.82000000000005,412.97,1.9709999999999468,0.2520460358056182,2005-05-31 15:00:00,422.86,-7.128400000000073,-0.9115601023017936,10.23,SL_initial,422.76,422.76,0.0,9.09940000000002,461.6641298833215,-3.3,-5.07,12.5,-1.72,-5.02,17.1,3,3240.0,London/NY,range/low_vol,2.12,0.319
2015-06-11 01:00:00,2015-06-15 12:00:00,2015-06-18 01:00:00,short,1175.0000000000002,1192.26,17.259999999999764,1173.05,1.9510000000002488,0.1130359212051144,2015-06-15 13:00:00,1185.0449999999998,-9.055499999999618,-0.5246523754345158,17.76,MA18_exit,1192.26,1192.26,0.0,11.006499999999868,564.1465914914639,-7.2,-19.92,18.0,-5.96,0.4,17.0,4,3660.0,London,nan/nan,42.5,0.319
2012-02-03 01:00:00,2012-02-03 10:00:00,2012-02-15 01:00:00,long,1761.2499999999998,1649.05,112.19999999999982,1763.19,1.940000000000282,0.0172905525846727,2012-02-03 11:00:00,1718.67,-51.2639999999997,-0.4568983957219232,58.53,MA18_exit,1649.05,1649.05,0.0,53.20399999999998,2742.474226803724,74.67,32.88,60.7,21.66,-0.05,33.7,9,16740.0,London,strong_trend/mid_vol,71.94,0.319
2009-10-14 01:00:00,2009-10-14 06:00:00,2009-10-27 01:00:00,long,1068.2799999999995,987.29,80.98999999999978,1069.96,1.680000000000291,0.0207433016421816,2009-10-14 09:00:00,1037.1,-42.46919999999961,-0.5243758488702275,33.22,MA18_exit,987.29,987.29,0.0,44.1491999999999,2627.9285714281104,45.31,82.15,42.1,7.36,-6.96,36.1,10,18420.0,Asia,strong_trend/low_vol,136.3,0.31
2009-08-05 01:00:00,2009-08-06 15:00:00,2009-08-11 01:00:00,long,969.77,925.01,44.76000000000011,971.28,1.5099999999998772,0.0337354781054484,2009-08-06 15:00:00,944.62,-27.75520000000009,-0.6200893655049156,28.31,MA18_exit,925.01,925.01,0.0,29.265199999999968,1938.092715231944,19.01,54.04,34.6,8.47,-2.73,32.0,4,6360.0,London/NY,strong_trend/low_vol,62.49,0.319
2009-09-21 01:00:00,2009-09-22 12:00:00,2009-09-25 01:00:00,long,1017.52,982.72,34.80000000000007,1018.98,1.4599999999999227,0.0419540229885034,2009-09-22 16:00:00,992.28,-29.58200000000012,-0.8500574712643696,28.67,MA18_exit,982.72,982.72,0.0,31.042000000000044,2126.164383561759,14.31,65.27,46.1,10.71,-4.4,35.4,4,3660.0,London,strong_trend/low_vol,77.68,0.319
2021-09-09 01:00:00,2021-09-14 14:00:00,2021-09-15 01:00:00,short,1782.0500000000002,1833.91,51.8599999999999,1780.6,1.4510000000002492,0.0279791747011232,2021-09-14 15:00:00,1804.265,-22.01709999999969,-0.4245487851908934,28.28,MA18_exit,1833.91,1833.91,0.0,23.46809999999994,1617.3742246723575,-7.74,-7.61,19.9,0.81,1.51,18.1,2,660.0,London/NY,weak_trend/low_vol,82.4,0.319
2005-10-27 01:00:00,2005-10-27 10:00:00,2005-11-01 01:00:00,long,473.98,458.86,15.120000000000005,475.37,1.3899999999999864,0.091931216931216,2005-10-27 16:00:00,464.69,-11.89520000000002,-0.7867195767195778,11.44,MA18_exit,458.86,458.86,0.0,13.285200000000009,955.7697841726716,1.24,33.97,20.4,-0.09,-4.84,18.9,4,6660.0,London,weak_trend/high_vol,37.47,0.319
