day,grp,start,X,t_ms,range_atr
2025-01-02,Thursday,0 s,0.5,130.0,
2025-01-02,Thursday,0 s,1.0,67906.0,
2025-01-02,Thursday,0 s,1.5,124911.0,
2025-01-02,Thursday,0 s,2.0,1448844.0,
2025-01-02,Thursday,0 s,0.0,,4.542413280954757
2025-01-02,Thursday,t_norm 1.5x,0.5,31905.0,
2025-01-02,Thursday,t_norm 1.5x,1.0,70368.0,
2025-01-02,Thursday,t_norm 1.5x,1.5,1203751.0,
2025-01-02,Thursday,t_norm 1.5x,2.0,1300162.0,
2025-01-02,Thursday,t_norm 1.5x,0.0,,4.542413280954757
2025-01-02,CONTROL 16:30,control,0.5,33839.0,
2025-01-02,CONTROL 16:30,control,1.0,51975.0,
2025-01-02,CONTROL 16:30,control,1.5,81814.0,
2025-01-02,CONTROL 16:30,control,2.0,1023152.0,
2025-01-02,CONTROL 16:30,control,0.0,,2.107316600727072
2025-01-02,CONTROL 17:15,control,0.5,1018637.0,
2025-01-02,CONTROL 17:15,control,1.0,1089542.0,
2025-01-02,CONTROL 17:15,control,1.5,1155221.0,
2025-01-02,CONTROL 17:15,control,2.0,1370415.0,
2025-01-02,CONTROL 17:15,control,0.0,,2.7116958919175045
2025-01-03,Friday,0 s,0.5,23774.0,
2025-01-03,Friday,0 s,1.0,484539.0,
2025-01-03,Friday,0 s,1.5,485571.0,
2025-01-03,Friday,0 s,2.0,531299.0,
2025-01-03,Friday,0 s,0.0,,4.399441124159846
2025-01-03,Friday,t_norm 1.5x,0.5,23774.0,
2025-01-03,Friday,t_norm 1.5x,1.0,484539.0,
2025-01-03,Friday,t_norm 1.5x,1.5,485571.0,
2025-01-03,Friday,t_norm 1.5x,2.0,531299.0,
2025-01-03,Friday,t_norm 1.5x,0.0,,4.399441124159846
2025-01-03,CONTROL 16:30,control,0.5,32349.0,
2025-01-03,CONTROL 16:30,control,1.0,101049.0,
2025-01-03,CONTROL 16:30,control,1.5,610376.0,
2025-01-03,CONTROL 16:30,control,2.0,,
2025-01-03,CONTROL 16:30,control,0.0,,3.6518990721746243
2025-01-03,CONTROL 17:15,control,0.5,30939.0,
2025-01-03,CONTROL 17:15,control,1.0,255139.0,
2025-01-03,CONTROL 17:15,control,1.5,258109.0,
2025-01-03,CONTROL 17:15,control,2.0,272120.0,
2025-01-03,CONTROL 17:15,control,0.0,,2.9054824128158794
2025-01-09,Thursday,0 s,0.5,99388.0,
2025-01-09,Thursday,0 s,1.0,302587.0,
2025-01-09,Thursday,0 s,1.5,441690.0,
2025-01-09,Thursday,0 s,2.0,,
2025-01-09,Thursday,0 s,0.0,,3.466711409020887
2025-01-09,Thursday,t_norm 1.5x,0.5,99388.0,
2025-01-09,Thursday,t_norm 1.5x,1.0,302587.0,
2025-01-09,Thursday,t_norm 1.5x,1.5,441690.0,
2025-01-09,Thursday,t_norm 1.5x,2.0,,
2025-01-09,Thursday,t_norm 1.5x,0.0,,3.466711409020887
2025-01-09,CONTROL 16:30,control,0.5,5974.0,
2025-01-09,CONTROL 16:30,control,1.0,25287.0,
2025-01-09,CONTROL 16:30,control,1.5,227344.0,
2025-01-09,CONTROL 16:30,control,2.0,351178.0,
2025-01-09,CONTROL 16:30,control,0.0,,3.295597411337303
2025-01-09,CONTROL 17:15,control,0.5,178095.0,
2025-01-09,CONTROL 17:15,control,1.0,399071.0,
2025-01-09,CONTROL 17:15,control,1.5,,
2025-01-09,CONTROL 17:15,control,2.0,,
2025-01-09,CONTROL 17:15,control,0.0,,2.2929804635499718
2025-01-10,Friday,0 s,0.5,1017.0,
2025-01-10,Friday,0 s,1.0,1017.0,
2025-01-10,Friday,0 s,1.5,1124.0,
2025-01-10,Friday,0 s,2.0,1124.0,
2025-01-10,Friday,0 s,0.0,,8.473933755899438
2025-01-10,Friday,t_norm 1.5x,0.5,6976.0,
2025-01-10,Friday,t_norm 1.5x,1.0,236155.0,
2025-01-10,Friday,t_norm 1.5x,1.5,465308.0,
2025-01-10,Friday,t_norm 1.5x,2.0,465742.0,
2025-01-10,Friday,t_norm 1.5x,0.0,,7.521523858894074
2025-01-10,CONTROL 16:30,control,0.5,7084.0,
2025-01-10,CONTROL 16:30,control,1.0,203010.0,
2025-01-10,CONTROL 16:30,control,1.5,225581.0,
2025-01-10,CONTROL 16:30,control,2.0,618377.0,
2025-01-10,CONTROL 16:30,control,0.0,,4.89318466656706
2025-01-10,CONTROL 17:15,control,0.5,14265.0,
2025-01-10,CONTROL 17:15,control,1.0,507821.0,
2025-01-10,CONTROL 17:15,control,1.5,640125.0,
2025-01-10,CONTROL 17:15,control,2.0,1039660.0,
2025-01-10,CONTROL 17:15,control,0.0,,3.4758409441004265
2025-01-16,Thursday,0 s,0.5,160.0,
2025-01-16,Thursday,0 s,1.0,13506.0,
2025-01-16,Thursday,0 s,1.5,14171.0,
2025-01-16,Thursday,0 s,2.0,1022609.0,
2025-01-16,Thursday,0 s,0.0,,3.490970302620325
2025-01-16,Thursday,t_norm 1.5x,0.5,28820.0,
2025-01-16,Thursday,t_norm 1.5x,1.0,357580.0,
2025-01-16,Thursday,t_norm 1.5x,1.5,1156997.0,
2025-01-16,Thursday,t_norm 1.5x,2.0,1318730.0,
2025-01-16,Thursday,t_norm 1.5x,0.0,,3.490970302620325
2025-01-16,CONTROL 16:30,control,0.5,57030.0,
2025-01-16,CONTROL 16:30,control,1.0,179689.0,
2025-01-16,CONTROL 16:30,control,1.5,,
2025-01-16,CONTROL 16:30,control,2.0,,
2025-01-16,CONTROL 16:30,control,0.0,,2.577315559865546
2025-01-16,CONTROL 17:15,control,0.5,45258.0,
2025-01-16,CONTROL 17:15,control,1.0,252818.0,
2025-01-16,CONTROL 17:15,control,1.5,290934.0,
2025-01-16,CONTROL 17:15,control,2.0,608918.0,
2025-01-16,CONTROL 17:15,control,0.0,,2.7419706776389527
2025-01-17,Friday,0 s,0.5,23413.0,
2025-01-17,Friday,0 s,1.0,318768.0,
2025-01-17,Friday,0 s,1.5,1667267.0,
2025-01-17,Friday,0 s,2.0,,
2025-01-17,Friday,0 s,0.0,,2.054242918386462
2025-01-17,Friday,t_norm 1.5x,0.5,86902.0,
2025-01-17,Friday,t_norm 1.5x,1.0,138759.0,
2025-01-17,Friday,t_norm 1.5x,1.5,,
2025-01-17,Friday,t_norm 1.5x,2.0,,
2025-01-17,Friday,t_norm 1.5x,0.0,,2.431207547929902
2025-01-17,CONTROL 16:30,control,0.5,20788.0,
2025-01-17,CONTROL 16:30,control,1.0,144094.0,
2025-01-17,CONTROL 16:30,control,1.5,671252.0,
2025-01-17,CONTROL 16:30,control,2.0,904631.0,
2025-01-17,CONTROL 16:30,control,0.0,,4.457702621054232
2025-01-17,CONTROL 17:15,control,0.5,71093.0,
2025-01-17,CONTROL 17:15,control,1.0,166080.0,
2025-01-17,CONTROL 17:15,control,1.5,,
2025-01-17,CONTROL 17:15,control,2.0,,
2025-01-17,CONTROL 17:15,control,0.0,,1.534929586723262
2025-01-23,Thursday,0 s,0.5,75667.0,
2025-01-23,Thursday,0 s,1.0,442989.0,
2025-01-23,Thursday,0 s,1.5,499629.0,
2025-01-23,Thursday,0 s,2.0,,
2025-01-23,Thursday,0 s,0.0,,2.345042368950811
2025-01-23,Thursday,t_norm 1.5x,0.5,203226.0,
2025-01-23,Thursday,t_norm 1.5x,1.0,366032.0,
2025-01-23,Thursday,t_norm 1.5x,1.5,433663.0,
2025-01-23,Thursday,t_norm 1.5x,2.0,,
2025-01-23,Thursday,t_norm 1.5x,0.0,,2.345042368950811
2025-01-23,CONTROL 16:30,control,0.5,98539.0,
2025-01-23,CONTROL 16:30,control,1.0,825463.0,
2025-01-23,CONTROL 16:30,control,1.5,,
2025-01-23,CONTROL 16:30,control,2.0,,
2025-01-23,CONTROL 16:30,control,0.0,,2.2938638655551045
2025-01-23,CONTROL 17:15,control,0.5,342857.0,
2025-01-23,CONTROL 17:15,control,1.0,1544884.0,
2025-01-23,CONTROL 17:15,control,1.5,1591212.0,
2025-01-23,CONTROL 17:15,control,2.0,,
2025-01-23,CONTROL 17:15,control,0.0,,2.3622130068979277
2025-01-24,Friday,0 s,0.5,10164.0,
2025-01-24,Friday,0 s,1.0,256693.0,
2025-01-24,Friday,0 s,1.5,869660.0,
2025-01-24,Friday,0 s,2.0,,
2025-01-24,Friday,0 s,0.0,,3.1429901520240193
2025-01-24,Friday,t_norm 1.5x,0.5,10164.0,
2025-01-24,Friday,t_norm 1.5x,1.0,256693.0,
2025-01-24,Friday,t_norm 1.5x,1.5,869660.0,
2025-01-24,Friday,t_norm 1.5x,2.0,,
2025-01-24,Friday,t_norm 1.5x,0.0,,3.1429901520240193
2025-01-24,CONTROL 16:30,control,0.5,49529.0,
2025-01-24,CONTROL 16:30,control,1.0,71603.0,
2025-01-24,CONTROL 16:30,control,1.5,104170.0,
2025-01-24,CONTROL 16:30,control,2.0,529371.0,
2025-01-24,CONTROL 16:30,control,0.0,,5.991773463332625
2025-01-24,CONTROL 17:15,control,0.5,30644.0,
2025-01-24,CONTROL 17:15,control,1.0,49769.0,
2025-01-24,CONTROL 17:15,control,1.5,650355.0,
2025-01-24,CONTROL 17:15,control,2.0,,
2025-01-24,CONTROL 17:15,control,0.0,,3.135814375420743
2025-01-30,Thursday,0 s,0.5,53.0,
2025-01-30,Thursday,0 s,1.0,53.0,
2025-01-30,Thursday,0 s,1.5,261.0,
2025-01-30,Thursday,0 s,2.0,748127.0,
2025-01-30,Thursday,0 s,0.0,,5.16299603190044
2025-01-30,Thursday,t_norm 1.5x,0.5,2081.0,
2025-01-30,Thursday,t_norm 1.5x,1.0,14852.0,
2025-01-30,Thursday,t_norm 1.5x,1.5,22533.0,
2025-01-30,Thursday,t_norm 1.5x,2.0,207930.0,
2025-01-30,Thursday,t_norm 1.5x,0.0,,4.811293304931753
2025-01-30,CONTROL 16:30,control,0.5,8514.0,
2025-01-30,CONTROL 16:30,control,1.0,15525.0,
2025-01-30,CONTROL 16:30,control,1.5,19342.0,
2025-01-30,CONTROL 16:30,control,2.0,63426.0,
2025-01-30,CONTROL 16:30,control,0.0,,6.40556176628062
2025-01-30,CONTROL 17:15,control,0.5,168594.0,
2025-01-30,CONTROL 17:15,control,1.0,1077468.0,
2025-01-30,CONTROL 17:15,control,1.5,1096056.0,
2025-01-30,CONTROL 17:15,control,2.0,,
2025-01-30,CONTROL 17:15,control,0.0,,3.6401232241257278
2025-01-31,Friday,0 s,0.5,8465.0,
2025-01-31,Friday,0 s,1.0,342426.0,
2025-01-31,Friday,0 s,1.5,604339.0,
2025-01-31,Friday,0 s,2.0,,
2025-01-31,Friday,0 s,0.0,,2.762177803790786
2025-01-31,Friday,t_norm 1.5x,0.5,59903.0,
2025-01-31,Friday,t_norm 1.5x,1.0,204066.0,
2025-01-31,Friday,t_norm 1.5x,1.5,276248.0,
2025-01-31,Friday,t_norm 1.5x,2.0,379009.0,
2025-01-31,Friday,t_norm 1.5x,0.0,,2.762177803790786
2025-01-31,CONTROL 16:30,control,0.5,263393.0,
2025-01-31,CONTROL 16:30,control,1.0,1056601.0,
2025-01-31,CONTROL 16:30,control,1.5,1667397.0,
2025-01-31,CONTROL 16:30,control,2.0,1756885.0,
2025-01-31,CONTROL 16:30,control,0.0,,4.023413588337437
2025-01-31,CONTROL 17:15,control,0.5,64684.0,
2025-01-31,CONTROL 17:15,control,1.0,89763.0,
2025-01-31,CONTROL 17:15,control,1.5,274499.0,
2025-01-31,CONTROL 17:15,control,2.0,274609.0,
2025-01-31,CONTROL 17:15,control,0.0,,3.743756314524589
2025-02-06,Thursday,0 s,0.5,5237.0,
2025-02-06,Thursday,0 s,1.0,305791.0,
2025-02-06,Thursday,0 s,1.5,1314811.0,
2025-02-06,Thursday,0 s,2.0,1599205.0,
2025-02-06,Thursday,0 s,0.0,,3.518461312655957
2025-02-06,Thursday,t_norm 1.5x,0.5,27976.0,
2025-02-06,Thursday,t_norm 1.5x,1.0,878921.0,
2025-02-06,Thursday,t_norm 1.5x,1.5,1041029.0,
2025-02-06,Thursday,t_norm 1.5x,2.0,1297991.0,
2025-02-06,Thursday,t_norm 1.5x,0.0,,3.518461312655957
2025-02-06,CONTROL 16:30,control,0.5,107209.0,
2025-02-06,CONTROL 16:30,control,1.0,417255.0,
2025-02-06,CONTROL 16:30,control,1.5,1016047.0,
2025-02-06,CONTROL 16:30,control,2.0,1043512.0,
2025-02-06,CONTROL 16:30,control,0.0,,7.168067778110911
2025-02-06,CONTROL 17:15,control,0.5,92327.0,
2025-02-06,CONTROL 17:15,control,1.0,131513.0,
2025-02-06,CONTROL 17:15,control,1.5,348973.0,
2025-02-06,CONTROL 17:15,control,2.0,1496772.0,
2025-02-06,CONTROL 17:15,control,0.0,,3.276933890699809
2025-02-07,Friday,0 s,0.5,1143.0,
2025-02-07,Friday,0 s,1.0,1143.0,
2025-02-07,Friday,0 s,1.5,2079.0,
2025-02-07,Friday,0 s,2.0,2079.0,
2025-02-07,Friday,0 s,0.0,,11.039085983676278
2025-02-07,Friday,t_norm 1.5x,0.5,3504.0,
2025-02-07,Friday,t_norm 1.5x,1.0,24732.0,
2025-02-07,Friday,t_norm 1.5x,1.5,29764.0,
2025-02-07,Friday,t_norm 1.5x,2.0,31959.0,
2025-02-07,Friday,t_norm 1.5x,0.0,,9.63583465305407
2025-02-07,CONTROL 16:30,control,0.5,2205.0,
2025-02-07,CONTROL 16:30,control,1.0,15073.0,
2025-02-07,CONTROL 16:30,control,1.5,471846.0,
2025-02-07,CONTROL 16:30,control,2.0,483102.0,
2025-02-07,CONTROL 16:30,control,0.0,,3.9938691717713293
2025-02-07,CONTROL 17:15,control,0.5,66389.0,
2025-02-07,CONTROL 17:15,control,1.0,223099.0,
2025-02-07,CONTROL 17:15,control,1.5,246757.0,
2025-02-07,CONTROL 17:15,control,2.0,247435.0,
2025-02-07,CONTROL 17:15,control,0.0,,4.141302707446443
2025-02-13,Thursday,0 s,0.5,1586.0,
2025-02-13,Thursday,0 s,1.0,1586.0,
2025-02-13,Thursday,0 s,1.5,3002.0,
2025-02-13,Thursday,0 s,2.0,242574.0,
2025-02-13,Thursday,0 s,0.0,,5.003610144849253
2025-02-13,Thursday,t_norm 1.5x,0.5,16246.0,
2025-02-13,Thursday,t_norm 1.5x,1.0,61380.0,
2025-02-13,Thursday,t_norm 1.5x,1.5,458617.0,
2025-02-13,Thursday,t_norm 1.5x,2.0,963266.0,
2025-02-13,Thursday,t_norm 1.5x,0.0,,5.003610144849253
2025-02-13,CONTROL 16:30,control,0.5,55136.0,
2025-02-13,CONTROL 16:30,control,1.0,78829.0,
2025-02-13,CONTROL 16:30,control,1.5,424379.0,
2025-02-13,CONTROL 16:30,control,2.0,511183.0,
2025-02-13,CONTROL 16:30,control,0.0,,4.004433664782412
2025-02-13,CONTROL 17:15,control,0.5,535827.0,
2025-02-13,CONTROL 17:15,control,1.0,869825.0,
2025-02-13,CONTROL 17:15,control,1.5,,
2025-02-13,CONTROL 17:15,control,2.0,,
2025-02-13,CONTROL 17:15,control,0.0,,1.8887025311962886
2025-02-14,Friday,0 s,0.5,107.0,
2025-02-14,Friday,0 s,1.0,428.0,
2025-02-14,Friday,0 s,1.5,631.0,
2025-02-14,Friday,0 s,2.0,203361.0,
2025-02-14,Friday,0 s,0.0,,6.995715930057514
2025-02-14,Friday,t_norm 1.5x,0.5,35112.0,
2025-02-14,Friday,t_norm 1.5x,1.0,127081.0,
2025-02-14,Friday,t_norm 1.5x,1.5,133977.0,
2025-02-14,Friday,t_norm 1.5x,2.0,678376.0,
2025-02-14,Friday,t_norm 1.5x,0.0,,7.304906554629077
2025-02-14,CONTROL 16:30,control,0.5,38071.0,
2025-02-14,CONTROL 16:30,control,1.0,163103.0,
2025-02-14,CONTROL 16:30,control,1.5,325342.0,
2025-02-14,CONTROL 16:30,control,2.0,399687.0,
2025-02-14,CONTROL 16:30,control,0.0,,4.364259031724149
2025-02-14,CONTROL 17:15,control,0.5,83417.0,
2025-02-14,CONTROL 17:15,control,1.0,170112.0,
2025-02-14,CONTROL 17:15,control,1.5,177601.0,
2025-02-14,CONTROL 17:15,control,2.0,236142.0,
2025-02-14,CONTROL 17:15,control,0.0,,10.125436856477181
2025-02-20,Thursday,0 s,0.5,129811.0,
2025-02-20,Thursday,0 s,1.0,169762.0,
2025-02-20,Thursday,0 s,1.5,901135.0,
2025-02-20,Thursday,0 s,2.0,923916.0,
2025-02-20,Thursday,0 s,0.0,,4.609229943287868
2025-02-20,Thursday,t_norm 1.5x,0.5,17471.0,
2025-02-20,Thursday,t_norm 1.5x,1.0,727910.0,
2025-02-20,Thursday,t_norm 1.5x,1.5,771474.0,
2025-02-20,Thursday,t_norm 1.5x,2.0,889152.0,
2025-02-20,Thursday,t_norm 1.5x,0.0,,4.969708822679326
2025-02-20,CONTROL 16:30,control,0.5,26254.0,
2025-02-20,CONTROL 16:30,control,1.0,64283.0,
2025-02-20,CONTROL 16:30,control,1.5,142255.0,
2025-02-20,CONTROL 16:30,control,2.0,304322.0,
2025-02-20,CONTROL 16:30,control,0.0,,3.619787915110573
2025-02-20,CONTROL 17:15,control,0.5,205961.0,
2025-02-20,CONTROL 17:15,control,1.0,598263.0,
2025-02-20,CONTROL 17:15,control,1.5,604709.0,
2025-02-20,CONTROL 17:15,control,2.0,,
2025-02-20,CONTROL 17:15,control,0.0,,2.0003827967343746
2025-02-21,Friday,0 s,0.5,51297.0,
2025-02-21,Friday,0 s,1.0,58623.0,
2025-02-21,Friday,0 s,1.5,72134.0,
2025-02-21,Friday,0 s,2.0,73005.0,
2025-02-21,Friday,0 s,0.0,,2.8559002452537685
2025-02-21,Friday,t_norm 1.5x,0.5,51297.0,
2025-02-21,Friday,t_norm 1.5x,1.0,58623.0,
2025-02-21,Friday,t_norm 1.5x,1.5,72134.0,
2025-02-21,Friday,t_norm 1.5x,2.0,73005.0,
2025-02-21,Friday,t_norm 1.5x,0.0,,2.8559002452537685
2025-02-21,CONTROL 16:30,control,0.5,12498.0,
2025-02-21,CONTROL 16:30,control,1.0,20640.0,
2025-02-21,CONTROL 16:30,control,1.5,189132.0,
2025-02-21,CONTROL 16:30,control,2.0,269107.0,
2025-02-21,CONTROL 16:30,control,0.0,,5.177985136332703
2025-02-21,CONTROL 17:15,control,0.5,291286.0,
2025-02-21,CONTROL 17:15,control,1.0,316842.0,
2025-02-21,CONTROL 17:15,control,1.5,342272.0,
2025-02-21,CONTROL 17:15,control,2.0,590619.0,
2025-02-21,CONTROL 17:15,control,0.0,,3.8309521873210577
2025-02-27,Thursday,0 s,0.5,52.0,
2025-02-27,Thursday,0 s,1.0,53555.0,
2025-02-27,Thursday,0 s,1.5,85138.0,
2025-02-27,Thursday,0 s,2.0,88398.0,
2025-02-27,Thursday,0 s,0.0,,3.806126659608652
2025-02-27,Thursday,t_norm 1.5x,0.5,62029.0,
2025-02-27,Thursday,t_norm 1.5x,1.0,65699.0,
2025-02-27,Thursday,t_norm 1.5x,1.5,188342.0,
2025-02-27,Thursday,t_norm 1.5x,2.0,194233.0,
2025-02-27,Thursday,t_norm 1.5x,0.0,,3.806126659608652
2025-02-27,CONTROL 16:30,control,0.5,94107.0,
2025-02-27,CONTROL 16:30,control,1.0,455960.0,
2025-02-27,CONTROL 16:30,control,1.5,529934.0,
2025-02-27,CONTROL 16:30,control,2.0,568582.0,
2025-02-27,CONTROL 16:30,control,0.0,,8.606918617955996
2025-02-27,CONTROL 17:15,control,0.5,13291.0,
2025-02-27,CONTROL 17:15,control,1.0,170081.0,
2025-02-27,CONTROL 17:15,control,1.5,532946.0,
2025-02-27,CONTROL 17:15,control,2.0,,
2025-02-27,CONTROL 17:15,control,0.0,,3.1126563061603583
2025-02-28,Friday,0 s,0.5,8507.0,
2025-02-28,Friday,0 s,1.0,76308.0,
2025-02-28,Friday,0 s,1.5,115300.0,
2025-02-28,Friday,0 s,2.0,166588.0,
2025-02-28,Friday,0 s,0.0,,4.028411820797494
2025-02-28,Friday,t_norm 1.5x,0.5,46017.0,
2025-02-28,Friday,t_norm 1.5x,1.0,62780.0,
2025-02-28,Friday,t_norm 1.5x,1.5,122051.0,
2025-02-28,Friday,t_norm 1.5x,2.0,147930.0,
2025-02-28,Friday,t_norm 1.5x,0.0,,3.9388364999964205
2025-02-28,CONTROL 16:30,control,0.5,20455.0,
2025-02-28,CONTROL 16:30,control,1.0,29945.0,
2025-02-28,CONTROL 16:30,control,1.5,458920.0,
2025-02-28,CONTROL 16:30,control,2.0,720907.0,
2025-02-28,CONTROL 16:30,control,0.0,,5.222050616921028
2025-02-28,CONTROL 17:15,control,0.5,49761.0,
2025-02-28,CONTROL 17:15,control,1.0,350673.0,
2025-02-28,CONTROL 17:15,control,1.5,964116.0,
2025-02-28,CONTROL 17:15,control,2.0,1042841.0,
2025-02-28,CONTROL 17:15,control,0.0,,2.624366313686082
2025-03-06,Thursday,0 s,0.5,102.0,
2025-03-06,Thursday,0 s,1.0,116258.0,
2025-03-06,Thursday,0 s,1.5,,
2025-03-06,Thursday,0 s,2.0,,
2025-03-06,Thursday,0 s,0.0,,2.140193332500915
2025-03-06,Thursday,t_norm 1.5x,0.5,39427.0,
2025-03-06,Thursday,t_norm 1.5x,1.0,96879.0,
2025-03-06,Thursday,t_norm 1.5x,1.5,,
2025-03-06,Thursday,t_norm 1.5x,2.0,,
2025-03-06,Thursday,t_norm 1.5x,0.0,,2.140193332500915
2025-03-06,CONTROL 16:30,control,0.5,121621.0,
2025-03-06,CONTROL 16:30,control,1.0,281717.0,
2025-03-06,CONTROL 16:30,control,1.5,754551.0,
2025-03-06,CONTROL 16:30,control,2.0,1252858.0,
2025-03-06,CONTROL 16:30,control,0.0,,2.511249978043348
2025-03-06,CONTROL 17:15,control,0.5,370866.0,
2025-03-06,CONTROL 17:15,control,1.0,426660.0,
2025-03-06,CONTROL 17:15,control,1.5,461749.0,
2025-03-06,CONTROL 17:15,control,2.0,664981.0,
2025-03-06,CONTROL 17:15,control,0.0,,2.8491010478769634
2025-03-07,Friday,0 s,0.5,1166.0,
2025-03-07,Friday,0 s,1.0,1166.0,
2025-03-07,Friday,0 s,1.5,1625.0,
2025-03-07,Friday,0 s,2.0,1830.0,
2025-03-07,Friday,0 s,0.0,,6.297332949918974
2025-03-07,Friday,t_norm 1.5x,0.5,9964.0,
2025-03-07,Friday,t_norm 1.5x,1.0,23427.0,
2025-03-07,Friday,t_norm 1.5x,1.5,43510.0,
2025-03-07,Friday,t_norm 1.5x,2.0,51903.0,
2025-03-07,Friday,t_norm 1.5x,0.0,,6.564518859832656
2025-03-07,CONTROL 16:30,control,0.5,45103.0,
2025-03-07,CONTROL 16:30,control,1.0,245489.0,
2025-03-07,CONTROL 16:30,control,1.5,429271.0,
2025-03-07,CONTROL 16:30,control,2.0,483248.0,
2025-03-07,CONTROL 16:30,control,0.0,,5.200350149053427
2025-03-07,CONTROL 17:15,control,0.5,43216.0,
2025-03-07,CONTROL 17:15,control,1.0,331146.0,
2025-03-07,CONTROL 17:15,control,1.5,375083.0,
2025-03-07,CONTROL 17:15,control,2.0,1264552.0,
2025-03-07,CONTROL 17:15,control,0.0,,7.023513841660009
2025-03-13,Thursday,0 s,0.5,164772.0,
2025-03-13,Thursday,0 s,1.0,302548.0,
2025-03-13,Thursday,0 s,1.5,334090.0,
2025-03-13,Thursday,0 s,2.0,587321.0,
2025-03-13,Thursday,0 s,0.0,,2.8217939963496623
2025-03-13,Thursday,t_norm 1.5x,0.5,164772.0,
2025-03-13,Thursday,t_norm 1.5x,1.0,302548.0,
2025-03-13,Thursday,t_norm 1.5x,1.5,334090.0,
2025-03-13,Thursday,t_norm 1.5x,2.0,587321.0,
2025-03-13,Thursday,t_norm 1.5x,0.0,,2.8217939963496623
2025-03-13,CONTROL 16:30,control,0.5,196033.0,
2025-03-13,CONTROL 16:30,control,1.0,402972.0,
2025-03-13,CONTROL 16:30,control,1.5,483452.0,
2025-03-13,CONTROL 16:30,control,2.0,658465.0,
2025-03-13,CONTROL 16:30,control,0.0,,7.065598865759854
2025-03-13,CONTROL 17:15,control,0.5,18129.0,
2025-03-13,CONTROL 17:15,control,1.0,1432692.0,
2025-03-13,CONTROL 17:15,control,1.5,1457727.0,
2025-03-13,CONTROL 17:15,control,2.0,,
2025-03-13,CONTROL 17:15,control,0.0,,2.568058581591157
2025-03-14,Friday,0 s,0.5,48460.0,
2025-03-14,Friday,0 s,1.0,88771.0,
2025-03-14,Friday,0 s,1.5,121242.0,
2025-03-14,Friday,0 s,2.0,165204.0,
2025-03-14,Friday,0 s,0.0,,4.898205872380461
2025-03-14,Friday,t_norm 1.5x,0.5,48460.0,
2025-03-14,Friday,t_norm 1.5x,1.0,88771.0,
2025-03-14,Friday,t_norm 1.5x,1.5,121242.0,
2025-03-14,Friday,t_norm 1.5x,2.0,165204.0,
2025-03-14,Friday,t_norm 1.5x,0.0,,4.898205872380461
2025-03-14,CONTROL 16:30,control,0.5,91410.0,
2025-03-14,CONTROL 16:30,control,1.0,425859.0,
2025-03-14,CONTROL 16:30,control,1.5,,
2025-03-14,CONTROL 16:30,control,2.0,,
2025-03-14,CONTROL 16:30,control,0.0,,1.735217962398321
2025-03-14,CONTROL 17:15,control,0.5,21092.0,
2025-03-14,CONTROL 17:15,control,1.0,356391.0,
2025-03-14,CONTROL 17:15,control,1.5,,
2025-03-14,CONTROL 17:15,control,2.0,,
2025-03-14,CONTROL 17:15,control,0.0,,2.297513984441493
2025-03-20,Thursday,0 s,0.5,99911.0,
2025-03-20,Thursday,0 s,1.0,125470.0,
2025-03-20,Thursday,0 s,1.5,207603.0,
2025-03-20,Thursday,0 s,2.0,504461.0,
2025-03-20,Thursday,0 s,0.0,,2.823595183363841
2025-03-20,Thursday,t_norm 1.5x,0.5,99911.0,
2025-03-20,Thursday,t_norm 1.5x,1.0,125470.0,
2025-03-20,Thursday,t_norm 1.5x,1.5,207603.0,
2025-03-20,Thursday,t_norm 1.5x,2.0,504461.0,
2025-03-20,Thursday,t_norm 1.5x,0.0,,2.823595183363841
2025-03-20,CONTROL 16:30,control,0.5,303037.0,
2025-03-20,CONTROL 16:30,control,1.0,446454.0,
2025-03-20,CONTROL 16:30,control,1.5,524997.0,
2025-03-20,CONTROL 16:30,control,2.0,783439.0,
2025-03-20,CONTROL 16:30,control,0.0,,3.3030593249111653
2025-03-20,CONTROL 17:15,control,0.5,486225.0,
2025-03-20,CONTROL 17:15,control,1.0,,
2025-03-20,CONTROL 17:15,control,1.5,,
2025-03-20,CONTROL 17:15,control,2.0,,
2025-03-20,CONTROL 17:15,control,0.0,,1.3212237299645007
2025-03-21,Friday,0 s,0.5,48057.0,
2025-03-21,Friday,0 s,1.0,120433.0,
2025-03-21,Friday,0 s,1.5,129464.0,
2025-03-21,Friday,0 s,2.0,192596.0,
2025-03-21,Friday,0 s,0.0,,10.854491768014594
2025-03-21,Friday,t_norm 1.5x,0.5,48057.0,
2025-03-21,Friday,t_norm 1.5x,1.0,120433.0,
2025-03-21,Friday,t_norm 1.5x,1.5,129464.0,
2025-03-21,Friday,t_norm 1.5x,2.0,192596.0,
2025-03-21,Friday,t_norm 1.5x,0.0,,10.854491768014594
2025-03-21,CONTROL 16:30,control,0.5,59419.0,
2025-03-21,CONTROL 16:30,control,1.0,60095.0,
2025-03-21,CONTROL 16:30,control,1.5,964592.0,
2025-03-21,CONTROL 16:30,control,2.0,996714.0,
2025-03-21,CONTROL 16:30,control,0.0,,4.759098645342546
2025-03-21,CONTROL 17:15,control,0.5,98807.0,
2025-03-21,CONTROL 17:15,control,1.0,144920.0,
2025-03-21,CONTROL 17:15,control,1.5,1212738.0,
2025-03-21,CONTROL 17:15,control,2.0,,
2025-03-21,CONTROL 17:15,control,0.0,,2.9550800037820517
2025-03-27,Thursday,0 s,0.5,128887.0,
2025-03-27,Thursday,0 s,1.0,147930.0,
2025-03-27,Thursday,0 s,1.5,420151.0,
2025-03-27,Thursday,0 s,2.0,443664.0,
2025-03-27,Thursday,0 s,0.0,,3.168249026013254
2025-03-27,Thursday,t_norm 1.5x,0.5,128887.0,
2025-03-27,Thursday,t_norm 1.5x,1.0,147930.0,
2025-03-27,Thursday,t_norm 1.5x,1.5,420151.0,
2025-03-27,Thursday,t_norm 1.5x,2.0,443664.0,
2025-03-27,Thursday,t_norm 1.5x,0.0,,3.168249026013254
2025-03-27,CONTROL 16:30,control,0.5,484341.0,
2025-03-27,CONTROL 16:30,control,1.0,560732.0,
2025-03-27,CONTROL 16:30,control,1.5,573096.0,
2025-03-27,CONTROL 16:30,control,2.0,573910.0,
2025-03-27,CONTROL 16:30,control,0.0,,3.148118332765934
2025-03-27,CONTROL 17:15,control,0.5,573514.0,
2025-03-27,CONTROL 17:15,control,1.0,1292431.0,
2025-03-27,CONTROL 17:15,control,1.5,,
2025-03-27,CONTROL 17:15,control,2.0,,
2025-03-27,CONTROL 17:15,control,0.0,,1.8992101237112766
2025-03-28,Friday,0 s,0.5,9065.0,
2025-03-28,Friday,0 s,1.0,232724.0,
2025-03-28,Friday,0 s,1.5,465838.0,
2025-03-28,Friday,0 s,2.0,1413477.0,
2025-03-28,Friday,0 s,0.0,,4.303562181612339
2025-03-28,Friday,t_norm 1.5x,0.5,9065.0,
2025-03-28,Friday,t_norm 1.5x,1.0,232724.0,
2025-03-28,Friday,t_norm 1.5x,1.5,465838.0,
2025-03-28,Friday,t_norm 1.5x,2.0,1413477.0,
2025-03-28,Friday,t_norm 1.5x,0.0,,4.303562181612339
2025-03-28,CONTROL 16:30,control,0.5,40721.0,
2025-03-28,CONTROL 16:30,control,1.0,104784.0,
2025-03-28,CONTROL 16:30,control,1.5,250835.0,
2025-03-28,CONTROL 16:30,control,2.0,420420.0,
2025-03-28,CONTROL 16:30,control,0.0,,2.7758663700209554
2025-03-28,CONTROL 17:15,control,0.5,78374.0,
2025-03-28,CONTROL 17:15,control,1.0,187764.0,
2025-03-28,CONTROL 17:15,control,1.5,398451.0,
2025-03-28,CONTROL 17:15,control,2.0,675851.0,
2025-03-28,CONTROL 17:15,control,0.0,,2.9626031574031932
2025-04-03,Thursday,0 s,0.5,15182.0,
2025-04-03,Thursday,0 s,1.0,197510.0,
2025-04-03,Thursday,0 s,1.5,288671.0,
2025-04-03,Thursday,0 s,2.0,328155.0,
2025-04-03,Thursday,0 s,0.0,,3.507621340737937
2025-04-03,Thursday,t_norm 1.5x,0.5,33348.0,
2025-04-03,Thursday,t_norm 1.5x,1.0,95244.0,
2025-04-03,Thursday,t_norm 1.5x,1.5,195326.0,
2025-04-03,Thursday,t_norm 1.5x,2.0,292602.0,
2025-04-03,Thursday,t_norm 1.5x,0.0,,3.507621340737937
2025-04-03,CONTROL 16:30,control,0.5,35016.0,
2025-04-03,CONTROL 16:30,control,1.0,44717.0,
2025-04-03,CONTROL 16:30,control,1.5,359264.0,
2025-04-03,CONTROL 16:30,control,2.0,415923.0,
2025-04-03,CONTROL 16:30,control,0.0,,5.682050586519881
2025-04-03,CONTROL 17:15,control,0.5,34792.0,
2025-04-03,CONTROL 17:15,control,1.0,101151.0,
2025-04-03,CONTROL 17:15,control,1.5,639222.0,
2025-04-03,CONTROL 17:15,control,2.0,674367.0,
2025-04-03,CONTROL 17:15,control,0.0,,3.2899849616006014
2025-04-04,Friday,0 s,0.5,2984.0,
2025-04-04,Friday,0 s,1.0,6777.0,
2025-04-04,Friday,0 s,1.5,517449.0,
2025-04-04,Friday,0 s,2.0,562374.0,
2025-04-04,Friday,0 s,0.0,,3.972647086938674
2025-04-04,Friday,t_norm 1.5x,0.5,262753.0,
2025-04-04,Friday,t_norm 1.5x,1.0,424178.0,
2025-04-04,Friday,t_norm 1.5x,1.5,472473.0,
2025-04-04,Friday,t_norm 1.5x,2.0,547200.0,
2025-04-04,Friday,t_norm 1.5x,0.0,,3.516013843960435
2025-04-04,CONTROL 16:30,control,0.5,32830.0,
2025-04-04,CONTROL 16:30,control,1.0,326498.0,
2025-04-04,CONTROL 16:30,control,1.5,358667.0,
2025-04-04,CONTROL 16:30,control,2.0,,
2025-04-04,CONTROL 16:30,control,0.0,,2.5572704146216387
2025-04-04,CONTROL 17:15,control,0.5,13748.0,
2025-04-04,CONTROL 17:15,control,1.0,541894.0,
2025-04-04,CONTROL 17:15,control,1.5,,
2025-04-04,CONTROL 17:15,control,2.0,,
2025-04-04,CONTROL 17:15,control,0.0,,2.109210693756455
2025-04-10,Thursday,0 s,0.5,1109.0,
2025-04-10,Thursday,0 s,1.0,1513.0,
2025-04-10,Thursday,0 s,1.5,2674.0,
2025-04-10,Thursday,0 s,2.0,28895.0,
2025-04-10,Thursday,0 s,0.0,,4.673109755653252
2025-04-10,Thursday,t_norm 1.5x,0.5,17849.0,
2025-04-10,Thursday,t_norm 1.5x,1.0,244149.0,
2025-04-10,Thursday,t_norm 1.5x,1.5,258291.0,
2025-04-10,Thursday,t_norm 1.5x,2.0,290688.0,
2025-04-10,Thursday,t_norm 1.5x,0.0,,3.820992362967281
2025-04-10,CONTROL 16:30,control,0.5,50947.0,
2025-04-10,CONTROL 16:30,control,1.0,122163.0,
2025-04-10,CONTROL 16:30,control,1.5,142466.0,
2025-04-10,CONTROL 16:30,control,2.0,188343.0,
2025-04-10,CONTROL 16:30,control,0.0,,4.346443269561564
2025-04-10,CONTROL 17:15,control,0.5,81276.0,
2025-04-10,CONTROL 17:15,control,1.0,400170.0,
2025-04-10,CONTROL 17:15,control,1.5,565414.0,
2025-04-10,CONTROL 17:15,control,2.0,1320198.0,
2025-04-10,CONTROL 17:15,control,0.0,,2.9495379643958946
2025-04-11,Friday,0 s,0.5,2126.0,
2025-04-11,Friday,0 s,1.0,1596065.0,
2025-04-11,Friday,0 s,1.5,1711248.0,
2025-04-11,Friday,0 s,2.0,,
2025-04-11,Friday,0 s,0.0,,2.1041418982571174
2025-04-11,Friday,t_norm 1.5x,0.5,33145.0,
2025-04-11,Friday,t_norm 1.5x,1.0,1587681.0,
2025-04-11,Friday,t_norm 1.5x,1.5,1691328.0,
2025-04-11,Friday,t_norm 1.5x,2.0,,
2025-04-11,Friday,t_norm 1.5x,0.0,,2.3454295019397793
2025-04-11,CONTROL 16:30,control,0.5,61717.0,
2025-04-11,CONTROL 16:30,control,1.0,72093.0,
2025-04-11,CONTROL 16:30,control,1.5,142531.0,
2025-04-11,CONTROL 16:30,control,2.0,180127.0,
2025-04-11,CONTROL 16:30,control,0.0,,4.681359491923683
2025-04-11,CONTROL 17:15,control,0.5,263224.0,
2025-04-11,CONTROL 17:15,control,1.0,536424.0,
2025-04-11,CONTROL 17:15,control,1.5,1382295.0,
2025-04-11,CONTROL 17:15,control,2.0,,
2025-04-11,CONTROL 17:15,control,0.0,,2.8285746800227525
2025-04-17,Thursday,0 s,0.5,16251.0,
2025-04-17,Thursday,0 s,1.0,,
2025-04-17,Thursday,0 s,1.5,,
2025-04-17,Thursday,0 s,2.0,,
2025-04-17,Thursday,0 s,0.0,,1.7140769862523422
2025-04-17,Thursday,t_norm 1.5x,0.5,15395.0,
2025-04-17,Thursday,t_norm 1.5x,1.0,43724.0,
2025-04-17,Thursday,t_norm 1.5x,1.5,1781089.0,
2025-04-17,Thursday,t_norm 1.5x,2.0,,
2025-04-17,Thursday,t_norm 1.5x,0.0,,2.1861444569910944
2025-04-17,CONTROL 16:30,control,0.5,11509.0,
2025-04-17,CONTROL 16:30,control,1.0,377706.0,
2025-04-17,CONTROL 16:30,control,1.5,421230.0,
2025-04-17,CONTROL 16:30,control,2.0,706012.0,
2025-04-17,CONTROL 16:30,control,0.0,,4.751359092985459
2025-04-17,CONTROL 17:15,control,0.5,196081.0,
2025-04-17,CONTROL 17:15,control,1.0,213016.0,
2025-04-17,CONTROL 17:15,control,1.5,676640.0,
2025-04-17,CONTROL 17:15,control,2.0,766905.0,
2025-04-17,CONTROL 17:15,control,0.0,,7.016102783854683
2025-04-24,Thursday,0 s,0.5,64743.0,
2025-04-24,Thursday,0 s,1.0,157346.0,
2025-04-24,Thursday,0 s,1.5,357522.0,
2025-04-24,Thursday,0 s,2.0,600729.0,
2025-04-24,Thursday,0 s,0.0,,2.50124129912225
2025-04-24,Thursday,t_norm 1.5x,0.5,43953.0,
2025-04-24,Thursday,t_norm 1.5x,1.0,134647.0,
2025-04-24,Thursday,t_norm 1.5x,1.5,202680.0,
2025-04-24,Thursday,t_norm 1.5x,2.0,416164.0,
2025-04-24,Thursday,t_norm 1.5x,0.0,,3.203272651807492
2025-04-24,CONTROL 16:30,control,0.5,4390.0,
2025-04-24,CONTROL 16:30,control,1.0,113122.0,
2025-04-24,CONTROL 16:30,control,1.5,137478.0,
2025-04-24,CONTROL 16:30,control,2.0,151867.0,
2025-04-24,CONTROL 16:30,control,0.0,,5.70722973952795
2025-04-24,CONTROL 17:15,control,0.5,98995.0,
2025-04-24,CONTROL 17:15,control,1.0,123225.0,
2025-04-24,CONTROL 17:15,control,1.5,832197.0,
2025-04-24,CONTROL 17:15,control,2.0,989746.0,
2025-04-24,CONTROL 17:15,control,0.0,,5.037787850023671
2025-04-25,Friday,0 s,0.5,83456.0,
2025-04-25,Friday,0 s,1.0,153468.0,
2025-04-25,Friday,0 s,1.5,,
2025-04-25,Friday,0 s,2.0,,
2025-04-25,Friday,0 s,0.0,,1.5215452788749124
2025-04-25,Friday,t_norm 1.5x,0.5,83456.0,
2025-04-25,Friday,t_norm 1.5x,1.0,153468.0,
2025-04-25,Friday,t_norm 1.5x,1.5,,
2025-04-25,Friday,t_norm 1.5x,2.0,,
2025-04-25,Friday,t_norm 1.5x,0.0,,1.5215452788749124
2025-04-25,CONTROL 16:30,control,0.5,3055.0,
2025-04-25,CONTROL 16:30,control,1.0,21573.0,
2025-04-25,CONTROL 16:30,control,1.5,67224.0,
2025-04-25,CONTROL 16:30,control,2.0,937078.0,
2025-04-25,CONTROL 16:30,control,0.0,,4.387738004349664
2025-04-25,CONTROL 17:15,control,0.5,124553.0,
2025-04-25,CONTROL 17:15,control,1.0,241181.0,
2025-04-25,CONTROL 17:15,control,1.5,,
2025-04-25,CONTROL 17:15,control,2.0,,
2025-04-25,CONTROL 17:15,control,0.0,,2.1373288722387
2025-05-01,Thursday,0 s,0.5,22190.0,
2025-05-01,Thursday,0 s,1.0,37365.0,
2025-05-01,Thursday,0 s,1.5,806953.0,
2025-05-01,Thursday,0 s,2.0,841086.0,
2025-05-01,Thursday,0 s,0.0,,3.204826072241736
2025-05-01,Thursday,t_norm 1.5x,0.5,14450.0,
2025-05-01,Thursday,t_norm 1.5x,1.0,50431.0,
2025-05-01,Thursday,t_norm 1.5x,1.5,807404.0,
2025-05-01,Thursday,t_norm 1.5x,2.0,956859.0,
2025-05-01,Thursday,t_norm 1.5x,0.0,,3.204826072241736
2025-05-01,CONTROL 16:30,control,0.5,1579.0,
2025-05-01,CONTROL 16:30,control,1.0,5584.0,
2025-05-01,CONTROL 16:30,control,1.5,362627.0,
2025-05-01,CONTROL 16:30,control,2.0,,
2025-05-01,CONTROL 16:30,control,0.0,,3.2404476194151397
2025-05-01,CONTROL 17:15,control,0.5,37130.0,
2025-05-01,CONTROL 17:15,control,1.0,76225.0,
2025-05-01,CONTROL 17:15,control,1.5,121124.0,
2025-05-01,CONTROL 17:15,control,2.0,472384.0,
2025-05-01,CONTROL 17:15,control,0.0,,3.776997173711935
2025-05-02,Friday,0 s,0.5,1057.0,
2025-05-02,Friday,0 s,1.0,1108.0,
2025-05-02,Friday,0 s,1.5,1540.0,
2025-05-02,Friday,0 s,2.0,1540.0,
2025-05-02,Friday,0 s,0.0,,4.0924454357520945
2025-05-02,Friday,t_norm 1.5x,0.5,17967.0,
2025-05-02,Friday,t_norm 1.5x,1.0,30282.0,
2025-05-02,Friday,t_norm 1.5x,1.5,207857.0,
2025-05-02,Friday,t_norm 1.5x,2.0,556201.0,
2025-05-02,Friday,t_norm 1.5x,0.0,,5.444212140458067
2025-05-02,CONTROL 16:30,control,0.5,12701.0,
2025-05-02,CONTROL 16:30,control,1.0,95006.0,
2025-05-02,CONTROL 16:30,control,1.5,152978.0,
2025-05-02,CONTROL 16:30,control,2.0,183125.0,
2025-05-02,CONTROL 16:30,control,0.0,,5.132514441523458
2025-05-02,CONTROL 17:15,control,0.5,61482.0,
2025-05-02,CONTROL 17:15,control,1.0,485718.0,
2025-05-02,CONTROL 17:15,control,1.5,621980.0,
2025-05-02,CONTROL 17:15,control,2.0,1034595.0,
2025-05-02,CONTROL 17:15,control,0.0,,3.278478387757478
2025-05-08,Thursday,0 s,0.5,188618.0,
2025-05-08,Thursday,0 s,1.0,205711.0,
2025-05-08,Thursday,0 s,1.5,605968.0,
2025-05-08,Thursday,0 s,2.0,,
2025-05-08,Thursday,0 s,0.0,,3.5856157887470226
2025-05-08,Thursday,t_norm 1.5x,0.5,168109.0,
2025-05-08,Thursday,t_norm 1.5x,1.0,185911.0,
2025-05-08,Thursday,t_norm 1.5x,1.5,585459.0,
2025-05-08,Thursday,t_norm 1.5x,2.0,,
2025-05-08,Thursday,t_norm 1.5x,0.0,,3.5856157887470226
2025-05-08,CONTROL 16:30,control,0.5,30012.0,
2025-05-08,CONTROL 16:30,control,1.0,144021.0,
2025-05-08,CONTROL 16:30,control,1.5,181382.0,
2025-05-08,CONTROL 16:30,control,2.0,292330.0,
2025-05-08,CONTROL 16:30,control,0.0,,4.460582263325657
2025-05-08,CONTROL 17:15,control,0.5,56619.0,
2025-05-08,CONTROL 17:15,control,1.0,85363.0,
2025-05-08,CONTROL 17:15,control,1.5,200830.0,
2025-05-08,CONTROL 17:15,control,2.0,401802.0,
2025-05-08,CONTROL 17:15,control,0.0,,3.522097351390782
2025-05-09,Friday,0 s,0.5,32028.0,
2025-05-09,Friday,0 s,1.0,315561.0,
2025-05-09,Friday,0 s,1.5,,
2025-05-09,Friday,0 s,2.0,,
2025-05-09,Friday,0 s,0.0,,1.442887028920898
2025-05-09,Friday,t_norm 1.5x,0.5,32028.0,
2025-05-09,Friday,t_norm 1.5x,1.0,315561.0,
2025-05-09,Friday,t_norm 1.5x,1.5,,
2025-05-09,Friday,t_norm 1.5x,2.0,,
2025-05-09,Friday,t_norm 1.5x,0.0,,1.442887028920898
2025-05-09,CONTROL 16:30,control,0.5,29086.0,
2025-05-09,CONTROL 16:30,control,1.0,185923.0,
2025-05-09,CONTROL 16:30,control,1.5,673429.0,
2025-05-09,CONTROL 16:30,control,2.0,693503.0,
2025-05-09,CONTROL 16:30,control,0.0,,2.701876691410431
2025-05-09,CONTROL 17:15,control,0.5,58784.0,
2025-05-09,CONTROL 17:15,control,1.0,135222.0,
2025-05-09,CONTROL 17:15,control,1.5,219650.0,
2025-05-09,CONTROL 17:15,control,2.0,261207.0,
2025-05-09,CONTROL 17:15,control,0.0,,5.939884935724038
2025-05-15,Thursday,0 s,0.5,7404.0,
2025-05-15,Thursday,0 s,1.0,219490.0,
2025-05-15,Thursday,0 s,1.5,1440273.0,
2025-05-15,Thursday,0 s,2.0,,
2025-05-15,Thursday,0 s,0.0,,2.7144351949972085
2025-05-15,Thursday,t_norm 1.5x,0.5,307805.0,
2025-05-15,Thursday,t_norm 1.5x,1.0,833359.0,
2025-05-15,Thursday,t_norm 1.5x,1.5,895490.0,
2025-05-15,Thursday,t_norm 1.5x,2.0,1492520.0,
2025-05-15,Thursday,t_norm 1.5x,0.0,,3.2762342824862407
2025-05-15,CONTROL 16:30,control,0.5,28795.0,
2025-05-15,CONTROL 16:30,control,1.0,508543.0,
2025-05-15,CONTROL 16:30,control,1.5,,
2025-05-15,CONTROL 16:30,control,2.0,,
2025-05-15,CONTROL 16:30,control,0.0,,2.511408792092577
2025-05-15,CONTROL 17:15,control,0.5,365713.0,
2025-05-15,CONTROL 17:15,control,1.0,416689.0,
2025-05-15,CONTROL 17:15,control,1.5,,
2025-05-15,CONTROL 17:15,control,2.0,,
2025-05-15,CONTROL 17:15,control,0.0,,2.590672524733461
2025-05-16,Friday,0 s,0.5,42069.0,
2025-05-16,Friday,0 s,1.0,499976.0,
2025-05-16,Friday,0 s,1.5,,
2025-05-16,Friday,0 s,2.0,,
2025-05-16,Friday,0 s,0.0,,1.7619757019512645
2025-05-16,Friday,t_norm 1.5x,0.5,42069.0,
2025-05-16,Friday,t_norm 1.5x,1.0,499976.0,
2025-05-16,Friday,t_norm 1.5x,1.5,,
2025-05-16,Friday,t_norm 1.5x,2.0,,
2025-05-16,Friday,t_norm 1.5x,0.0,,1.7619757019512645
2025-05-16,CONTROL 16:30,control,0.5,46136.0,
2025-05-16,CONTROL 16:30,control,1.0,255160.0,
2025-05-16,CONTROL 16:30,control,1.5,415850.0,
2025-05-16,CONTROL 16:30,control,2.0,,
2025-05-16,CONTROL 16:30,control,0.0,,2.4524796932564623
2025-05-16,CONTROL 17:15,control,0.5,123853.0,
2025-05-16,CONTROL 17:15,control,1.0,278199.0,
2025-05-16,CONTROL 17:15,control,1.5,718445.0,
2025-05-16,CONTROL 17:15,control,2.0,1375307.0,
2025-05-16,CONTROL 17:15,control,0.0,,2.86023420536339
2025-05-22,Thursday,0 s,0.5,43394.0,
2025-05-22,Thursday,0 s,1.0,423241.0,
2025-05-22,Thursday,0 s,1.5,430008.0,
2025-05-22,Thursday,0 s,2.0,1339509.0,
2025-05-22,Thursday,0 s,0.0,,2.3536378405875684
2025-05-22,Thursday,t_norm 1.5x,0.5,386669.0,
2025-05-22,Thursday,t_norm 1.5x,1.0,407030.0,
2025-05-22,Thursday,t_norm 1.5x,1.5,515169.0,
2025-05-22,Thursday,t_norm 1.5x,2.0,1387732.0,
2025-05-22,Thursday,t_norm 1.5x,0.0,,2.3536378405875684
2025-05-22,CONTROL 16:30,control,0.5,146930.0,
2025-05-22,CONTROL 16:30,control,1.0,554159.0,
2025-05-22,CONTROL 16:30,control,1.5,912240.0,
2025-05-22,CONTROL 16:30,control,2.0,1160419.0,
2025-05-22,CONTROL 16:30,control,0.0,,5.901652407554741
2025-05-22,CONTROL 17:15,control,0.5,35987.0,
2025-05-22,CONTROL 17:15,control,1.0,308463.0,
2025-05-22,CONTROL 17:15,control,1.5,702857.0,
2025-05-22,CONTROL 17:15,control,2.0,981152.0,
2025-05-22,CONTROL 17:15,control,0.0,,3.516354776945776
2025-05-23,Friday,0 s,0.5,115274.0,
2025-05-23,Friday,0 s,1.0,196227.0,
2025-05-23,Friday,0 s,1.5,385172.0,
2025-05-23,Friday,0 s,2.0,600914.0,
2025-05-23,Friday,0 s,0.0,,2.4111069645349885
2025-05-23,Friday,t_norm 1.5x,0.5,115274.0,
2025-05-23,Friday,t_norm 1.5x,1.0,196227.0,
2025-05-23,Friday,t_norm 1.5x,1.5,385172.0,
2025-05-23,Friday,t_norm 1.5x,2.0,600914.0,
2025-05-23,Friday,t_norm 1.5x,0.0,,2.4111069645349885
2025-05-23,CONTROL 16:30,control,0.5,35783.0,
2025-05-23,CONTROL 16:30,control,1.0,193967.0,
2025-05-23,CONTROL 16:30,control,1.5,261653.0,
2025-05-23,CONTROL 16:30,control,2.0,328672.0,
2025-05-23,CONTROL 16:30,control,0.0,,2.5651338650226028
2025-05-23,CONTROL 17:15,control,0.5,62322.0,
2025-05-23,CONTROL 17:15,control,1.0,160263.0,
2025-05-23,CONTROL 17:15,control,1.5,301875.0,
2025-05-23,CONTROL 17:15,control,2.0,,
2025-05-23,CONTROL 17:15,control,0.0,,1.795250493400596
2025-05-29,Thursday,0 s,0.5,15325.0,
2025-05-29,Thursday,0 s,1.0,132247.0,
2025-05-29,Thursday,0 s,1.5,354274.0,
2025-05-29,Thursday,0 s,2.0,1711410.0,
2025-05-29,Thursday,0 s,0.0,,2.4110922813685978
2025-05-29,Thursday,t_norm 1.5x,0.5,101626.0,
2025-05-29,Thursday,t_norm 1.5x,1.0,324059.0,
2025-05-29,Thursday,t_norm 1.5x,1.5,1680789.0,
2025-05-29,Thursday,t_norm 1.5x,2.0,,
2025-05-29,Thursday,t_norm 1.5x,0.0,,2.355299666787226
2025-05-29,CONTROL 16:30,control,0.5,13987.0,
2025-05-29,CONTROL 16:30,control,1.0,304736.0,
2025-05-29,CONTROL 16:30,control,1.5,631516.0,
2025-05-29,CONTROL 16:30,control,2.0,895681.0,
2025-05-29,CONTROL 16:30,control,0.0,,3.1266667686575658
2025-05-29,CONTROL 17:15,control,0.5,286481.0,
2025-05-29,CONTROL 17:15,control,1.0,481470.0,
2025-05-29,CONTROL 17:15,control,1.5,722545.0,
2025-05-29,CONTROL 17:15,control,2.0,779453.0,
2025-05-29,CONTROL 17:15,control,0.0,,4.022085024474849
2025-05-30,Friday,0 s,0.5,159421.0,
2025-05-30,Friday,0 s,1.0,206784.0,
2025-05-30,Friday,0 s,1.5,,
2025-05-30,Friday,0 s,2.0,,
2025-05-30,Friday,0 s,0.0,,2.1205551892823067
2025-05-30,Friday,t_norm 1.5x,0.5,159421.0,
2025-05-30,Friday,t_norm 1.5x,1.0,206784.0,
2025-05-30,Friday,t_norm 1.5x,1.5,,
2025-05-30,Friday,t_norm 1.5x,2.0,,
2025-05-30,Friday,t_norm 1.5x,0.0,,2.1205551892823067
2025-05-30,CONTROL 16:30,control,0.5,71288.0,
2025-05-30,CONTROL 16:30,control,1.0,886645.0,
2025-05-30,CONTROL 16:30,control,1.5,934865.0,
2025-05-30,CONTROL 16:30,control,2.0,950113.0,
2025-05-30,CONTROL 16:30,control,0.0,,5.07883465631062
2025-05-30,CONTROL 17:15,control,0.5,116816.0,
2025-05-30,CONTROL 17:15,control,1.0,471189.0,
2025-05-30,CONTROL 17:15,control,1.5,1525196.0,
2025-05-30,CONTROL 17:15,control,2.0,,
2025-05-30,CONTROL 17:15,control,0.0,,2.9393834306882396
2025-06-05,Thursday,0 s,0.5,13813.0,
2025-06-05,Thursday,0 s,1.0,83375.0,
2025-06-05,Thursday,0 s,1.5,559499.0,
2025-06-05,Thursday,0 s,2.0,1156140.0,
2025-06-05,Thursday,0 s,0.0,,6.853747916298525
2025-06-05,Thursday,t_norm 1.5x,0.5,58564.0,
2025-06-05,Thursday,t_norm 1.5x,1.0,405425.0,
2025-06-05,Thursday,t_norm 1.5x,1.5,524179.0,
2025-06-05,Thursday,t_norm 1.5x,2.0,535855.0,
2025-06-05,Thursday,t_norm 1.5x,0.0,,6.853747916298525
2025-06-05,CONTROL 16:30,control,0.5,1186.0,
2025-06-05,CONTROL 16:30,control,1.0,200740.0,
2025-06-05,CONTROL 16:30,control,1.5,212346.0,
2025-06-05,CONTROL 16:30,control,2.0,350532.0,
2025-06-05,CONTROL 16:30,control,0.0,,3.8394736585201206
2025-06-05,CONTROL 17:15,control,0.5,51734.0,
2025-06-05,CONTROL 17:15,control,1.0,120257.0,
2025-06-05,CONTROL 17:15,control,1.5,156944.0,
2025-06-05,CONTROL 17:15,control,2.0,1083455.0,
2025-06-05,CONTROL 17:15,control,0.0,,4.170557163019876
2025-06-06,Friday,0 s,0.5,2427.0,
2025-06-06,Friday,0 s,1.0,2427.0,
2025-06-06,Friday,0 s,1.5,2427.0,
2025-06-06,Friday,0 s,2.0,3387.0,
2025-06-06,Friday,0 s,0.0,,7.845708059163623
2025-06-06,Friday,t_norm 1.5x,0.5,13672.0,
2025-06-06,Friday,t_norm 1.5x,1.0,29570.0,
2025-06-06,Friday,t_norm 1.5x,1.5,74710.0,
2025-06-06,Friday,t_norm 1.5x,2.0,75066.0,
2025-06-06,Friday,t_norm 1.5x,0.0,,7.845708059163623
2025-06-06,CONTROL 16:30,control,0.5,59576.0,
2025-06-06,CONTROL 16:30,control,1.0,62627.0,
2025-06-06,CONTROL 16:30,control,1.5,67821.0,
2025-06-06,CONTROL 16:30,control,2.0,81690.0,
2025-06-06,CONTROL 16:30,control,0.0,,4.824614366517897
2025-06-06,CONTROL 17:15,control,0.5,33160.0,
2025-06-06,CONTROL 17:15,control,1.0,87733.0,
2025-06-06,CONTROL 17:15,control,1.5,100306.0,
2025-06-06,CONTROL 17:15,control,2.0,104025.0,
2025-06-06,CONTROL 17:15,control,0.0,,7.230369419448209
2025-06-12,Thursday,0 s,0.5,22265.0,
2025-06-12,Thursday,0 s,1.0,41589.0,
2025-06-12,Thursday,0 s,1.5,520734.0,
2025-06-12,Thursday,0 s,2.0,,
2025-06-12,Thursday,0 s,0.0,,2.305754177816421
2025-06-12,Thursday,t_norm 1.5x,0.5,21573.0,
2025-06-12,Thursday,t_norm 1.5x,1.0,197347.0,
2025-06-12,Thursday,t_norm 1.5x,1.5,,
2025-06-12,Thursday,t_norm 1.5x,2.0,,
2025-06-12,Thursday,t_norm 1.5x,0.0,,2.305754177816421
2025-06-12,CONTROL 16:30,control,0.5,78283.0,
2025-06-12,CONTROL 16:30,control,1.0,235427.0,
2025-06-12,CONTROL 16:30,control,1.5,312605.0,
2025-06-12,CONTROL 16:30,control,2.0,347581.0,
2025-06-12,CONTROL 16:30,control,0.0,,4.581042983921985
2025-06-12,CONTROL 17:15,control,0.5,428840.0,
2025-06-12,CONTROL 17:15,control,1.0,599032.0,
2025-06-12,CONTROL 17:15,control,1.5,,
2025-06-12,CONTROL 17:15,control,2.0,,
2025-06-12,CONTROL 17:15,control,0.0,,2.0193297405007455
2025-06-13,Friday,0 s,0.5,259888.0,
2025-06-13,Friday,0 s,1.0,308380.0,
2025-06-13,Friday,0 s,1.5,437864.0,
2025-06-13,Friday,0 s,2.0,467291.0,
2025-06-13,Friday,0 s,0.0,,3.6023015320526035
2025-06-13,Friday,t_norm 1.5x,0.5,259888.0,
2025-06-13,Friday,t_norm 1.5x,1.0,308380.0,
2025-06-13,Friday,t_norm 1.5x,1.5,437864.0,
2025-06-13,Friday,t_norm 1.5x,2.0,467291.0,
2025-06-13,Friday,t_norm 1.5x,0.0,,3.6023015320526035
2025-06-13,CONTROL 16:30,control,0.5,4532.0,
2025-06-13,CONTROL 16:30,control,1.0,37874.0,
2025-06-13,CONTROL 16:30,control,1.5,987784.0,
2025-06-13,CONTROL 16:30,control,2.0,1019168.0,
2025-06-13,CONTROL 16:30,control,0.0,,4.022230346245515
2025-06-13,CONTROL 17:15,control,0.5,41497.0,
2025-06-13,CONTROL 17:15,control,1.0,186760.0,
2025-06-13,CONTROL 17:15,control,1.5,815883.0,
2025-06-13,CONTROL 17:15,control,2.0,860310.0,
2025-06-13,CONTROL 17:15,control,0.0,,3.76940177156482
2025-06-19,Thursday,0 s,0.5,186375.0,
2025-06-19,Thursday,0 s,1.0,220655.0,
2025-06-19,Thursday,0 s,1.5,245381.0,
2025-06-19,Thursday,0 s,2.0,300757.0,
2025-06-19,Thursday,0 s,0.0,,3.1504085798148656
2025-06-19,Thursday,t_norm 1.5x,0.5,186375.0,
2025-06-19,Thursday,t_norm 1.5x,1.0,220655.0,
2025-06-19,Thursday,t_norm 1.5x,1.5,245381.0,
2025-06-19,Thursday,t_norm 1.5x,2.0,300757.0,
2025-06-19,Thursday,t_norm 1.5x,0.0,,3.1504085798148656
2025-06-19,CONTROL 16:30,control,0.5,14523.0,
2025-06-19,CONTROL 16:30,control,1.0,224405.0,
2025-06-19,CONTROL 16:30,control,1.5,277153.0,
2025-06-19,CONTROL 16:30,control,2.0,677341.0,
2025-06-19,CONTROL 16:30,control,0.0,,5.228189127654995
2025-06-19,CONTROL 17:15,control,0.5,347729.0,
2025-06-19,CONTROL 17:15,control,1.0,364976.0,
2025-06-19,CONTROL 17:15,control,1.5,386184.0,
2025-06-19,CONTROL 17:15,control,2.0,404475.0,
2025-06-19,CONTROL 17:15,control,0.0,,3.6888166635440434
2025-06-20,Friday,0 s,0.5,3645.0,
2025-06-20,Friday,0 s,1.0,161249.0,
2025-06-20,Friday,0 s,1.5,162912.0,
2025-06-20,Friday,0 s,2.0,173190.0,
2025-06-20,Friday,0 s,0.0,,2.867586080561274
2025-06-20,Friday,t_norm 1.5x,0.5,9405.0,
2025-06-20,Friday,t_norm 1.5x,1.0,161879.0,
2025-06-20,Friday,t_norm 1.5x,1.5,166915.0,
2025-06-20,Friday,t_norm 1.5x,2.0,,
2025-06-20,Friday,t_norm 1.5x,0.0,,2.867586080561274
2025-06-20,CONTROL 16:30,control,0.5,49827.0,
2025-06-20,CONTROL 16:30,control,1.0,93668.0,
2025-06-20,CONTROL 16:30,control,1.5,99829.0,
2025-06-20,CONTROL 16:30,control,2.0,444767.0,
2025-06-20,CONTROL 16:30,control,0.0,,6.666415555363978
2025-06-20,CONTROL 17:15,control,0.5,42200.0,
2025-06-20,CONTROL 17:15,control,1.0,240363.0,
2025-06-20,CONTROL 17:15,control,1.5,384284.0,
2025-06-20,CONTROL 17:15,control,2.0,451615.0,
2025-06-20,CONTROL 17:15,control,0.0,,2.281585085392154
2025-06-26,Thursday,0 s,0.5,1467.0,
2025-06-26,Thursday,0 s,1.0,36175.0,
2025-06-26,Thursday,0 s,1.5,37850.0,
2025-06-26,Thursday,0 s,2.0,60981.0,
2025-06-26,Thursday,0 s,0.0,,8.299951844666012
2025-06-26,Thursday,t_norm 1.5x,0.5,9395.0,
2025-06-26,Thursday,t_norm 1.5x,1.0,25347.0,
2025-06-26,Thursday,t_norm 1.5x,1.5,27172.0,
2025-06-26,Thursday,t_norm 1.5x,2.0,34657.0,
2025-06-26,Thursday,t_norm 1.5x,0.0,,8.78604540439512
2025-06-26,CONTROL 16:30,control,0.5,10262.0,
2025-06-26,CONTROL 16:30,control,1.0,164485.0,
2025-06-26,CONTROL 16:30,control,1.5,234438.0,
2025-06-26,CONTROL 16:30,control,2.0,280774.0,
2025-06-26,CONTROL 16:30,control,0.0,,7.199543195672936
2025-06-26,CONTROL 17:15,control,0.5,21963.0,
2025-06-26,CONTROL 17:15,control,1.0,139862.0,
2025-06-26,CONTROL 17:15,control,1.5,420307.0,
2025-06-26,CONTROL 17:15,control,2.0,538128.0,
2025-06-26,CONTROL 17:15,control,0.0,,4.547654039308237
2025-06-27,Friday,0 s,0.5,4187.0,
2025-06-27,Friday,0 s,1.0,63864.0,
2025-06-27,Friday,0 s,1.5,311239.0,
2025-06-27,Friday,0 s,2.0,337513.0,
2025-06-27,Friday,0 s,0.0,,3.000913471773126
2025-06-27,Friday,t_norm 1.5x,0.5,26501.0,
2025-06-27,Friday,t_norm 1.5x,1.0,47337.0,
2025-06-27,Friday,t_norm 1.5x,1.5,305285.0,
2025-06-27,Friday,t_norm 1.5x,2.0,340178.0,
2025-06-27,Friday,t_norm 1.5x,0.0,,3.3039731339626197
2025-06-27,CONTROL 16:30,control,0.5,28223.0,
2025-06-27,CONTROL 16:30,control,1.0,155603.0,
2025-06-27,CONTROL 16:30,control,1.5,178229.0,
2025-06-27,CONTROL 16:30,control,2.0,828957.0,
2025-06-27,CONTROL 16:30,control,0.0,,4.959603837677875
2025-06-27,CONTROL 17:15,control,0.5,75774.0,
2025-06-27,CONTROL 17:15,control,1.0,239297.0,
2025-06-27,CONTROL 17:15,control,1.5,910037.0,
2025-06-27,CONTROL 17:15,control,2.0,1023937.0,
2025-06-27,CONTROL 17:15,control,0.0,,3.5328249208457145
2025-07-03,Thursday,0 s,0.5,1937.0,
2025-07-03,Thursday,0 s,1.0,1937.0,
2025-07-03,Thursday,0 s,1.5,1937.0,
2025-07-03,Thursday,0 s,2.0,1937.0,
2025-07-03,Thursday,0 s,0.0,,15.799372696722795
2025-07-03,Thursday,t_norm 1.5x,0.5,11735.0,
2025-07-03,Thursday,t_norm 1.5x,1.0,42790.0,
2025-07-03,Thursday,t_norm 1.5x,1.5,48969.0,
2025-07-03,Thursday,t_norm 1.5x,2.0,178073.0,
2025-07-03,Thursday,t_norm 1.5x,0.0,,9.791654015409664
2025-07-03,CONTROL 16:30,control,0.5,18176.0,
2025-07-03,CONTROL 16:30,control,1.0,170333.0,
2025-07-03,CONTROL 16:30,control,1.5,651621.0,
2025-07-03,CONTROL 16:30,control,2.0,702520.0,
2025-07-03,CONTROL 16:30,control,0.0,,3.224794998507783
2025-07-03,CONTROL 17:15,control,0.5,48225.0,
2025-07-03,CONTROL 17:15,control,1.0,184622.0,
2025-07-03,CONTROL 17:15,control,1.5,230745.0,
2025-07-03,CONTROL 17:15,control,2.0,415480.0,
2025-07-03,CONTROL 17:15,control,0.0,,3.5902044400849564
2025-07-04,Friday,0 s,0.5,110097.0,
2025-07-04,Friday,0 s,1.0,244454.0,
2025-07-04,Friday,0 s,1.5,620016.0,
2025-07-04,Friday,0 s,2.0,977488.0,
2025-07-04,Friday,0 s,0.0,,3.1664607517571843
2025-07-04,Friday,t_norm 1.5x,0.5,110097.0,
2025-07-04,Friday,t_norm 1.5x,1.0,244454.0,
2025-07-04,Friday,t_norm 1.5x,1.5,620016.0,
2025-07-04,Friday,t_norm 1.5x,2.0,977488.0,
2025-07-04,Friday,t_norm 1.5x,0.0,,3.1664607517571843
2025-07-04,CONTROL 16:30,control,0.5,349386.0,
2025-07-04,CONTROL 16:30,control,1.0,622440.0,
2025-07-04,CONTROL 16:30,control,1.5,661380.0,
2025-07-04,CONTROL 16:30,control,2.0,863557.0,
2025-07-04,CONTROL 16:30,control,0.0,,2.5445782530622645
2025-07-04,CONTROL 17:15,control,0.5,22305.0,
2025-07-04,CONTROL 17:15,control,1.0,486000.0,
2025-07-04,CONTROL 17:15,control,1.5,,
2025-07-04,CONTROL 17:15,control,2.0,,
2025-07-04,CONTROL 17:15,control,0.0,,1.8357112813434315
2025-07-10,Thursday,0 s,0.5,23032.0,
2025-07-10,Thursday,0 s,1.0,75571.0,
2025-07-10,Thursday,0 s,1.5,645676.0,
2025-07-10,Thursday,0 s,2.0,1473787.0,
2025-07-10,Thursday,0 s,0.0,,3.538724955506876
2025-07-10,Thursday,t_norm 1.5x,0.5,4415.0,
2025-07-10,Thursday,t_norm 1.5x,1.0,28121.0,
2025-07-10,Thursday,t_norm 1.5x,1.5,971424.0,
2025-07-10,Thursday,t_norm 1.5x,2.0,1587341.0,
2025-07-10,Thursday,t_norm 1.5x,0.0,,3.9088444272684724
2025-07-10,CONTROL 16:30,control,0.5,23319.0,
2025-07-10,CONTROL 16:30,control,1.0,74567.0,
2025-07-10,CONTROL 16:30,control,1.5,597096.0,
2025-07-10,CONTROL 16:30,control,2.0,956317.0,
2025-07-10,CONTROL 16:30,control,0.0,,7.2911087762517015
2025-07-10,CONTROL 17:15,control,0.5,33951.0,
2025-07-10,CONTROL 17:15,control,1.0,113937.0,
2025-07-10,CONTROL 17:15,control,1.5,641024.0,
2025-07-10,CONTROL 17:15,control,2.0,804891.0,
2025-07-10,CONTROL 17:15,control,0.0,,3.8547620270049796
2025-07-11,Friday,0 s,0.5,665.0,
2025-07-11,Friday,0 s,1.0,15110.0,
2025-07-11,Friday,0 s,1.5,278914.0,
2025-07-11,Friday,0 s,2.0,318904.0,
2025-07-11,Friday,0 s,0.0,,3.7602971019723515
2025-07-11,Friday,t_norm 1.5x,0.5,665.0,
2025-07-11,Friday,t_norm 1.5x,1.0,15110.0,
2025-07-11,Friday,t_norm 1.5x,1.5,278914.0,
2025-07-11,Friday,t_norm 1.5x,2.0,318904.0,
2025-07-11,Friday,t_norm 1.5x,0.0,,3.7602971019723515
2025-07-11,CONTROL 16:30,control,0.5,1725.0,
2025-07-11,CONTROL 16:30,control,1.0,213097.0,
2025-07-11,CONTROL 16:30,control,1.5,288590.0,
2025-07-11,CONTROL 16:30,control,2.0,576734.0,
2025-07-11,CONTROL 16:30,control,0.0,,3.369139112528587
2025-07-11,CONTROL 17:15,control,0.5,90450.0,
2025-07-11,CONTROL 17:15,control,1.0,274390.0,
2025-07-11,CONTROL 17:15,control,1.5,971168.0,
2025-07-11,CONTROL 17:15,control,2.0,1255876.0,
2025-07-11,CONTROL 17:15,control,0.0,,3.770244977903473
2025-07-17,Thursday,0 s,0.5,139.0,
2025-07-17,Thursday,0 s,1.0,190.0,
2025-07-17,Thursday,0 s,1.5,23514.0,
2025-07-17,Thursday,0 s,2.0,33076.0,
2025-07-17,Thursday,0 s,0.0,,7.496520445793845
2025-07-17,Thursday,t_norm 1.5x,0.5,8950.0,
2025-07-17,Thursday,t_norm 1.5x,1.0,10674.0,
2025-07-17,Thursday,t_norm 1.5x,1.5,10674.0,
2025-07-17,Thursday,t_norm 1.5x,2.0,10674.0,
2025-07-17,Thursday,t_norm 1.5x,0.0,,5.812394308778072
2025-07-17,CONTROL 16:30,control,0.5,10385.0,
2025-07-17,CONTROL 16:30,control,1.0,88951.0,
2025-07-17,CONTROL 16:30,control,1.5,241660.0,
2025-07-17,CONTROL 16:30,control,2.0,,
2025-07-17,CONTROL 16:30,control,0.0,,3.5237100712948064
2025-07-17,CONTROL 17:15,control,0.5,131747.0,
2025-07-17,CONTROL 17:15,control,1.0,134416.0,
2025-07-17,CONTROL 17:15,control,1.5,213761.0,
2025-07-17,CONTROL 17:15,control,2.0,302634.0,
2025-07-17,CONTROL 17:15,control,0.0,,4.240543247563062
2025-07-18,Friday,0 s,0.5,997.0,
2025-07-18,Friday,0 s,1.0,169902.0,
2025-07-18,Friday,0 s,1.5,1411369.0,
2025-07-18,Friday,0 s,2.0,,
2025-07-18,Friday,0 s,0.0,,2.1900060124467933
2025-07-18,Friday,t_norm 1.5x,0.5,2029.0,
2025-07-18,Friday,t_norm 1.5x,1.0,511106.0,
2025-07-18,Friday,t_norm 1.5x,1.5,,
2025-07-18,Friday,t_norm 1.5x,2.0,,
2025-07-18,Friday,t_norm 1.5x,0.0,,2.1900060124467933
2025-07-18,CONTROL 16:30,control,0.5,21681.0,
2025-07-18,CONTROL 16:30,control,1.0,69285.0,
2025-07-18,CONTROL 16:30,control,1.5,203280.0,
2025-07-18,CONTROL 16:30,control,2.0,224206.0,
2025-07-18,CONTROL 16:30,control,0.0,,3.110275832751575
2025-07-18,CONTROL 17:15,control,0.5,12791.0,
2025-07-18,CONTROL 17:15,control,1.0,29058.0,
2025-07-18,CONTROL 17:15,control,1.5,35517.0,
2025-07-18,CONTROL 17:15,control,2.0,,
2025-07-18,CONTROL 17:15,control,0.0,,2.9648113976009194
2025-07-24,Thursday,0 s,0.5,16080.0,
2025-07-24,Thursday,0 s,1.0,27940.0,
2025-07-24,Thursday,0 s,1.5,461270.0,
2025-07-24,Thursday,0 s,2.0,1133187.0,
2025-07-24,Thursday,0 s,0.0,,5.640033061321655
2025-07-24,Thursday,t_norm 1.5x,0.5,16080.0,
2025-07-24,Thursday,t_norm 1.5x,1.0,27940.0,
2025-07-24,Thursday,t_norm 1.5x,1.5,461270.0,
2025-07-24,Thursday,t_norm 1.5x,2.0,1133187.0,
2025-07-24,Thursday,t_norm 1.5x,0.0,,5.640033061321655
2025-07-24,CONTROL 16:30,control,0.5,462.0,
2025-07-24,CONTROL 16:30,control,1.0,24345.0,
2025-07-24,CONTROL 16:30,control,1.5,505149.0,
2025-07-24,CONTROL 16:30,control,2.0,509786.0,
2025-07-24,CONTROL 16:30,control,0.0,,6.9873941806200035
2025-07-24,CONTROL 17:15,control,0.5,61659.0,
2025-07-24,CONTROL 17:15,control,1.0,181723.0,
2025-07-24,CONTROL 17:15,control,1.5,278896.0,
2025-07-24,CONTROL 17:15,control,2.0,998975.0,
2025-07-24,CONTROL 17:15,control,0.0,,3.5328515565801313
2025-07-25,Friday,0 s,0.5,137392.0,
2025-07-25,Friday,0 s,1.0,245619.0,
2025-07-25,Friday,0 s,1.5,370659.0,
2025-07-25,Friday,0 s,2.0,809953.0,
2025-07-25,Friday,0 s,0.0,,2.5195341320867413
2025-07-25,Friday,t_norm 1.5x,0.5,238785.0,
2025-07-25,Friday,t_norm 1.5x,1.0,243713.0,
2025-07-25,Friday,t_norm 1.5x,1.5,678518.0,
2025-07-25,Friday,t_norm 1.5x,2.0,803224.0,
2025-07-25,Friday,t_norm 1.5x,0.0,,2.5195341320867413
2025-07-25,CONTROL 16:30,control,0.5,17749.0,
2025-07-25,CONTROL 16:30,control,1.0,32067.0,
2025-07-25,CONTROL 16:30,control,1.5,188887.0,
2025-07-25,CONTROL 16:30,control,2.0,365446.0,
2025-07-25,CONTROL 16:30,control,0.0,,3.8543041272204537
2025-07-25,CONTROL 17:15,control,0.5,43705.0,
2025-07-25,CONTROL 17:15,control,1.0,78906.0,
2025-07-25,CONTROL 17:15,control,1.5,126013.0,
2025-07-25,CONTROL 17:15,control,2.0,126633.0,
2025-07-25,CONTROL 17:15,control,0.0,,3.743092887534509
2025-07-31,Thursday,0 s,0.5,1058.0,
2025-07-31,Thursday,0 s,1.0,9979.0,
2025-07-31,Thursday,0 s,1.5,1032314.0,
2025-07-31,Thursday,0 s,2.0,,
2025-07-31,Thursday,0 s,0.0,,2.9349828113545144
2025-07-31,Thursday,t_norm 1.5x,0.5,14674.0,
2025-07-31,Thursday,t_norm 1.5x,1.0,38297.0,
2025-07-31,Thursday,t_norm 1.5x,1.5,51652.0,
2025-07-31,Thursday,t_norm 1.5x,2.0,52872.0,
2025-07-31,Thursday,t_norm 1.5x,0.0,,2.9349828113545144
2025-07-31,CONTROL 16:30,control,0.5,102178.0,
2025-07-31,CONTROL 16:30,control,1.0,439692.0,
2025-07-31,CONTROL 16:30,control,1.5,713198.0,
2025-07-31,CONTROL 16:30,control,2.0,769824.0,
2025-07-31,CONTROL 16:30,control,0.0,,3.39815339030138
2025-07-31,CONTROL 17:15,control,0.5,107791.0,
2025-07-31,CONTROL 17:15,control,1.0,267785.0,
2025-07-31,CONTROL 17:15,control,1.5,274740.0,
2025-07-31,CONTROL 17:15,control,2.0,284526.0,
2025-07-31,CONTROL 17:15,control,0.0,,4.784390390392425
2025-08-01,Friday,0 s,0.5,1110.0,
2025-08-01,Friday,0 s,1.0,1162.0,
2025-08-01,Friday,0 s,1.5,1416.0,
2025-08-01,Friday,0 s,2.0,4252.0,
2025-08-01,Friday,0 s,0.0,,18.50512315077308
2025-08-01,Friday,t_norm 1.5x,0.5,20293.0,
2025-08-01,Friday,t_norm 1.5x,1.0,32286.0,
2025-08-01,Friday,t_norm 1.5x,1.5,55797.0,
2025-08-01,Friday,t_norm 1.5x,2.0,203475.0,
2025-08-01,Friday,t_norm 1.5x,0.0,,8.099083989591447
2025-08-01,CONTROL 16:30,control,0.5,5344.0,
2025-08-01,CONTROL 16:30,control,1.0,136277.0,
2025-08-01,CONTROL 16:30,control,1.5,155166.0,
2025-08-01,CONTROL 16:30,control,2.0,175284.0,
2025-08-01,CONTROL 16:30,control,0.0,,6.206034334841028
2025-08-01,CONTROL 17:15,control,0.5,106400.0,
2025-08-01,CONTROL 17:15,control,1.0,119376.0,
2025-08-01,CONTROL 17:15,control,1.5,127292.0,
2025-08-01,CONTROL 17:15,control,2.0,214591.0,
2025-08-01,CONTROL 17:15,control,0.0,,5.879836862359893
2025-08-07,Thursday,0 s,0.5,613.0,
2025-08-07,Thursday,0 s,1.0,11205.0,
2025-08-07,Thursday,0 s,1.5,143263.0,
2025-08-07,Thursday,0 s,2.0,200858.0,
2025-08-07,Thursday,0 s,0.0,,3.3290183508146414
2025-08-07,Thursday,t_norm 1.5x,0.5,41905.0,
2025-08-07,Thursday,t_norm 1.5x,1.0,149244.0,
2025-08-07,Thursday,t_norm 1.5x,1.5,209352.0,
2025-08-07,Thursday,t_norm 1.5x,2.0,,
2025-08-07,Thursday,t_norm 1.5x,0.0,,3.3290183508146414
2025-08-07,CONTROL 16:30,control,0.5,87593.0,
2025-08-07,CONTROL 16:30,control,1.0,319846.0,
2025-08-07,CONTROL 16:30,control,1.5,904176.0,
2025-08-07,CONTROL 16:30,control,2.0,972084.0,
2025-08-07,CONTROL 16:30,control,0.0,,3.0138489752901347
2025-08-07,CONTROL 17:15,control,0.5,30812.0,
2025-08-07,CONTROL 17:15,control,1.0,48040.0,
2025-08-07,CONTROL 17:15,control,1.5,49619.0,
2025-08-07,CONTROL 17:15,control,2.0,372032.0,
2025-08-07,CONTROL 17:15,control,0.0,,3.624615105884427
2025-08-08,Friday,0 s,0.5,10275.0,
2025-08-08,Friday,0 s,1.0,58670.0,
2025-08-08,Friday,0 s,1.5,114943.0,
2025-08-08,Friday,0 s,2.0,442164.0,
2025-08-08,Friday,0 s,0.0,,3.8979536719012238
2025-08-08,Friday,t_norm 1.5x,0.5,10275.0,
2025-08-08,Friday,t_norm 1.5x,1.0,58670.0,
2025-08-08,Friday,t_norm 1.5x,1.5,114943.0,
2025-08-08,Friday,t_norm 1.5x,2.0,442164.0,
2025-08-08,Friday,t_norm 1.5x,0.0,,3.8979536719012238
2025-08-08,CONTROL 16:30,control,0.5,37459.0,
2025-08-08,CONTROL 16:30,control,1.0,59336.0,
2025-08-08,CONTROL 16:30,control,1.5,780371.0,
2025-08-08,CONTROL 16:30,control,2.0,1320362.0,
2025-08-08,CONTROL 16:30,control,0.0,,3.5921736047225794
2025-08-08,CONTROL 17:15,control,0.5,132933.0,
2025-08-08,CONTROL 17:15,control,1.0,779250.0,
2025-08-08,CONTROL 17:15,control,1.5,900112.0,
2025-08-08,CONTROL 17:15,control,2.0,1024863.0,
2025-08-08,CONTROL 17:15,control,0.0,,2.6877474157316703
2025-08-14,Thursday,0 s,0.5,1159.0,
2025-08-14,Thursday,0 s,1.0,1423.0,
2025-08-14,Thursday,0 s,1.5,3208.0,
2025-08-14,Thursday,0 s,2.0,5588.0,
2025-08-14,Thursday,0 s,0.0,,6.391842679099049
2025-08-14,Thursday,t_norm 1.5x,0.5,8205.0,
2025-08-14,Thursday,t_norm 1.5x,1.0,9826.0,
2025-08-14,Thursday,t_norm 1.5x,1.5,24328.0,
2025-08-14,Thursday,t_norm 1.5x,2.0,59250.0,
2025-08-14,Thursday,t_norm 1.5x,0.0,,6.391842679099049
2025-08-14,CONTROL 16:30,control,0.5,8619.0,
2025-08-14,CONTROL 16:30,control,1.0,66464.0,
2025-08-14,CONTROL 16:30,control,1.5,126797.0,
2025-08-14,CONTROL 16:30,control,2.0,,
2025-08-14,CONTROL 16:30,control,0.0,,2.4704694984741056
2025-08-14,CONTROL 17:15,control,0.5,30953.0,
2025-08-14,CONTROL 17:15,control,1.0,88181.0,
2025-08-14,CONTROL 17:15,control,1.5,123838.0,
2025-08-14,CONTROL 17:15,control,2.0,241138.0,
2025-08-14,CONTROL 17:15,control,0.0,,4.1389098526424855
2025-08-15,Friday,0 s,0.5,25181.0,
2025-08-15,Friday,0 s,1.0,75861.0,
2025-08-15,Friday,0 s,1.5,130486.0,
2025-08-15,Friday,0 s,2.0,613426.0,
2025-08-15,Friday,0 s,0.0,,4.887570758459627
2025-08-15,Friday,t_norm 1.5x,0.5,24686.0,
2025-08-15,Friday,t_norm 1.5x,1.0,81642.0,
2025-08-15,Friday,t_norm 1.5x,1.5,141815.0,
2025-08-15,Friday,t_norm 1.5x,2.0,569231.0,
2025-08-15,Friday,t_norm 1.5x,0.0,,4.887570758459627
2025-08-15,CONTROL 16:30,control,0.5,24138.0,
2025-08-15,CONTROL 16:30,control,1.0,147603.0,
2025-08-15,CONTROL 16:30,control,1.5,732735.0,
2025-08-15,CONTROL 16:30,control,2.0,979051.0,
2025-08-15,CONTROL 16:30,control,0.0,,3.4428509871792525
2025-08-15,CONTROL 17:15,control,0.5,79771.0,
2025-08-15,CONTROL 17:15,control,1.0,159285.0,
2025-08-15,CONTROL 17:15,control,1.5,284738.0,
2025-08-15,CONTROL 17:15,control,2.0,1628697.0,
2025-08-15,CONTROL 17:15,control,0.0,,2.3313480857246383
2025-08-21,Thursday,0 s,0.5,152.0,
2025-08-21,Thursday,0 s,1.0,429.0,
2025-08-21,Thursday,0 s,1.5,179667.0,
2025-08-21,Thursday,0 s,2.0,262419.0,
2025-08-21,Thursday,0 s,0.0,,3.711959381072136
2025-08-21,Thursday,t_norm 1.5x,0.5,10624.0,
2025-08-21,Thursday,t_norm 1.5x,1.0,133572.0,
2025-08-21,Thursday,t_norm 1.5x,1.5,216830.0,
2025-08-21,Thursday,t_norm 1.5x,2.0,224636.0,
2025-08-21,Thursday,t_norm 1.5x,0.0,,3.711959381072136
2025-08-21,CONTROL 16:30,control,0.5,58933.0,
2025-08-21,CONTROL 16:30,control,1.0,900277.0,
2025-08-21,CONTROL 16:30,control,1.5,900328.0,
2025-08-21,CONTROL 16:30,control,2.0,900328.0,
2025-08-21,CONTROL 16:30,control,0.0,,5.044232877938584
2025-08-21,CONTROL 17:15,control,0.5,69445.0,
2025-08-21,CONTROL 17:15,control,1.0,346956.0,
2025-08-21,CONTROL 17:15,control,1.5,,
2025-08-21,CONTROL 17:15,control,2.0,,
2025-08-21,CONTROL 17:15,control,0.0,,2.4936303280163323
2025-08-22,Friday,0 s,0.5,25866.0,
2025-08-22,Friday,0 s,1.0,125386.0,
2025-08-22,Friday,0 s,1.5,127971.0,
2025-08-22,Friday,0 s,2.0,155000.0,
2025-08-22,Friday,0 s,0.0,,3.1789745967756855
2025-08-22,Friday,t_norm 1.5x,0.5,25866.0,
2025-08-22,Friday,t_norm 1.5x,1.0,125386.0,
2025-08-22,Friday,t_norm 1.5x,1.5,127971.0,
2025-08-22,Friday,t_norm 1.5x,2.0,155000.0,
2025-08-22,Friday,t_norm 1.5x,0.0,,3.1789745967756855
2025-08-22,CONTROL 16:30,control,0.5,3507.0,
2025-08-22,CONTROL 16:30,control,1.0,34139.0,
2025-08-22,CONTROL 16:30,control,1.5,257833.0,
2025-08-22,CONTROL 16:30,control,2.0,438287.0,
2025-08-22,CONTROL 16:30,control,0.0,,4.0760783288093
2025-08-22,CONTROL 17:15,control,0.5,2812.0,
2025-08-22,CONTROL 17:15,control,1.0,8404.0,
2025-08-22,CONTROL 17:15,control,1.5,104875.0,
2025-08-22,CONTROL 17:15,control,2.0,115079.0,
2025-08-22,CONTROL 17:15,control,0.0,,9.369537362277143
2025-08-28,Thursday,0 s,0.5,1374.0,
2025-08-28,Thursday,0 s,1.0,18743.0,
2025-08-28,Thursday,0 s,1.5,28005.0,
2025-08-28,Thursday,0 s,2.0,77348.0,
2025-08-28,Thursday,0 s,0.0,,4.949821712481653
2025-08-28,Thursday,t_norm 1.5x,0.5,24778.0,
2025-08-28,Thursday,t_norm 1.5x,1.0,32848.0,
2025-08-28,Thursday,t_norm 1.5x,1.5,45616.0,
2025-08-28,Thursday,t_norm 1.5x,2.0,1096490.0,
2025-08-28,Thursday,t_norm 1.5x,0.0,,4.394870594422714
2025-08-28,CONTROL 16:30,control,0.5,49017.0,
2025-08-28,CONTROL 16:30,control,1.0,304874.0,
2025-08-28,CONTROL 16:30,control,1.5,985504.0,
2025-08-28,CONTROL 16:30,control,2.0,1273955.0,
2025-08-28,CONTROL 16:30,control,0.0,,4.164089160305069
2025-08-28,CONTROL 17:15,control,0.5,52088.0,
2025-08-28,CONTROL 17:15,control,1.0,377424.0,
2025-08-28,CONTROL 17:15,control,1.5,488365.0,
2025-08-28,CONTROL 17:15,control,2.0,,
2025-08-28,CONTROL 17:15,control,0.0,,2.949064025172279
2025-08-29,Friday,0 s,0.5,6015.0,
2025-08-29,Friday,0 s,1.0,10357.0,
2025-08-29,Friday,0 s,1.5,13754.0,
2025-08-29,Friday,0 s,2.0,22591.0,
2025-08-29,Friday,0 s,0.0,,5.322149298032351
2025-08-29,Friday,t_norm 1.5x,0.5,33530.0,
2025-08-29,Friday,t_norm 1.5x,1.0,64510.0,
2025-08-29,Friday,t_norm 1.5x,1.5,95193.0,
2025-08-29,Friday,t_norm 1.5x,2.0,127476.0,
2025-08-29,Friday,t_norm 1.5x,0.0,,5.890858965879204
2025-08-29,CONTROL 16:30,control,0.5,2907.0,
2025-08-29,CONTROL 16:30,control,1.0,72661.0,
2025-08-29,CONTROL 16:30,control,1.5,117576.0,
2025-08-29,CONTROL 16:30,control,2.0,281102.0,
2025-08-29,CONTROL 16:30,control,0.0,,7.249375589553982
2025-08-29,CONTROL 17:15,control,0.5,7851.0,
2025-08-29,CONTROL 17:15,control,1.0,217792.0,
2025-08-29,CONTROL 17:15,control,1.5,240316.0,
2025-08-29,CONTROL 17:15,control,2.0,1013725.0,
2025-08-29,CONTROL 17:15,control,0.0,,4.820042527115176
2025-09-04,Thursday,0 s,0.5,152.0,
2025-09-04,Thursday,0 s,1.0,1213.0,
2025-09-04,Thursday,0 s,1.5,,
2025-09-04,Thursday,0 s,2.0,,
2025-09-04,Thursday,0 s,0.0,,2.8975412396688642
2025-09-04,Thursday,t_norm 1.5x,0.5,51030.0,
2025-09-04,Thursday,t_norm 1.5x,1.0,256410.0,
2025-09-04,Thursday,t_norm 1.5x,1.5,273855.0,
2025-09-04,Thursday,t_norm 1.5x,2.0,,
2025-09-04,Thursday,t_norm 1.5x,0.0,,2.3413314547039374
2025-09-04,CONTROL 16:30,control,0.5,5043.0,
2025-09-04,CONTROL 16:30,control,1.0,381148.0,
2025-09-04,CONTROL 16:30,control,1.5,451723.0,
2025-09-04,CONTROL 16:30,control,2.0,493407.0,
2025-09-04,CONTROL 16:30,control,0.0,,5.184728379022116
2025-09-04,CONTROL 17:15,control,0.5,23291.0,
2025-09-04,CONTROL 17:15,control,1.0,29812.0,
2025-09-04,CONTROL 17:15,control,1.5,146503.0,
2025-09-04,CONTROL 17:15,control,2.0,286593.0,
2025-09-04,CONTROL 17:15,control,0.0,,3.6572023914052143
2025-09-05,Friday,0 s,0.5,1371.0,
2025-09-05,Friday,0 s,1.0,1371.0,
2025-09-05,Friday,0 s,1.5,1371.0,
2025-09-05,Friday,0 s,2.0,1371.0,
2025-09-05,Friday,0 s,0.0,,12.558569129667271
2025-09-05,Friday,t_norm 1.5x,0.5,2239.0,
2025-09-05,Friday,t_norm 1.5x,1.0,35785.0,
2025-09-05,Friday,t_norm 1.5x,1.5,36381.0,
2025-09-05,Friday,t_norm 1.5x,2.0,36381.0,
2025-09-05,Friday,t_norm 1.5x,0.0,,5.734791075592325
2025-09-05,CONTROL 16:30,control,0.5,3430.0,
2025-09-05,CONTROL 16:30,control,1.0,60199.0,
2025-09-05,CONTROL 16:30,control,1.5,330637.0,
2025-09-05,CONTROL 16:30,control,2.0,768620.0,
2025-09-05,CONTROL 16:30,control,0.0,,7.6285052736873125
2025-09-05,CONTROL 17:15,control,0.5,7808.0,
2025-09-05,CONTROL 17:15,control,1.0,105310.0,
2025-09-05,CONTROL 17:15,control,1.5,251624.0,
2025-09-05,CONTROL 17:15,control,2.0,491221.0,
2025-09-05,CONTROL 17:15,control,0.0,,8.772877554814768
2025-09-11,Thursday,0 s,0.5,1215.0,
2025-09-11,Thursday,0 s,1.0,3882.0,
2025-09-11,Thursday,0 s,1.5,3882.0,
2025-09-11,Thursday,0 s,2.0,3882.0,
2025-09-11,Thursday,0 s,0.0,,11.97935689131513
2025-09-11,Thursday,t_norm 1.5x,0.5,12944.0,
2025-09-11,Thursday,t_norm 1.5x,1.0,17916.0,
2025-09-11,Thursday,t_norm 1.5x,1.5,67435.0,
2025-09-11,Thursday,t_norm 1.5x,2.0,74611.0,
2025-09-11,Thursday,t_norm 1.5x,0.0,,6.875896549550355
2025-09-11,CONTROL 16:30,control,0.5,6753.0,
2025-09-11,CONTROL 16:30,control,1.0,29378.0,
2025-09-11,CONTROL 16:30,control,1.5,111304.0,
2025-09-11,CONTROL 16:30,control,2.0,135352.0,
2025-09-11,CONTROL 16:30,control,0.0,,5.831700435833266
2025-09-11,CONTROL 17:15,control,0.5,176943.0,
2025-09-11,CONTROL 17:15,control,1.0,188160.0,
2025-09-11,CONTROL 17:15,control,1.5,237801.0,
2025-09-11,CONTROL 17:15,control,2.0,1741140.0,
2025-09-11,CONTROL 17:15,control,0.0,,4.188343821440945
2025-09-12,Friday,0 s,0.5,3225.0,
2025-09-12,Friday,0 s,1.0,126319.0,
2025-09-12,Friday,0 s,1.5,220655.0,
2025-09-12,Friday,0 s,2.0,594188.0,
2025-09-12,Friday,0 s,0.0,,3.581714332173551
2025-09-12,Friday,t_norm 1.5x,0.5,35191.0,
2025-09-12,Friday,t_norm 1.5x,1.0,39623.0,
2025-09-12,Friday,t_norm 1.5x,1.5,122532.0,
2025-09-12,Friday,t_norm 1.5x,2.0,216817.0,
2025-09-12,Friday,t_norm 1.5x,0.0,,3.581714332173551
2025-09-12,CONTROL 16:30,control,0.5,13904.0,
2025-09-12,CONTROL 16:30,control,1.0,231876.0,
2025-09-12,CONTROL 16:30,control,1.5,711596.0,
2025-09-12,CONTROL 16:30,control,2.0,,
2025-09-12,CONTROL 16:30,control,0.0,,2.7139945431223667
2025-09-12,CONTROL 17:15,control,0.5,88706.0,
2025-09-12,CONTROL 17:15,control,1.0,703449.0,
2025-09-12,CONTROL 17:15,control,1.5,1329967.0,
2025-09-12,CONTROL 17:15,control,2.0,,
2025-09-12,CONTROL 17:15,control,0.0,,2.6388252689926817
2025-09-18,Thursday,0 s,0.5,205.0,
2025-09-18,Thursday,0 s,1.0,8534.0,
2025-09-18,Thursday,0 s,1.5,15564.0,
2025-09-18,Thursday,0 s,2.0,291160.0,
2025-09-18,Thursday,0 s,0.0,,3.1782367026947926
2025-09-18,Thursday,t_norm 1.5x,0.5,10740.0,
2025-09-18,Thursday,t_norm 1.5x,1.0,137722.0,
2025-09-18,Thursday,t_norm 1.5x,1.5,1752395.0,
2025-09-18,Thursday,t_norm 1.5x,2.0,1771816.0,
2025-09-18,Thursday,t_norm 1.5x,0.0,,3.963114480412574
2025-09-18,CONTROL 16:30,control,0.5,23404.0,
2025-09-18,CONTROL 16:30,control,1.0,61940.0,
2025-09-18,CONTROL 16:30,control,1.5,86468.0,
2025-09-18,CONTROL 16:30,control,2.0,109215.0,
2025-09-18,CONTROL 16:30,control,0.0,,10.601228553610111
2025-09-18,CONTROL 17:15,control,0.5,23658.0,
2025-09-18,CONTROL 17:15,control,1.0,161158.0,
2025-09-18,CONTROL 17:15,control,1.5,168359.0,
2025-09-18,CONTROL 17:15,control,2.0,462203.0,
2025-09-18,CONTROL 17:15,control,0.0,,3.667782946808277
2025-09-19,Friday,0 s,0.5,37816.0,
2025-09-19,Friday,0 s,1.0,1257584.0,
2025-09-19,Friday,0 s,1.5,,
2025-09-19,Friday,0 s,2.0,,
2025-09-19,Friday,0 s,0.0,,2.271436211521313
2025-09-19,Friday,t_norm 1.5x,0.5,37816.0,
2025-09-19,Friday,t_norm 1.5x,1.0,1257584.0,
2025-09-19,Friday,t_norm 1.5x,1.5,,
2025-09-19,Friday,t_norm 1.5x,2.0,,
2025-09-19,Friday,t_norm 1.5x,0.0,,2.271436211521313
2025-09-19,CONTROL 16:30,control,0.5,30604.0,
2025-09-19,CONTROL 16:30,control,1.0,378320.0,
2025-09-19,CONTROL 16:30,control,1.5,1231655.0,
2025-09-19,CONTROL 16:30,control,2.0,1611313.0,
2025-09-19,CONTROL 16:30,control,0.0,,4.465656461177755
2025-09-19,CONTROL 17:15,control,0.5,75039.0,
2025-09-19,CONTROL 17:15,control,1.0,103005.0,
2025-09-19,CONTROL 17:15,control,1.5,172123.0,
2025-09-19,CONTROL 17:15,control,2.0,992893.0,
2025-09-19,CONTROL 17:15,control,0.0,,4.06391897069801
2025-09-25,Thursday,0 s,0.5,202.0,
2025-09-25,Thursday,0 s,1.0,202.0,
2025-09-25,Thursday,0 s,1.5,202.0,
2025-09-25,Thursday,0 s,2.0,202.0,
2025-09-25,Thursday,0 s,0.0,,7.550393770380365
2025-09-25,Thursday,t_norm 1.5x,0.5,8188.0,
2025-09-25,Thursday,t_norm 1.5x,1.0,254487.0,
2025-09-25,Thursday,t_norm 1.5x,1.5,333131.0,
2025-09-25,Thursday,t_norm 1.5x,2.0,338747.0,
2025-09-25,Thursday,t_norm 1.5x,0.0,,5.837353742396116
2025-09-25,CONTROL 16:30,control,0.5,51840.0,
2025-09-25,CONTROL 16:30,control,1.0,241079.0,
2025-09-25,CONTROL 16:30,control,1.5,296538.0,
2025-09-25,CONTROL 16:30,control,2.0,301349.0,
2025-09-25,CONTROL 16:30,control,0.0,,6.715173921291939
2025-09-25,CONTROL 17:15,control,0.5,58788.0,
2025-09-25,CONTROL 17:15,control,1.0,69208.0,
2025-09-25,CONTROL 17:15,control,1.5,481224.0,
2025-09-25,CONTROL 17:15,control,2.0,498670.0,
2025-09-25,CONTROL 17:15,control,0.0,,3.94599411826593
2025-09-26,Friday,0 s,0.5,17816.0,
2025-09-26,Friday,0 s,1.0,21714.0,
2025-09-26,Friday,0 s,1.5,75039.0,
2025-09-26,Friday,0 s,2.0,78818.0,
2025-09-26,Friday,0 s,0.0,,5.0246722548979115
2025-09-26,Friday,t_norm 1.5x,0.5,6570.0,
2025-09-26,Friday,t_norm 1.5x,1.0,7688.0,
2025-09-26,Friday,t_norm 1.5x,1.5,23580.0,
2025-09-26,Friday,t_norm 1.5x,2.0,29708.0,
2025-09-26,Friday,t_norm 1.5x,0.0,,5.0246722548979115
2025-09-26,CONTROL 16:30,control,0.5,27662.0,
2025-09-26,CONTROL 16:30,control,1.0,75653.0,
2025-09-26,CONTROL 16:30,control,1.5,91930.0,
2025-09-26,CONTROL 16:30,control,2.0,97560.0,
2025-09-26,CONTROL 16:30,control,0.0,,4.841851039598066
2025-09-26,CONTROL 17:15,control,0.5,27786.0,
2025-09-26,CONTROL 17:15,control,1.0,40169.0,
2025-09-26,CONTROL 17:15,control,1.5,65611.0,
2025-09-26,CONTROL 17:15,control,2.0,127726.0,
2025-09-26,CONTROL 17:15,control,0.0,,5.663964275277719
2025-10-02,Thursday,0 s,0.5,243094.0,
2025-10-02,Thursday,0 s,1.0,338874.0,
2025-10-02,Thursday,0 s,1.5,381038.0,
2025-10-02,Thursday,0 s,2.0,,
2025-10-02,Thursday,0 s,0.0,,2.5262751144456828
2025-10-02,Thursday,t_norm 1.5x,0.5,243094.0,
2025-10-02,Thursday,t_norm 1.5x,1.0,338874.0,
2025-10-02,Thursday,t_norm 1.5x,1.5,381038.0,
2025-10-02,Thursday,t_norm 1.5x,2.0,,
2025-10-02,Thursday,t_norm 1.5x,0.0,,2.5262751144456828
2025-10-02,CONTROL 16:30,control,0.5,8100.0,
2025-10-02,CONTROL 16:30,control,1.0,35778.0,
2025-10-02,CONTROL 16:30,control,1.5,328291.0,
2025-10-02,CONTROL 16:30,control,2.0,408103.0,
2025-10-02,CONTROL 16:30,control,0.0,,7.770011752386622
2025-10-02,CONTROL 17:15,control,0.5,8494.0,
2025-10-02,CONTROL 17:15,control,1.0,72295.0,
2025-10-02,CONTROL 17:15,control,1.5,128928.0,
2025-10-02,CONTROL 17:15,control,2.0,309795.0,
2025-10-02,CONTROL 17:15,control,0.0,,11.668417017932157
2025-10-03,Friday,0 s,0.5,37133.0,
2025-10-03,Friday,0 s,1.0,159837.0,
2025-10-03,Friday,0 s,1.5,172939.0,
2025-10-03,Friday,0 s,2.0,685818.0,
2025-10-03,Friday,0 s,0.0,,4.022218334623033
2025-10-03,Friday,t_norm 1.5x,0.5,27058.0,
2025-10-03,Friday,t_norm 1.5x,1.0,149762.0,
2025-10-03,Friday,t_norm 1.5x,1.5,162915.0,
2025-10-03,Friday,t_norm 1.5x,2.0,675743.0,
2025-10-03,Friday,t_norm 1.5x,0.0,,4.022218334623033
2025-10-03,CONTROL 16:30,control,0.5,51800.0,
2025-10-03,CONTROL 16:30,control,1.0,97987.0,
2025-10-03,CONTROL 16:30,control,1.5,111533.0,
2025-10-03,CONTROL 16:30,control,2.0,120772.0,
2025-10-03,CONTROL 16:30,control,0.0,,5.967311510261647
2025-10-03,CONTROL 17:15,control,0.5,21310.0,
2025-10-03,CONTROL 17:15,control,1.0,24755.0,
2025-10-03,CONTROL 17:15,control,1.5,60198.0,
2025-10-03,CONTROL 17:15,control,2.0,70007.0,
2025-10-03,CONTROL 17:15,control,0.0,,4.376084080126643
2025-10-09,Thursday,0 s,0.5,379622.0,
2025-10-09,Thursday,0 s,1.0,873508.0,
2025-10-09,Thursday,0 s,1.5,965821.0,
2025-10-09,Thursday,0 s,2.0,1027530.0,
2025-10-09,Thursday,0 s,0.0,,4.497187824300732
2025-10-09,Thursday,t_norm 1.5x,0.5,52242.0,
2025-10-09,Thursday,t_norm 1.5x,1.0,864730.0,
2025-10-09,Thursday,t_norm 1.5x,1.5,956129.0,
2025-10-09,Thursday,t_norm 1.5x,2.0,1018605.0,
2025-10-09,Thursday,t_norm 1.5x,0.0,,4.754285994248954
2025-10-09,CONTROL 16:30,control,0.5,11291.0,
2025-10-09,CONTROL 16:30,control,1.0,41706.0,
2025-10-09,CONTROL 16:30,control,1.5,50481.0,
2025-10-09,CONTROL 16:30,control,2.0,274601.0,
2025-10-09,CONTROL 16:30,control,0.0,,12.833145291619596
2025-10-09,CONTROL 17:15,control,0.5,1998.0,
2025-10-09,CONTROL 17:15,control,1.0,96302.0,
2025-10-09,CONTROL 17:15,control,1.5,103986.0,
2025-10-09,CONTROL 17:15,control,2.0,384469.0,
2025-10-09,CONTROL 17:15,control,0.0,,8.166724180467039
2025-10-10,Friday,0 s,0.5,54421.0,
2025-10-10,Friday,0 s,1.0,167311.0,
2025-10-10,Friday,0 s,1.5,1025504.0,
2025-10-10,Friday,0 s,2.0,1049248.0,
2025-10-10,Friday,0 s,0.0,,2.3744214583685186
2025-10-10,Friday,t_norm 1.5x,0.5,130313.0,
2025-10-10,Friday,t_norm 1.5x,1.0,205189.0,
2025-10-10,Friday,t_norm 1.5x,1.5,1031984.0,
2025-10-10,Friday,t_norm 1.5x,2.0,1050572.0,
2025-10-10,Friday,t_norm 1.5x,0.0,,2.363691211327733
2025-10-10,CONTROL 16:30,control,0.5,92969.0,
2025-10-10,CONTROL 16:30,control,1.0,226447.0,
2025-10-10,CONTROL 16:30,control,1.5,1145141.0,
2025-10-10,CONTROL 16:30,control,2.0,1180248.0,
2025-10-10,CONTROL 16:30,control,0.0,,4.569465579414775
2025-10-10,CONTROL 17:15,control,0.5,77583.0,
2025-10-10,CONTROL 17:15,control,1.0,313630.0,
2025-10-10,CONTROL 17:15,control,1.5,1520142.0,
2025-10-10,CONTROL 17:15,control,2.0,,
2025-10-10,CONTROL 17:15,control,0.0,,2.3903143714382757
2025-10-16,Thursday,0 s,0.5,70416.0,
2025-10-16,Thursday,0 s,1.0,75392.0,
2025-10-16,Thursday,0 s,1.5,102966.0,
2025-10-16,Thursday,0 s,2.0,268389.0,
2025-10-16,Thursday,0 s,0.0,,6.269132635308562
2025-10-16,Thursday,t_norm 1.5x,0.5,92818.0,
2025-10-16,Thursday,t_norm 1.5x,1.0,176990.0,
2025-10-16,Thursday,t_norm 1.5x,1.5,248952.0,
2025-10-16,Thursday,t_norm 1.5x,2.0,348757.0,
2025-10-16,Thursday,t_norm 1.5x,0.0,,6.269132635308562
2025-10-16,CONTROL 16:30,control,0.5,18847.0,
2025-10-16,CONTROL 16:30,control,1.0,66517.0,
2025-10-16,CONTROL 16:30,control,1.5,252257.0,
2025-10-16,CONTROL 16:30,control,2.0,1599972.0,
2025-10-16,CONTROL 16:30,control,0.0,,4.132283731939353
2025-10-16,CONTROL 17:15,control,0.5,26643.0,
2025-10-16,CONTROL 17:15,control,1.0,111305.0,
2025-10-16,CONTROL 17:15,control,1.5,344483.0,
2025-10-16,CONTROL 17:15,control,2.0,359410.0,
2025-10-16,CONTROL 17:15,control,0.0,,3.2255620283207724
2025-10-17,Friday,0 s,0.5,112230.0,
2025-10-17,Friday,0 s,1.0,132435.0,
2025-10-17,Friday,0 s,1.5,290374.0,
2025-10-17,Friday,0 s,2.0,921207.0,
2025-10-17,Friday,0 s,0.0,,2.571226591446914
2025-10-17,Friday,t_norm 1.5x,0.5,112230.0,
2025-10-17,Friday,t_norm 1.5x,1.0,132435.0,
2025-10-17,Friday,t_norm 1.5x,1.5,290374.0,
2025-10-17,Friday,t_norm 1.5x,2.0,921207.0,
2025-10-17,Friday,t_norm 1.5x,0.0,,2.571226591446914
2025-10-17,CONTROL 16:30,control,0.5,81142.0,
2025-10-17,CONTROL 16:30,control,1.0,122049.0,
2025-10-17,CONTROL 16:30,control,1.5,146953.0,
2025-10-17,CONTROL 16:30,control,2.0,239227.0,
2025-10-17,CONTROL 16:30,control,0.0,,5.202592572571183
2025-10-17,CONTROL 17:15,control,0.5,1845.0,
2025-10-17,CONTROL 17:15,control,1.0,11134.0,
2025-10-17,CONTROL 17:15,control,1.5,242097.0,
2025-10-17,CONTROL 17:15,control,2.0,255217.0,
2025-10-17,CONTROL 17:15,control,0.0,,4.435949195557549
2025-10-23,Thursday,0 s,0.5,22870.0,
2025-10-23,Thursday,0 s,1.0,65977.0,
2025-10-23,Thursday,0 s,1.5,76550.0,
2025-10-23,Thursday,0 s,2.0,557589.0,
2025-10-23,Thursday,0 s,0.0,,3.19439544154881
2025-10-23,Thursday,t_norm 1.5x,0.5,11282.0,
2025-10-23,Thursday,t_norm 1.5x,1.0,38961.0,
2025-10-23,Thursday,t_norm 1.5x,1.5,64962.0,
2025-10-23,Thursday,t_norm 1.5x,2.0,532420.0,
2025-10-23,Thursday,t_norm 1.5x,0.0,,3.19439544154881
2025-10-23,CONTROL 16:30,control,0.5,35158.0,
2025-10-23,CONTROL 16:30,control,1.0,114131.0,
2025-10-23,CONTROL 16:30,control,1.5,165842.0,
2025-10-23,CONTROL 16:30,control,2.0,182198.0,
2025-10-23,CONTROL 16:30,control,0.0,,2.9214769822991427
2025-10-23,CONTROL 17:15,control,0.5,24025.0,
2025-10-23,CONTROL 17:15,control,1.0,,
2025-10-23,CONTROL 17:15,control,1.5,,
2025-10-23,CONTROL 17:15,control,2.0,,
2025-10-23,CONTROL 17:15,control,0.0,,1.8078785123804395
2025-10-24,Friday,0 s,0.5,1165.0,
2025-10-24,Friday,0 s,1.0,1165.0,
2025-10-24,Friday,0 s,1.5,1165.0,
2025-10-24,Friday,0 s,2.0,1165.0,
2025-10-24,Friday,0 s,0.0,,6.279800718075842
2025-10-24,Friday,t_norm 1.5x,0.5,38440.0,
2025-10-24,Friday,t_norm 1.5x,1.0,193088.0,
2025-10-24,Friday,t_norm 1.5x,1.5,203149.0,
2025-10-24,Friday,t_norm 1.5x,2.0,249127.0,
2025-10-24,Friday,t_norm 1.5x,0.0,,3.6839463974308795
2025-10-24,CONTROL 16:30,control,0.5,1494.0,
2025-10-24,CONTROL 16:30,control,1.0,176202.0,
2025-10-24,CONTROL 16:30,control,1.5,673939.0,
2025-10-24,CONTROL 16:30,control,2.0,683405.0,
2025-10-24,CONTROL 16:30,control,0.0,,4.351187523555482
2025-10-24,CONTROL 17:15,control,0.5,19855.0,
2025-10-24,CONTROL 17:15,control,1.0,256401.0,
2025-10-24,CONTROL 17:15,control,1.5,494300.0,
2025-10-24,CONTROL 17:15,control,2.0,691621.0,
2025-10-24,CONTROL 17:15,control,0.0,,3.0218220001898453
2025-10-30,Thursday,0 s,0.5,93094.0,
2025-10-30,Thursday,0 s,1.0,116842.0,
2025-10-30,Thursday,0 s,1.5,995258.0,
2025-10-30,Thursday,0 s,2.0,1300524.0,
2025-10-30,Thursday,0 s,0.0,,4.515058471133064
2025-10-30,Thursday,t_norm 1.5x,0.5,93094.0,
2025-10-30,Thursday,t_norm 1.5x,1.0,116842.0,
2025-10-30,Thursday,t_norm 1.5x,1.5,995258.0,
2025-10-30,Thursday,t_norm 1.5x,2.0,1300524.0,
2025-10-30,Thursday,t_norm 1.5x,0.0,,4.515058471133064
2025-10-30,CONTROL 16:30,control,0.5,202670.0,
2025-10-30,CONTROL 16:30,control,1.0,400473.0,
2025-10-30,CONTROL 16:30,control,1.5,769981.0,
2025-10-30,CONTROL 16:30,control,2.0,,
2025-10-30,CONTROL 16:30,control,0.0,,2.163898021154843
2025-10-30,CONTROL 17:15,control,0.5,589355.0,
2025-10-30,CONTROL 17:15,control,1.0,,
2025-10-30,CONTROL 17:15,control,1.5,,
2025-10-30,CONTROL 17:15,control,2.0,,
2025-10-30,CONTROL 17:15,control,0.0,,1.515633365869079
2025-10-31,Friday,0 s,0.5,119208.0,
2025-10-31,Friday,0 s,1.0,157289.0,
2025-10-31,Friday,0 s,1.5,477796.0,
2025-10-31,Friday,0 s,2.0,670560.0,
2025-10-31,Friday,0 s,0.0,,3.4199005388289425
2025-10-31,Friday,t_norm 1.5x,0.5,119208.0,
2025-10-31,Friday,t_norm 1.5x,1.0,157289.0,
2025-10-31,Friday,t_norm 1.5x,1.5,477796.0,
2025-10-31,Friday,t_norm 1.5x,2.0,670560.0,
2025-10-31,Friday,t_norm 1.5x,0.0,,3.4199005388289425
2025-10-31,CONTROL 16:30,control,0.5,106975.0,
2025-10-31,CONTROL 16:30,control,1.0,181156.0,
2025-10-31,CONTROL 16:30,control,1.5,,
2025-10-31,CONTROL 16:30,control,2.0,,
2025-10-31,CONTROL 16:30,control,0.0,,2.141753095882481
2025-10-31,CONTROL 17:15,control,0.5,1096115.0,
2025-10-31,CONTROL 17:15,control,1.0,1217728.0,
2025-10-31,CONTROL 17:15,control,1.5,,
2025-10-31,CONTROL 17:15,control,2.0,,
2025-10-31,CONTROL 17:15,control,0.0,,1.5082638273808915
2025-11-06,Thursday,0 s,0.5,216834.0,
2025-11-06,Thursday,0 s,1.0,,
2025-11-06,Thursday,0 s,1.5,,
2025-11-06,Thursday,0 s,2.0,,
2025-11-06,Thursday,0 s,0.0,,1.611327265202489
2025-11-06,Thursday,t_norm 1.5x,0.5,216834.0,
2025-11-06,Thursday,t_norm 1.5x,1.0,,
2025-11-06,Thursday,t_norm 1.5x,1.5,,
2025-11-06,Thursday,t_norm 1.5x,2.0,,
2025-11-06,Thursday,t_norm 1.5x,0.0,,1.611327265202489
2025-11-06,CONTROL 16:30,control,0.5,9544.0,
2025-11-06,CONTROL 16:30,control,1.0,52095.0,
2025-11-06,CONTROL 16:30,control,1.5,140372.0,
2025-11-06,CONTROL 16:30,control,2.0,250875.0,
2025-11-06,CONTROL 16:30,control,0.0,,3.7042843068990003
2025-11-06,CONTROL 17:15,control,0.5,65900.0,
2025-11-06,CONTROL 17:15,control,1.0,162242.0,
2025-11-06,CONTROL 17:15,control,1.5,223426.0,
2025-11-06,CONTROL 17:15,control,2.0,237614.0,
2025-11-06,CONTROL 17:15,control,0.0,,4.720744557197473
2025-11-07,Friday,0 s,0.5,58724.0,
2025-11-07,Friday,0 s,1.0,159414.0,
2025-11-07,Friday,0 s,1.5,,
2025-11-07,Friday,0 s,2.0,,
2025-11-07,Friday,0 s,0.0,,1.9755883617118066
2025-11-07,Friday,t_norm 1.5x,0.5,50506.0,
2025-11-07,Friday,t_norm 1.5x,1.0,150866.0,
2025-11-07,Friday,t_norm 1.5x,1.5,,
2025-11-07,Friday,t_norm 1.5x,2.0,,
2025-11-07,Friday,t_norm 1.5x,0.0,,1.9755883617118066
2025-11-07,CONTROL 16:30,control,0.5,3999.0,
2025-11-07,CONTROL 16:30,control,1.0,64617.0,
2025-11-07,CONTROL 16:30,control,1.5,100097.0,
2025-11-07,CONTROL 16:30,control,2.0,113393.0,
2025-11-07,CONTROL 16:30,control,0.0,,3.8922936153188736
2025-11-07,CONTROL 17:15,control,0.5,59626.0,
2025-11-07,CONTROL 17:15,control,1.0,1263568.0,
2025-11-07,CONTROL 17:15,control,1.5,,
2025-11-07,CONTROL 17:15,control,2.0,,
2025-11-07,CONTROL 17:15,control,0.0,,2.361332804600674
2025-11-13,Thursday,0 s,0.5,63287.0,
2025-11-13,Thursday,0 s,1.0,81854.0,
2025-11-13,Thursday,0 s,1.5,98229.0,
2025-11-13,Thursday,0 s,2.0,212021.0,
2025-11-13,Thursday,0 s,0.0,,3.127217503608545
2025-11-13,Thursday,t_norm 1.5x,0.5,63287.0,
2025-11-13,Thursday,t_norm 1.5x,1.0,81854.0,
2025-11-13,Thursday,t_norm 1.5x,1.5,98229.0,
2025-11-13,Thursday,t_norm 1.5x,2.0,212021.0,
2025-11-13,Thursday,t_norm 1.5x,0.0,,3.127217503608545
2025-11-13,CONTROL 16:30,control,0.5,5467.0,
2025-11-13,CONTROL 16:30,control,1.0,10065.0,
2025-11-13,CONTROL 16:30,control,1.5,412706.0,
2025-11-13,CONTROL 16:30,control,2.0,736510.0,
2025-11-13,CONTROL 16:30,control,0.0,,7.049607792333172
2025-11-13,CONTROL 17:15,control,0.5,51482.0,
2025-11-13,CONTROL 17:15,control,1.0,696167.0,
2025-11-13,CONTROL 17:15,control,1.5,814086.0,
2025-11-13,CONTROL 17:15,control,2.0,1076145.0,
2025-11-13,CONTROL 17:15,control,0.0,,3.599964063526813
2025-11-14,Friday,0 s,0.5,80214.0,
2025-11-14,Friday,0 s,1.0,1222987.0,
2025-11-14,Friday,0 s,1.5,,
2025-11-14,Friday,0 s,2.0,,
2025-11-14,Friday,0 s,0.0,,2.11121073307884
2025-11-14,Friday,t_norm 1.5x,0.5,226436.0,
2025-11-14,Friday,t_norm 1.5x,1.0,256069.0,
2025-11-14,Friday,t_norm 1.5x,1.5,1150320.0,
2025-11-14,Friday,t_norm 1.5x,2.0,,
2025-11-14,Friday,t_norm 1.5x,0.0,,2.11121073307884
2025-11-14,CONTROL 16:30,control,0.5,128285.0,
2025-11-14,CONTROL 16:30,control,1.0,139057.0,
2025-11-14,CONTROL 16:30,control,1.5,167652.0,
2025-11-14,CONTROL 16:30,control,2.0,1382840.0,
2025-11-14,CONTROL 16:30,control,0.0,,4.869207755189448
2025-11-14,CONTROL 17:15,control,0.5,499964.0,
2025-11-14,CONTROL 17:15,control,1.0,,
2025-11-14,CONTROL 17:15,control,1.5,,
2025-11-14,CONTROL 17:15,control,2.0,,
2025-11-14,CONTROL 17:15,control,0.0,,1.1479329824933089
2025-11-20,Thursday,0 s,0.5,882.0,
2025-11-20,Thursday,0 s,1.0,1236.0,
2025-11-20,Thursday,0 s,1.5,8682.0,
2025-11-20,Thursday,0 s,2.0,11758.0,
2025-11-20,Thursday,0 s,0.0,,5.237125506656394
2025-11-20,Thursday,t_norm 1.5x,0.5,78513.0,
2025-11-20,Thursday,t_norm 1.5x,1.0,96047.0,
2025-11-20,Thursday,t_norm 1.5x,1.5,139134.0,
2025-11-20,Thursday,t_norm 1.5x,2.0,146637.0,
2025-11-20,Thursday,t_norm 1.5x,0.0,,4.229142820210771
2025-11-20,CONTROL 16:30,control,0.5,7445.0,
2025-11-20,CONTROL 16:30,control,1.0,123822.0,
2025-11-20,CONTROL 16:30,control,1.5,790225.0,
2025-11-20,CONTROL 16:30,control,2.0,979238.0,
2025-11-20,CONTROL 16:30,control,0.0,,5.846246328799188
2025-11-20,CONTROL 17:15,control,0.5,68622.0,
2025-11-20,CONTROL 17:15,control,1.0,401363.0,
2025-11-20,CONTROL 17:15,control,1.5,1106142.0,
2025-11-20,CONTROL 17:15,control,2.0,1153565.0,
2025-11-20,CONTROL 17:15,control,0.0,,4.262869457601839
2025-11-21,Friday,0 s,0.5,37336.0,
2025-11-21,Friday,0 s,1.0,920210.0,
2025-11-21,Friday,0 s,1.5,1024593.0,
2025-11-21,Friday,0 s,2.0,1668821.0,
2025-11-21,Friday,0 s,0.0,,2.259796873310194
2025-11-21,Friday,t_norm 1.5x,0.5,37336.0,
2025-11-21,Friday,t_norm 1.5x,1.0,920210.0,
2025-11-21,Friday,t_norm 1.5x,1.5,1024593.0,
2025-11-21,Friday,t_norm 1.5x,2.0,1668821.0,
2025-11-21,Friday,t_norm 1.5x,0.0,,2.259796873310194
2025-11-21,CONTROL 16:30,control,0.5,5584.0,
2025-11-21,CONTROL 16:30,control,1.0,1256766.0,
2025-11-21,CONTROL 16:30,control,1.5,,
2025-11-21,CONTROL 16:30,control,2.0,,
2025-11-21,CONTROL 16:30,control,0.0,,2.0623832977487018
2025-11-21,CONTROL 17:15,control,0.5,138547.0,
2025-11-21,CONTROL 17:15,control,1.0,1227107.0,
2025-11-21,CONTROL 17:15,control,1.5,1438410.0,
2025-11-21,CONTROL 17:15,control,2.0,1504658.0,
2025-11-21,CONTROL 17:15,control,0.0,,3.219273336075695
2025-11-27,Thursday,0 s,0.5,19738.0,
2025-11-27,Thursday,0 s,1.0,95558.0,
2025-11-27,Thursday,0 s,1.5,280682.0,
2025-11-27,Thursday,0 s,2.0,367951.0,
2025-11-27,Thursday,0 s,0.0,,2.324201704099789
2025-11-27,Thursday,t_norm 1.5x,0.5,19738.0,
2025-11-27,Thursday,t_norm 1.5x,1.0,95558.0,
2025-11-27,Thursday,t_norm 1.5x,1.5,280682.0,
2025-11-27,Thursday,t_norm 1.5x,2.0,367951.0,
2025-11-27,Thursday,t_norm 1.5x,0.0,,2.324201704099789
2025-11-27,CONTROL 16:30,control,0.5,300155.0,
2025-11-27,CONTROL 16:30,control,1.0,618124.0,
2025-11-27,CONTROL 16:30,control,1.5,628872.0,
2025-11-27,CONTROL 16:30,control,2.0,,
2025-11-27,CONTROL 16:30,control,0.0,,2.341221895586307
2025-11-27,CONTROL 17:15,control,0.5,144654.0,
2025-11-27,CONTROL 17:15,control,1.0,404956.0,
2025-11-27,CONTROL 17:15,control,1.5,725762.0,
2025-11-27,CONTROL 17:15,control,2.0,,
2025-11-27,CONTROL 17:15,control,0.0,,1.7133659429732635
2025-11-28,Friday,0 s,0.5,161516.0,
2025-11-28,Friday,0 s,1.0,200730.0,
2025-11-28,Friday,0 s,1.5,234369.0,
2025-11-28,Friday,0 s,2.0,310268.0,
2025-11-28,Friday,0 s,0.0,,4.169193860961095
2025-11-28,Friday,t_norm 1.5x,0.5,36619.0,
2025-11-28,Friday,t_norm 1.5x,1.0,61346.0,
2025-11-28,Friday,t_norm 1.5x,1.5,114532.0,
2025-11-28,Friday,t_norm 1.5x,2.0,1426231.0,
2025-11-28,Friday,t_norm 1.5x,0.0,,5.127984050447261
2025-11-28,CONTROL 16:30,control,0.5,19422.0,
2025-11-28,CONTROL 16:30,control,1.0,168663.0,
2025-11-28,CONTROL 16:30,control,1.5,528383.0,
2025-11-28,CONTROL 16:30,control,2.0,590893.0,
2025-11-28,CONTROL 16:30,control,0.0,,4.447631569360368
2025-11-28,CONTROL 17:15,control,0.5,31441.0,
2025-11-28,CONTROL 17:15,control,1.0,119353.0,
2025-11-28,CONTROL 17:15,control,1.5,754538.0,
2025-11-28,CONTROL 17:15,control,2.0,855469.0,
2025-11-28,CONTROL 17:15,control,0.0,,3.968466842274725
