name,group,rule,DEV_n,DEV_net,DEV_pf,DEV_exp,DEV_dd,DEV_win_removed,DEV_loss_removed,DEV_gross_ex,DEV_spread,VAL_n,VAL_net,VAL_pf,VAL_exp,VAL_dd,VAL_win_removed,VAL_loss_removed,VAL_gross_ex,VAL_spread,OOS_n,OOS_net,OOS_pf,OOS_exp,OOS_dd,OOS_win_removed,OOS_loss_removed,OOS_gross_ex,OOS_spread,ALL_n,ALL_net,ALL_pf,ALL_exp,ALL_dd,ALL_win_removed,ALL_loss_removed,ALL_gross_ex,ALL_spread,pass_DEV,pass_VAL,pass_OOS,retain
BASELINE,baseline,"shipped M3 preset: ratio 1.2, boxes, ADX 20, pivot/purple stop, trail 360/900/180, hold through opposite",1194,-1579.0,0.6,-1.32,1629.0,0,0,16.0,1528.0,422,-705.0,0.58,-1.67,705.0,0,0,-73.0,608.0,1783,-467.0,0.96,-0.26,696.0,0,0,2767.0,3182.0,3399,-2752.0,0.84,-0.81,2856.0,0,0,2710.0,5318.0,False,False,False,False
cost_reward<=0.05,T1 cost,spread / (RR x stop) <= 0.05,427,-926.0,0.56,-2.17,972.0,223,544,-325.0,547.0,188,-530.0,0.49,-2.82,530.0,68,166,-249.0,271.0,1510,-472.0,0.96,-0.31,658.0,113,160,2303.0,2730.0,2125,-1928.0,0.86,-0.91,2073.0,404,870,1729.0,3547.0,False,False,False,False
cost_reward<=0.1,T1 cost,spread / (RR x stop) <= 0.1,879,-1301.0,0.62,-1.48,1328.0,71,244,-112.0,1125.0,322,-609.0,0.59,-1.89,609.0,22,78,-120.0,464.0,1721,-401.0,0.97,-0.23,683.0,17,45,2727.0,3075.0,2922,-2310.0,0.86,-0.79,2438.0,110,367,2494.0,4664.0,False,False,True,False
cost_reward<=0.15,T1 cost,spread / (RR x stop) <= 0.15,1053,-1496.0,0.61,-1.42,1536.0,33,108,-81.0,1348.0,368,-627.0,0.61,-1.7,634.0,7,47,-72.0,530.0,1757,-433.0,0.96,-0.25,689.0,6,20,2757.0,3137.0,3178,-2556.0,0.85,-0.8,2667.0,46,175,2603.0,5015.0,False,False,True,False
cost_reward<=0.2,T1 cost,spread / (RR x stop) <= 0.2,1108,-1532.0,0.61,-1.38,1579.0,19,67,-47.0,1418.0,384,-660.0,0.59,-1.72,667.0,6,32,-83.0,553.0,1763,-445.0,0.96,-0.25,691.0,5,15,2755.0,3147.0,3255,-2637.0,0.85,-0.81,2746.0,30,114,2625.0,5118.0,False,False,True,False
cost_stop<=0.1,T1 cost,spread / stop <= 0.1,427,-926.0,0.56,-2.17,972.0,223,544,-325.0,547.0,188,-530.0,0.49,-2.82,530.0,68,166,-249.0,271.0,1510,-472.0,0.96,-0.31,658.0,113,160,2303.0,2730.0,2125,-1928.0,0.86,-0.91,2073.0,404,870,1729.0,3547.0,False,False,False,False
cost_stop<=0.2,T1 cost,spread / stop <= 0.2,879,-1301.0,0.62,-1.48,1328.0,71,244,-112.0,1125.0,322,-609.0,0.59,-1.89,609.0,22,78,-120.0,464.0,1721,-401.0,0.97,-0.23,683.0,17,45,2727.0,3075.0,2922,-2310.0,0.86,-0.79,2438.0,110,367,2494.0,4664.0,False,False,True,False
cost_stop<=0.3,T1 cost,spread / stop <= 0.3,1053,-1496.0,0.61,-1.42,1536.0,33,108,-81.0,1348.0,368,-627.0,0.61,-1.7,634.0,7,47,-72.0,530.0,1757,-433.0,0.96,-0.25,689.0,6,20,2757.0,3137.0,3178,-2556.0,0.85,-0.8,2667.0,46,175,2603.0,5015.0,False,False,True,False
cool_1m_all,T2 cooldown,no all entry for 1 min after a loss,1194,-1579.0,0.6,-1.32,1629.0,0,0,16.0,1528.0,422,-705.0,0.58,-1.67,705.0,0,0,-73.0,608.0,1782,-469.0,0.96,-0.26,698.0,1,0,2763.0,3180.0,3398,-2753.0,0.84,-0.81,2856.0,1,0,2706.0,5316.0,False,False,False,False
cool_1m_same,T2 cooldown,no same entry for 1 min after a loss,1194,-1579.0,0.6,-1.32,1629.0,0,0,16.0,1528.0,422,-705.0,0.58,-1.67,705.0,0,0,-73.0,608.0,1783,-467.0,0.96,-0.26,696.0,0,0,2767.0,3182.0,3399,-2752.0,0.84,-0.81,2856.0,0,0,2710.0,5318.0,False,False,False,False
cool_1m_opposite,T2 cooldown,no opposite entry for 1 min after a loss,1194,-1579.0,0.6,-1.32,1629.0,0,0,16.0,1528.0,422,-705.0,0.58,-1.67,705.0,0,0,-73.0,608.0,1782,-469.0,0.96,-0.26,698.0,1,0,2763.0,3180.0,3398,-2753.0,0.84,-0.81,2856.0,1,0,2706.0,5316.0,False,False,False,False
cool_3m_all,T2 cooldown,no all entry for 3 min after a loss,1180,-1538.0,0.61,-1.3,1588.0,3,11,37.0,1510.0,418,-710.0,0.58,-1.7,710.0,3,1,-81.0,602.0,1747,-557.0,0.95,-0.32,737.0,21,15,2614.0,3118.0,3345,-2806.0,0.84,-0.84,2880.0,27,27,2569.0,5231.0,True,False,False,False
cool_3m_same,T2 cooldown,no same entry for 3 min after a loss,1194,-1579.0,0.6,-1.32,1629.0,0,0,16.0,1528.0,422,-705.0,0.58,-1.67,705.0,0,0,-73.0,608.0,1783,-467.0,0.96,-0.26,696.0,0,0,2767.0,3182.0,3399,-2752.0,0.84,-0.81,2856.0,0,0,2710.0,5318.0,False,False,False,False
cool_3m_opposite,T2 cooldown,no opposite entry for 3 min after a loss,1180,-1538.0,0.61,-1.3,1588.0,3,11,37.0,1510.0,418,-710.0,0.58,-1.7,710.0,3,1,-81.0,602.0,1747,-557.0,0.95,-0.32,737.0,21,15,2614.0,3118.0,3345,-2806.0,0.84,-0.84,2880.0,27,27,2569.0,5231.0,True,False,False,False
cool_5m_all,T2 cooldown,no all entry for 5 min after a loss,1172,-1531.0,0.6,-1.31,1580.0,7,15,29.0,1500.0,417,-659.0,0.6,-1.58,659.0,2,3,-32.0,600.0,1725,-470.0,0.96,-0.27,706.0,28,30,2661.0,3079.0,3314,-2660.0,0.84,-0.8,2796.0,37,48,2658.0,5179.0,True,False,False,False
cool_5m_same,T2 cooldown,no same entry for 5 min after a loss,1193,-1556.0,0.61,-1.3,1605.0,0,1,38.0,1527.0,422,-705.0,0.58,-1.67,705.0,0,0,-73.0,608.0,1783,-467.0,0.96,-0.26,696.0,0,0,2767.0,3182.0,3398,-2728.0,0.84,-0.8,2833.0,0,1,2732.0,5317.0,True,False,False,False
cool_5m_opposite,T2 cooldown,no opposite entry for 5 min after a loss,1173,-1555.0,0.6,-1.33,1604.0,7,14,7.0,1501.0,417,-659.0,0.6,-1.58,659.0,2,3,-32.0,600.0,1725,-470.0,0.96,-0.27,706.0,28,30,2661.0,3079.0,3315,-2684.0,0.84,-0.81,2819.0,37,47,2636.0,5180.0,False,False,False,False
cool_10m_all,T2 cooldown,no all entry for 10 min after a loss,1162,-1518.0,0.6,-1.31,1567.0,8,24,28.0,1487.0,414,-654.0,0.6,-1.58,654.0,3,5,-31.0,596.0,1701,-557.0,0.95,-0.33,771.0,44,38,2528.0,3034.0,3277,-2729.0,0.84,-0.83,2843.0,55,67,2524.0,5117.0,True,False,False,False
cool_10m_same,T2 cooldown,no same entry for 10 min after a loss,1189,-1544.0,0.61,-1.3,1593.0,0,5,43.0,1522.0,420,-705.0,0.58,-1.68,705.0,1,1,-76.0,605.0,1775,-501.0,0.96,-0.28,697.0,6,2,2717.0,3167.0,3384,-2750.0,0.84,-0.81,2839.0,7,8,2685.0,5294.0,True,False,False,False
cool_10m_opposite,T2 cooldown,no opposite entry for 10 min after a loss,1168,-1531.0,0.6,-1.31,1580.0,7,19,24.0,1495.0,416,-653.0,0.6,-1.57,653.0,2,4,-28.0,599.0,1708,-532.0,0.95,-0.31,753.0,39,36,2567.0,3046.0,3292,-2717.0,0.84,-0.83,2837.0,48,59,2563.0,5141.0,True,False,False,False
cool_15m_all,T2 cooldown,no all entry for 15 min after a loss,1157,-1503.0,0.6,-1.3,1552.0,10,27,36.0,1481.0,411,-656.0,0.59,-1.6,661.0,4,7,-38.0,592.0,1687,-502.0,0.96,-0.3,733.0,48,48,2557.0,3008.0,3255,-2660.0,0.84,-0.82,2794.0,62,82,2556.0,5081.0,True,False,False,False
cool_15m_same,T2 cooldown,no same entry for 15 min after a loss,1184,-1529.0,0.61,-1.29,1578.0,2,8,52.0,1516.0,418,-693.0,0.59,-1.66,698.0,1,3,-67.0,602.0,1765,-453.0,0.96,-0.26,693.0,9,9,2747.0,3149.0,3367,-2675.0,0.84,-0.79,2784.0,12,20,2732.0,5266.0,True,True,False,True
cool_15m_opposite,T2 cooldown,no opposite entry for 15 min after a loss,1168,-1531.0,0.6,-1.31,1580.0,7,19,24.0,1495.0,415,-667.0,0.59,-1.61,667.0,3,4,-43.0,598.0,1703,-519.0,0.95,-0.3,743.0,40,40,2571.0,3037.0,3286,-2717.0,0.84,-0.83,2842.0,50,63,2552.0,5129.0,True,False,False,False
cool_20m_all,T2 cooldown,no all entry for 20 min after a loss,1150,-1471.0,0.61,-1.28,1520.0,10,34,59.0,1472.0,406,-654.0,0.59,-1.61,659.0,6,10,-43.0,585.0,1674,-497.0,0.96,-0.3,764.0,55,54,2539.0,2984.0,3230,-2622.0,0.84,-0.81,2792.0,71,98,2555.0,5041.0,True,False,False,False
cool_20m_same,T2 cooldown,no same entry for 20 min after a loss,1178,-1500.0,0.61,-1.27,1549.0,2,14,73.0,1508.0,415,-693.0,0.58,-1.67,698.0,2,5,-71.0,598.0,1757,-441.0,0.96,-0.25,724.0,13,13,2745.0,3134.0,3350,-2633.0,0.85,-0.79,2764.0,17,32,2747.0,5239.0,True,True,False,True
cool_20m_opposite,T2 cooldown,no opposite entry for 20 min after a loss,1167,-1528.0,0.6,-1.31,1577.0,7,20,25.0,1494.0,413,-666.0,0.59,-1.61,666.0,4,5,-45.0,595.0,1696,-535.0,0.95,-0.32,766.0,44,43,2542.0,3024.0,3276,-2729.0,0.84,-0.83,2861.0,55,68,2522.0,5113.0,True,False,False,False
cool_30m_all,T2 cooldown,no all entry for 30 min after a loss,1119,-1438.0,0.61,-1.29,1488.0,21,53,50.0,1432.0,394,-604.0,0.61,-1.53,609.0,9,19,-11.0,567.0,1638,-418.0,0.96,-0.25,740.0,69,76,2554.0,2920.0,3151,-2460.0,0.85,-0.78,2686.0,99,148,2593.0,4919.0,True,True,False,True
cool_30m_same,T2 cooldown,no same entry for 30 min after a loss,1152,-1480.0,0.61,-1.28,1529.0,11,30,58.0,1475.0,404,-660.0,0.59,-1.63,665.0,5,13,-54.0,582.0,1730,-444.0,0.96,-0.26,716.0,28,25,2693.0,3086.0,3286,-2583.0,0.85,-0.79,2733.0,44,68,2698.0,5142.0,True,True,False,True
cool_30m_opposite,T2 cooldown,no opposite entry for 30 min after a loss,1162,-1508.0,0.61,-1.3,1558.0,8,24,39.0,1487.0,411,-656.0,0.6,-1.6,656.0,5,6,-37.0,592.0,1687,-533.0,0.95,-0.32,800.0,46,50,2529.0,3009.0,3260,-2697.0,0.84,-0.83,2865.0,59,80,2530.0,5088.0,True,False,False,False
cool_1bars,T2 cooldown,no entry for 1 closed M3 bars after a loss,1180,-1538.0,0.61,-1.3,1588.0,3,11,37.0,1510.0,418,-710.0,0.58,-1.7,710.0,3,1,-81.0,602.0,1747,-557.0,0.95,-0.32,737.0,21,15,2614.0,3118.0,3345,-2806.0,0.84,-0.84,2880.0,27,27,2569.0,5231.0,True,False,False,False
cool_2bars,T2 cooldown,no entry for 2 closed M3 bars after a loss,1171,-1526.0,0.6,-1.3,1575.0,7,16,33.0,1499.0,416,-653.0,0.6,-1.57,653.0,2,4,-28.0,599.0,1718,-478.0,0.96,-0.28,718.0,32,33,2640.0,3065.0,3305,-2657.0,0.84,-0.8,2797.0,41,53,2645.0,5163.0,True,False,False,False
cool_3bars,T2 cooldown,no entry for 3 closed M3 bars after a loss,1163,-1520.0,0.6,-1.31,1570.0,8,23,26.0,1489.0,414,-654.0,0.6,-1.58,654.0,3,5,-31.0,596.0,1704,-544.0,0.95,-0.32,758.0,42,37,2545.0,3038.0,3281,-2719.0,0.84,-0.83,2833.0,53,65,2540.0,5123.0,True,False,False,False
cool_5bars,T2 cooldown,no entry for 5 closed M3 bars after a loss,1157,-1503.0,0.6,-1.3,1552.0,10,27,36.0,1481.0,411,-656.0,0.59,-1.6,661.0,4,7,-38.0,592.0,1687,-502.0,0.96,-0.3,733.0,48,48,2557.0,3008.0,3255,-2660.0,0.84,-0.82,2794.0,62,82,2556.0,5081.0,True,False,False,False
cool_10bars,T2 cooldown,no entry for 10 closed M3 bars after a loss,1119,-1438.0,0.61,-1.29,1488.0,21,53,50.0,1432.0,394,-604.0,0.61,-1.53,609.0,9,19,-11.0,567.0,1638,-418.0,0.96,-0.25,740.0,69,76,2554.0,2920.0,3151,-2460.0,0.85,-0.78,2686.0,99,148,2593.0,4919.0,True,True,False,True
reentry_dist>=0.5atr,T2 cooldown,|price - last exit| >= 0.5 x ATR,1103,-1464.0,0.6,-1.33,1513.0,27,64,10.0,1412.0,378,-600.0,0.6,-1.59,612.0,13,31,-36.0,544.0,1596,420.0,1.04,0.26,589.0,82,105,3314.0,2841.0,3077,-1643.0,0.89,-0.53,2548.0,122,200,3288.0,4798.0,False,True,True,False
reentry_dist>=1.0atr,T2 cooldown,|price - last exit| >= 1.0 x ATR,1009,-1385.0,0.59,-1.37,1434.0,59,126,-36.0,1292.0,355,-561.0,0.6,-1.58,574.0,21,46,-28.0,511.0,1423,644.0,1.07,0.45,430.0,157,203,3218.0,2525.0,2787,-1301.0,0.9,-0.47,2194.0,237,375,3153.0,4328.0,False,True,True,False
reentry_dist>=2.0atr,T2 cooldown,|price - last exit| >= 2.0 x ATR,842,-1183.0,0.58,-1.4,1228.0,114,237,-66.0,1078.0,297,-559.0,0.55,-1.88,563.0,45,80,-115.0,428.0,1163,381.0,1.05,0.33,440.0,278,342,2496.0,2063.0,2302,-1362.0,0.88,-0.59,1838.0,437,659,2314.0,3569.0,False,False,True,False
opp_signal_age>=3,T2 cooldown,previous opposite signal at least 3 bars old (signal reset),1132,-1439.0,0.61,-1.27,1488.0,14,48,68.0,1449.0,399,-673.0,0.58,-1.69,680.0,7,16,-74.0,575.0,1696,-295.0,0.97,-0.17,708.0,33,54,2788.0,3032.0,3227,-2407.0,0.85,-0.75,2453.0,54,118,2781.0,5055.0,True,False,True,False
opp_signal_age>=5,T2 cooldown,previous opposite signal at least 5 bars old (signal reset),1018,-1095.0,0.67,-1.08,1165.0,43,133,264.0,1303.0,342,-575.0,0.58,-1.68,582.0,23,57,-57.0,492.0,1485,2.0,1.0,0.0,669.0,116,182,2706.0,2656.0,2845,-1668.0,0.88,-0.59,1873.0,182,372,2914.0,4452.0,True,False,True,False
opp_signal_age>=10,T2 cooldown,previous opposite signal at least 10 bars old (signal reset),671,-673.0,0.66,-1.0,700.0,162,360,219.0,859.0,216,-213.0,0.74,-0.99,292.0,64,142,117.0,311.0,956,-304.0,0.95,-0.32,592.0,389,438,1440.0,1705.0,1843,-1190.0,0.87,-0.65,1281.0,615,940,1776.0,2875.0,True,True,False,True
opp_signal_age>=20,T2 cooldown,previous opposite signal at least 20 bars old (signal reset),316,-301.0,0.66,-0.95,324.0,285,592,122.0,404.0,105,-98.0,0.73,-0.93,161.0,101,216,64.0,151.0,496,-398.0,0.87,-0.8,478.0,631,655,494.0,879.0,917,-797.0,0.81,-0.87,801.0,1017,1463,680.0,1434.0,False,True,False,False
flips_10<=1,T3/T4 chop,at most 1 other flips in the last 10 bars,1139,-1513.0,0.6,-1.33,1556.0,15,40,10.0,1458.0,399,-621.0,0.61,-1.56,621.0,6,17,-22.0,575.0,1705,-468.0,0.96,-0.27,698.0,35,43,2624.0,3041.0,3243,-2602.0,0.84,-0.8,2614.0,56,100,2612.0,5073.0,False,True,False,False
flips_10<=2,T3/T4 chop,at most 2 other flips in the last 10 bars,1191,-1551.0,0.61,-1.3,1601.0,0,3,40.0,1524.0,421,-701.0,0.58,-1.66,701.0,0,1,-70.0,606.0,1776,-394.0,0.97,-0.22,672.0,1,6,2828.0,3169.0,3388,-2646.0,0.85,-0.78,2797.0,1,10,2797.0,5299.0,True,True,True,True
flips_10<=3,T3/T4 chop,at most 3 other flips in the last 10 bars,1194,-1579.0,0.6,-1.32,1629.0,0,0,16.0,1528.0,422,-705.0,0.58,-1.67,705.0,0,0,-73.0,608.0,1783,-467.0,0.96,-0.26,696.0,0,0,2767.0,3182.0,3399,-2752.0,0.84,-0.81,2856.0,0,0,2710.0,5318.0,False,False,False,False
flips_20<=2,T3/T4 chop,at most 2 other flips in the last 20 bars,1125,-1363.0,0.62,-1.21,1412.0,19,49,136.0,1440.0,390,-671.0,0.57,-1.72,671.0,15,17,-85.0,562.0,1681,-487.0,0.96,-0.29,706.0,48,54,2559.0,2998.0,3196,-2521.0,0.85,-0.79,2573.0,82,120,2610.0,4999.0,True,False,False,False
flips_20<=3,T3/T4 chop,at most 3 other flips in the last 20 bars,1189,-1575.0,0.6,-1.32,1624.0,1,4,14.0,1522.0,414,-719.0,0.57,-1.74,719.0,5,3,-98.0,596.0,1765,-410.0,0.96,-0.23,672.0,7,11,2792.0,3149.0,3368,-2703.0,0.84,-0.8,2843.0,13,18,2707.0,5267.0,False,False,True,False
flips_20<=4,T3/T4 chop,at most 4 other flips in the last 20 bars,1193,-1576.0,0.6,-1.32,1625.0,0,1,18.0,1527.0,422,-705.0,0.58,-1.67,705.0,0,0,-73.0,608.0,1783,-467.0,0.96,-0.26,696.0,0,0,2767.0,3182.0,3398,-2748.0,0.84,-0.81,2853.0,0,1,2712.0,5317.0,True,False,False,False
flips_30<=4,T3/T4 chop,at most 4 other flips in the last 30 bars,1178,-1587.0,0.6,-1.35,1636.0,8,8,-12.0,1508.0,413,-703.0,0.58,-1.7,703.0,5,4,-84.0,595.0,1762,-395.0,0.97,-0.22,704.0,10,11,2801.0,3143.0,3353,-2684.0,0.84,-0.8,2772.0,23,23,2705.0,5245.0,False,False,True,False
flips_30<=6,T3/T4 chop,at most 6 other flips in the last 30 bars,1194,-1579.0,0.6,-1.32,1629.0,0,0,16.0,1528.0,421,-701.0,0.58,-1.66,701.0,0,1,-70.0,606.0,1783,-467.0,0.96,-0.26,696.0,0,0,2767.0,3182.0,3398,-2748.0,0.84,-0.81,2852.0,0,1,2713.0,5316.0,False,True,False,False
atr_ratio>=0.7,T3 chop,ATR >= 0.7 x its 30-day median,1041,-1485.0,0.6,-1.43,1534.0,45,108,-85.0,1332.0,371,-677.0,0.58,-1.83,677.0,12,39,-118.0,534.0,1540,-564.0,0.95,-0.37,759.0,103,140,2223.0,2745.0,2952,-2727.0,0.83,-0.92,2742.0,160,287,2019.0,4612.0,False,False,False,False
atr_ratio>=0.9,T3 chop,ATR >= 0.9 x its 30-day median,830,-1207.0,0.62,-1.45,1249.0,97,267,-75.0,1062.0,317,-631.0,0.57,-1.99,631.0,25,80,-150.0,456.0,1241,-64.0,0.99,-0.05,583.0,232,310,2173.0,2202.0,2388,-1903.0,0.86,-0.8,2227.0,354,657,1948.0,3721.0,False,False,True,False
atr_ratio>=1.1,T3 chop,ATR >= 1.1 x its 30-day median,619,-1042.0,0.6,-1.68,1068.0,162,413,-199.0,792.0,242,-579.0,0.53,-2.39,579.0,51,129,-210.0,348.0,921,72.0,1.01,0.08,511.0,371,491,1732.0,1630.0,1782,-1549.0,0.86,-0.87,1836.0,584,1033,1323.0,2771.0,False,False,True,False
atr_ratio<=1.5,T3 chop,ATR <= 1.5 x its 30-day median,874,-945.0,0.6,-1.08,976.0,130,189,195.0,1119.0,281,-314.0,0.64,-1.12,344.0,54,87,114.0,405.0,1294,-796.0,0.89,-0.62,854.0,277,212,1563.0,2315.0,2449,-2055.0,0.81,-0.84,2086.0,461,488,1871.0,3838.0,False,False,False,False
atr_ratio<=2.0,T3 chop,ATR <= 2.0 x its 30-day median,1013,-1138.0,0.62,-1.12,1187.0,71,109,210.0,1297.0,337,-492.0,0.58,-1.46,492.0,39,46,15.0,485.0,1536,-589.0,0.94,-0.38,738.0,150,97,2206.0,2746.0,2886,-2219.0,0.83,-0.77,2235.0,260,252,2432.0,4528.0,False,False,False,False
adx>25,T3 chop,ADX > 25,755,-863.0,0.65,-1.14,918.0,127,312,149.0,966.0,267,-507.0,0.55,-1.9,520.0,49,106,-109.0,384.0,1135,-119.0,0.98,-0.1,656.0,316,332,1936.0,2034.0,2157,-1489.0,0.87,-0.69,1973.0,492,750,1977.0,3384.0,True,False,False,False
adx>30,T3 chop,ADX > 30,460,-524.0,0.66,-1.14,612.0,227,506,87.0,589.0,171,-276.0,0.61,-1.62,292.0,76,175,-26.0,246.0,670,-204.0,0.96,-0.3,569.0,541,571,1006.0,1198.0,1301,-1004.0,0.85,-0.77,1372.0,844,1252,1067.0,2033.0,True,True,False,True
adx_rising,T3 chop,ADX higher than 5 bars ago,439,-544.0,0.58,-1.24,546.0,260,494,30.0,562.0,152,-257.0,0.56,-1.69,305.0,91,179,-39.0,219.0,590,72.0,1.02,0.12,589.0,569,624,1154.0,1056.0,1181,-728.0,0.87,-0.62,906.0,920,1297,1145.0,1837.0,False,False,False,False
bbw_atr>=1.0,T3 chop,Bollinger width >= 1.0 x ATR,1194,-1579.0,0.6,-1.32,1629.0,0,0,16.0,1528.0,422,-705.0,0.58,-1.67,705.0,0,0,-73.0,608.0,1783,-467.0,0.96,-0.26,696.0,0,0,2767.0,3182.0,3399,-2752.0,0.84,-0.81,2856.0,0,0,2710.0,5318.0,False,False,False,False
bbw_atr>=1.5,T3 chop,Bollinger width >= 1.5 x ATR,1194,-1579.0,0.6,-1.32,1629.0,0,0,16.0,1528.0,422,-705.0,0.58,-1.67,705.0,0,0,-73.0,608.0,1780,-453.0,0.96,-0.25,681.0,1,2,2777.0,3177.0,3396,-2737.0,0.84,-0.81,2858.0,1,2,2720.0,5313.0,False,False,True,False
opp_candles5<=2,T3 chop,at most 2 of the last 5 candles against the signal,885,-961.0,0.67,-1.09,1012.0,85,224,231.0,1133.0,309,-578.0,0.56,-1.87,585.0,39,74,-113.0,445.0,1380,-152.0,0.98,-0.11,597.0,186,217,2359.0,2468.0,2574,-1690.0,0.87,-0.66,1965.0,310,515,2477.0,4046.0,True,False,True,False
opp_candles5<=3,T3 chop,at most 3 of the last 5 candles against the signal,1143,-1455.0,0.61,-1.27,1506.0,13,38,68.0,1463.0,405,-687.0,0.57,-1.7,687.0,8,9,-79.0,583.0,1721,-376.0,0.97,-0.22,602.0,26,36,2752.0,3076.0,3269,-2518.0,0.85,-0.77,2637.0,47,83,2740.0,5122.0,True,False,True,False
dist_prev_sig>=1.0,T4 chop,price >= 1.0 x ATR from the previous signal,952,-1175.0,0.63,-1.23,1224.0,73,169,92.0,1219.0,320,-560.0,0.57,-1.75,570.0,31,71,-75.0,461.0,1399,-351.0,0.96,-0.25,907.0,198,185,2179.0,2494.0,2671,-2087.0,0.85,-0.78,2550.0,302,425,2195.0,4173.0,True,False,False,False
dist_prev_sig>=2.0,T4 chop,price >= 2.0 x ATR from the previous signal,499,-637.0,0.61,-1.28,713.0,212,482,36.0,639.0,184,-227.0,0.69,-1.23,233.0,69,169,52.0,265.0,724,-291.0,0.94,-0.4,553.0,505,553,1012.0,1282.0,1407,-1155.0,0.84,-0.82,1335.0,786,1204,1100.0,2186.0,True,True,False,True
stop_atr1.0,T5 stop,SL = 1.0 x ATR from the signal close,1483,-1202.0,0.52,-0.81,1208.0,44,-334,705.0,1898.0,495,-435.0,0.6,-0.88,438.0,24,-97,281.0,713.0,1925,-1748.0,0.82,-0.91,1805.0,243,-386,1703.0,3419.0,3903,-3385.0,0.75,-0.87,3385.0,311,-817,2689.0,6030.0,False,False,False,False
stop_atr1.5,T5 stop,SL = 1.5 x ATR from the signal close,1426,-1417.0,0.57,-0.99,1437.0,18,-250,429.0,1825.0,474,-528.0,0.63,-1.11,532.0,12,-64,173.0,683.0,1899,-941.0,0.91,-0.5,1111.0,111,-228,2469.0,3376.0,3799,-2886.0,0.82,-0.76,2895.0,141,-542,3070.0,5884.0,False,False,False,False
stop_atr2.0,T5 stop,SL = 2.0 x ATR from the signal close,1326,-1316.0,0.65,-0.99,1370.0,-19,-113,429.0,1697.0,449,-654.0,0.61,-1.46,654.0,-1,-26,26.0,647.0,1854,-277.0,0.98,-0.15,625.0,20,-91,3065.0,3298.0,3629,-2247.0,0.87,-0.62,2408.0,0,-230,3520.0,5642.0,False,False,False,False
stop_atr3.0,T5 stop,SL = 3.0 x ATR from the signal close,1160,-1556.0,0.65,-1.34,1608.0,-30,64,7.0,1485.0,404,-754.0,0.6,-1.87,766.0,-16,34,-130.0,582.0,1750,-334.0,0.97,-0.19,872.0,-39,72,2839.0,3119.0,3314,-2645.0,0.86,-0.8,2702.0,-85,170,2717.0,5185.0,False,False,False,False
stop_hybrid0.75_cap3.0,T5 stop,"SL = max(structure, 0.75 x ATR), skip if > 3.0 x ATR",900,-889.0,0.65,-0.99,930.0,114,180,286.0,1152.0,312,-343.0,0.69,-1.1,411.0,30,80,123.0,449.0,1242,-406.0,0.95,-0.33,593.0,279,262,1845.0,2212.0,2454,-1638.0,0.86,-0.67,1661.0,423,522,2254.0,3813.0,False,True,False,False
stop_hybrid1.0_cap3.0,T5 stop,"SL = max(structure, 1.0 x ATR), skip if > 3.0 x ATR",900,-869.0,0.66,-0.97,922.0,109,185,306.0,1152.0,312,-355.0,0.68,-1.14,419.0,32,78,112.0,449.0,1242,-439.0,0.94,-0.35,634.0,277,264,1812.0,2212.0,2454,-1662.0,0.86,-0.68,1698.0,418,527,2231.0,3813.0,False,True,False,False
stop_hybrid1.0_cap4.0,T5 stop,"SL = max(structure, 1.0 x ATR), skip if > 4.0 x ATR",1047,-1134.0,0.65,-1.08,1187.0,47,100,247.0,1340.0,359,-470.0,0.66,-1.31,535.0,16,47,72.0,517.0,1508,-540.0,0.94,-0.36,745.0,140,135,2192.0,2690.0,2914,-2144.0,0.85,-0.74,2175.0,203,282,2511.0,4547.0,True,True,False,True
stop_hybrid1.5_cap4.0,T5 stop,"SL = max(structure, 1.5 x ATR), skip if > 4.0 x ATR",1044,-1174.0,0.65,-1.12,1229.0,50,100,205.0,1336.0,359,-504.0,0.65,-1.4,557.0,16,47,40.0,517.0,1508,-452.0,0.95,-0.3,659.0,137,138,2281.0,2690.0,2911,-2130.0,0.85,-0.73,2164.0,203,285,2526.0,4543.0,False,True,False,False
stop_pivot_cap2.0,T5 stop,"shipped stop, skip if > 2.0 x ATR",332,-283.0,0.6,-0.85,290.0,304,557,135.0,425.0,135,-221.0,0.42,-1.64,226.0,107,180,-29.0,194.0,466,-239.0,0.91,-0.51,479.0,664,652,597.0,821.0,933,-744.0,0.8,-0.8,744.0,1075,1389,703.0,1441.0,False,False,False,False
stop_pivot_cap3.0,T5 stop,"shipped stop, skip if > 3.0 x ATR",982,-1115.0,0.61,-1.14,1162.0,102,110,154.0,1257.0,358,-496.0,0.62,-1.39,524.0,25,39,26.0,516.0,1457,-548.0,0.94,-0.38,916.0,197,129,2075.0,2591.0,2797,-2159.0,0.84,-0.77,2197.0,324,278,2255.0,4363.0,False,False,False,False
stop_pivot_cap4.0,T5 stop,"shipped stop, skip if > 4.0 x ATR",1157,-1368.0,0.62,-1.18,1425.0,28,9,160.0,1481.0,407,-658.0,0.59,-1.62,689.0,9,6,-46.0,586.0,1682,-362.0,0.97,-0.22,856.0,74,27,2679.0,2996.0,3246,-2388.0,0.85,-0.74,2426.0,111,42,2793.0,5063.0,False,False,False,False
stop_purple,T5 stop,SL = purple line from the first tick,1337,-1495.0,0.61,-1.12,1529.0,-8,-135,267.0,1711.0,449,-747.0,0.55,-1.66,747.0,7,-34,-77.0,647.0,1860,-470.0,0.96,-0.25,930.0,32,-109,2883.0,3309.0,3646,-2713.0,0.84,-0.74,2730.0,31,-278,3073.0,5667.0,False,False,False,False
rev_reverse,T10 reversal,close AND reverse on the opposite signal (your tester setting),1491,-1601.0,0.51,-1.07,1604.0,-3,-291,314.0,1908.0,498,-619.0,0.57,-1.24,619.0,3,-79,111.0,717.0,1930,-858.0,0.93,-0.44,1000.0,58,-206,2608.0,3428.0,3919,-3078.0,0.81,-0.79,3078.0,58,-576,3033.0,6053.0,False,False,False,False
rev_modelA_close,T10 reversal,"Model A: close on the opposite signal, never reverse",1388,-1525.0,0.51,-1.1,1528.0,28,-219,256.0,1777.0,464,-591.0,0.56,-1.27,591.0,15,-57,91.0,668.0,1850,-668.0,0.94,-0.36,929.0,82,-150,2660.0,3290.0,3702,-2783.0,0.82,-0.75,2783.0,125,-426,3007.0,5735.0,False,False,False,False
rev_modelB_confirm1,T10 reversal,Model B: close only if the opposite direction persists 1 bars,1385,-1541.0,0.51,-1.11,1544.0,11,-202,236.0,1773.0,464,-590.0,0.56,-1.27,590.0,5,-47,91.0,668.0,1849,-507.0,0.95,-0.27,832.0,57,-123,2819.0,3289.0,3698,-2638.0,0.83,-0.71,2722.0,73,-372,3147.0,5730.0,False,False,False,False
rev_modelB_confirm2,T10 reversal,Model B: close only if the opposite direction persists 2 bars,1376,-1477.0,0.53,-1.07,1478.0,2,-181,287.0,1761.0,461,-603.0,0.56,-1.31,603.0,5,-43,74.0,664.0,1844,-377.0,0.97,-0.2,748.0,52,-112,2941.0,3281.0,3681,-2458.0,0.84,-0.67,2634.0,59,-336,3302.0,5706.0,False,False,False,False
rev_modelB_confirm3,T10 reversal,Model B: close only if the opposite direction persists 3 bars,1363,-1466.0,0.55,-1.08,1466.0,-1,-167,281.0,1745.0,457,-613.0,0.56,-1.34,613.0,3,-38,58.0,658.0,1840,-488.0,0.96,-0.27,800.0,49,-107,2825.0,3274.0,3660,-2567.0,0.84,-0.7,2600.0,51,-312,3164.0,5676.0,False,False,False,False
rev_modelD_adx25,T10 reversal,Model D: close only if the opposite signal's ADX > 25,1333,-1552.0,0.57,-1.16,1582.0,-21,-117,194.0,1706.0,456,-656.0,0.58,-1.44,656.0,1,-35,22.0,657.0,1834,-334.0,0.97,-0.18,720.0,13,-64,2985.0,3265.0,3623,-2542.0,0.85,-0.7,2633.0,-7,-216,3200.0,5627.0,False,False,False,False
rev_modelD_adx30,T10 reversal,Model D: close only if the opposite signal's ADX > 30,1297,-1501.0,0.6,-1.16,1541.0,-25,-77,219.0,1660.0,447,-660.0,0.6,-1.48,667.0,-4,-21,10.0,644.0,1821,-329.0,0.97,-0.18,664.0,6,-44,2967.0,3243.0,3565,-2490.0,0.85,-0.7,2610.0,-23,-142,3197.0,5547.0,False,False,False,False
htf15,T9 HTF,M15 Supertrend direction agrees,650,-1148.0,0.53,-1.77,1169.0,176,368,-268.0,832.0,237,-461.0,0.54,-1.95,466.0,62,123,-110.0,341.0,858,586.0,1.1,0.68,249.0,416,509,2146.0,1525.0,1745,-1023.0,0.89,-0.59,1726.0,654,1000,1768.0,2698.0,False,False,True,False
htf60,T9 HTF,H1 Supertrend direction agrees,674,-845.0,0.62,-1.25,880.0,160,360,52.0,863.0,239,-549.0,0.51,-2.3,553.0,64,119,-181.0,344.0,938,154.0,1.03,0.16,390.0,374,470,1869.0,1676.0,1851,-1240.0,0.87,-0.67,1703.0,598,949,1740.0,2883.0,True,False,True,False
htf15_and_60,T9 HTF,M15 and H1 agree,416,-588.0,0.61,-1.41,616.0,236,542,-26.0,532.0,170,-456.0,0.45,-2.68,460.0,88,164,-199.0,245.0,565,866.0,1.25,1.53,226.0,541,676,1897.0,1009.0,1151,-177.0,0.97,-0.15,1163.0,865,1382,1671.0,1786.0,False,False,True,False
ema50_m15,T9 HTF,M15 EMA50 slope agrees,661,-1092.0,0.54,-1.65,1125.0,172,361,-205.0,846.0,227,-528.0,0.49,-2.33,531.0,67,128,-179.0,327.0,885,455.0,1.08,0.51,365.0,397,500,2067.0,1573.0,1773,-1166.0,0.87,-0.66,1796.0,636,989,1684.0,2746.0,False,False,True,False
htf15_conflict,T9 HTF,ONLY trades where M15 disagrees (control),700,-586.0,0.7,-0.84,640.0,165,328,336.0,896.0,229,-272.0,0.67,-1.19,328.0,59,134,73.0,330.0,1021,-1314.0,0.8,-1.29,1355.0,400,361,526.0,1820.0,1950,-2171.0,0.77,-1.11,2196.0,624,823,936.0,3045.0,False,True,False,False
range_ratio<=2.0,T7 overext,signal bar range <= 2.0 x ATR,1073,-1374.0,0.61,-1.28,1442.0,40,81,62.0,1373.0,389,-583.0,0.62,-1.5,583.0,7,26,1.0,560.0,1619,-308.0,0.97,-0.19,625.0,77,87,2639.0,2894.0,3081,-2265.0,0.85,-0.74,2396.0,124,194,2702.0,4828.0,False,True,True,False
range_ratio<=3.0,T7 overext,signal bar range <= 3.0 x ATR,1159,-1490.0,0.6,-1.29,1539.0,13,22,58.0,1484.0,409,-648.0,0.6,-1.59,648.0,4,9,-35.0,589.0,1751,-404.0,0.96,-0.23,711.0,12,20,2774.0,3125.0,3319,-2543.0,0.85,-0.77,2608.0,29,51,2797.0,5198.0,False,True,True,False
dist_ema<=2.0,T7 overext,|close - EMA20| <= 2.0 x ATR,1120,-1317.0,0.63,-1.18,1370.0,31,43,172.0,1434.0,390,-514.0,0.65,-1.32,522.0,8,24,71.0,562.0,1649,-712.0,0.93,-0.43,796.0,70,64,2286.0,2949.0,3159,-2543.0,0.84,-0.81,2559.0,109,131,2529.0,4944.0,False,True,False,False
dist_ema<=3.0,T7 overext,|close - EMA20| <= 3.0 x ATR,1182,-1529.0,0.61,-1.29,1578.0,6,6,50.0,1513.0,417,-646.0,0.61,-1.55,646.0,2,3,-21.0,600.0,1772,-428.0,0.96,-0.24,684.0,3,8,2787.0,3162.0,3371,-2603.0,0.85,-0.77,2719.0,11,17,2817.0,5275.0,False,False,True,False
trail_at0.25R,T12 trailing,purple trail from +0.25R (instead of +360 pts),1374,-1403.0,0.54,-1.02,1425.0,-60,-118,392.0,1759.0,464,-671.0,0.51,-1.45,671.0,10,-49,13.0,668.0,1803,-1019.0,0.91,-0.57,1138.0,67,-86,2243.0,3205.0,3641,-3093.0,0.81,-0.85,3094.0,17,-253,2647.0,5632.0,False,False,False,False
trail_at0.5R,T12 trailing,purple trail from +0.5R (instead of +360 pts),1298,-1420.0,0.58,-1.09,1462.0,-105,2,289.0,1661.0,451,-690.0,0.54,-1.53,690.0,-18,-8,-25.0,649.0,1750,-566.0,0.95,-0.32,818.0,-15,47,2612.0,3116.0,3499,-2677.0,0.84,-0.76,2729.0,-138,41,2876.0,5426.0,False,False,False,False
trail_at0.75R,T12 trailing,purple trail from +0.75R (instead of +360 pts),1234,-1515.0,0.6,-1.23,1580.0,-98,57,132.0,1580.0,426,-628.0,0.61,-1.47,628.0,-26,22,23.0,613.0,1710,-434.0,0.97,-0.25,835.0,-50,122,2697.0,3046.0,3370,-2577.0,0.86,-0.76,2583.0,-174,201,2852.0,5239.0,False,True,False,False
trail_at1.0R,T12 trailing,purple trail from +1.0R (instead of +360 pts),1186,-1531.0,0.62,-1.29,1626.0,-46,53,85.0,1518.0,413,-659.0,0.62,-1.6,659.0,-8,17,-20.0,595.0,1681,-360.0,0.97,-0.21,853.0,-21,122,2727.0,2998.0,3280,-2550.0,0.87,-0.78,2589.0,-75,192,2791.0,5111.0,True,True,False,True
trail_at1.25R,T12 trailing,purple trail from +1.25R (instead of +360 pts),1128,-1616.0,0.62,-1.43,1707.0,22,43,-58.0,1444.0,402,-659.0,0.63,-1.64,659.0,0,20,-36.0,579.0,1667,-276.0,0.98,-0.17,795.0,1,114,2787.0,2974.0,3197,-2551.0,0.87,-0.8,2632.0,23,177,2692.0,4996.0,False,True,False,False
be_at0.5R,T12 trailing,break-even + costs at +0.5R,1326,-1348.0,0.57,-1.02,1369.0,-299,166,392.0,1697.0,451,-703.0,0.48,-1.56,703.0,-95,66,-44.0,649.0,1799,-910.0,0.91,-0.51,1004.0,-242,226,2352.0,3207.0,3576,-2960.0,0.8,-0.83,2968.0,-636,458,2700.0,5553.0,False,False,False,False
be_at0.75R,T12 trailing,break-even + costs at +0.75R,1277,-1472.0,0.59,-1.15,1506.0,-171,88,227.0,1635.0,439,-655.0,0.57,-1.49,656.0,-58,41,2.0,632.0,1793,-489.0,0.96,-0.27,693.0,-98,88,2761.0,3197.0,3509,-2616.0,0.84,-0.75,2708.0,-327,217,2990.0,5464.0,False,False,False,False
be_at1.0R,T12 trailing,break-even + costs at +1.0R,1253,-1482.0,0.61,-1.18,1526.0,-104,45,187.0,1604.0,434,-705.0,0.57,-1.62,705.0,-30,18,-55.0,625.0,1784,-514.0,0.96,-0.29,696.0,-32,31,2721.0,3183.0,3471,-2701.0,0.84,-0.78,2779.0,-166,94,2853.0,5412.0,True,False,False,False
lock_1.0R_keep0.25R,T13 protection,at +1.0R lock +0.25R and trail 1:1 with a 0.75R gap,1254,-1480.0,0.61,-1.18,1525.0,-104,44,190.0,1605.0,434,-687.0,0.58,-1.58,687.0,-30,18,-37.0,625.0,1784,43.0,1.0,0.02,639.0,35,-36,3281.0,3183.0,3472,-2125.0,0.88,-0.61,2679.0,-99,26,3434.0,5413.0,True,False,False,False
lock_1.5R_keep0.5R,T13 protection,at +1.5R lock +0.5R and trail 1:1 with a 1.0R gap,1212,-1618.0,0.59,-1.33,1667.0,-18,0,4.0,1551.0,424,-720.0,0.57,-1.7,720.0,-4,2,-85.0,611.0,1783,-143.0,0.99,-0.08,731.0,75,-75,3097.0,3182.0,3419,-2480.0,0.87,-0.73,2873.0,53,-73,3016.0,5344.0,False,False,False,False
lock_2.0R_keep0.5R,T13 protection,at +2.0R lock +0.5R and trail 1:1 with a 1.5R gap,1194,-1578.0,0.6,-1.32,1628.0,0,0,17.0,1528.0,422,-704.0,0.58,-1.67,704.0,0,0,-72.0,608.0,1783,-189.0,0.99,-0.11,774.0,81,-81,3051.0,3182.0,3399,-2472.0,0.87,-0.73,2814.0,81,-81,2995.0,5318.0,True,True,False,True
timeexit_15m_below0.0R,T14 time exit,close after 15 min if profit < 0.0R,1458,-1393.0,0.45,-0.96,1403.0,199,-463,480.0,1866.0,491,-537.0,0.49,-1.09,541.0,62,-128,173.0,707.0,1912,-1647.0,0.82,-0.86,1790.0,318,-445,1770.0,3396.0,3861,-3577.0,0.72,-0.93,3587.0,579,-1036,2423.0,5969.0,False,False,False,False
timeexit_30m_below0.0R,T14 time exit,close after 30 min if profit < 0.0R,1404,-1559.0,0.47,-1.11,1563.0,149,-359,238.0,1797.0,472,-561.0,0.56,-1.19,561.0,39,-88,130.0,680.0,1862,-940.0,0.91,-0.5,1127.0,171,-248,2398.0,3310.0,3738,-3060.0,0.79,-0.82,3126.0,359,-695,2766.0,5787.0,False,False,False,False
timeexit_60m_below0.0R,T14 time exit,close after 60 min if profit < 0.0R,1320,-1546.0,0.53,-1.17,1552.0,91,-217,145.0,1690.0,451,-641.0,0.55,-1.42,641.0,28,-56,21.0,649.0,1818,-684.0,0.94,-0.38,810.0,72,-106,2600.0,3237.0,3589,-2871.0,0.82,-0.8,2879.0,191,-379,2766.0,5576.0,False,False,False,False
timeexit_30m_below0.25R,T14 time exit,close after 30 min if profit < 0.25R,1421,-1435.0,0.5,-1.01,1442.0,-82,-140,386.0,1819.0,475,-590.0,0.52,-1.24,590.0,-23,-27,106.0,684.0,1867,-972.0,0.9,-0.52,1156.0,10,-91,2373.0,3318.0,3763,-2997.0,0.79,-0.8,3100.0,-95,-258,2865.0,5821.0,False,False,False,False
timeexit_60m_below0.25R,T14 time exit,close after 60 min if profit < 0.25R,1338,-1508.0,0.54,-1.13,1508.0,-58,-86,209.0,1713.0,454,-613.0,0.56,-1.35,613.0,-18,-12,52.0,654.0,1821,-704.0,0.94,-0.39,823.0,22,-60,2585.0,3241.0,3613,-2825.0,0.82,-0.78,2857.0,-54,-158,2846.0,5608.0,False,False,False,False
session_asia_02-10,T15 session,entries only 02:00-10:00 server time,468,-420.0,0.65,-0.9,462.0,242,483,179.0,599.0,168,-226.0,0.58,-1.35,254.0,85,169,16.0,242.0,698,-14.0,1.0,-0.02,508.0,523,561,1224.0,1239.0,1334,-661.0,0.89,-0.5,1076.0,850,1213,1419.0,2080.0,False,False,False,False
session_london_10-15,T15 session,entries only 10:00-15:00 server time,282,-561.0,0.46,-1.99,571.0,314,597,-200.0,361.0,100,-53.0,0.84,-0.53,72.0,105,217,91.0,144.0,387,-636.0,0.74,-1.64,660.0,680,715,50.0,686.0,769,-1250.0,0.67,-1.63,1265.0,1099,1529,-59.0,1191.0,False,False,False,False
session_overlap_15-20,T15 session,entries only 15:00-20:00 server time,320,-477.0,0.66,-1.49,516.0,258,616,-17.0,410.0,118,-375.0,0.45,-3.17,375.0,95,209,-197.0,170.0,411,-24.0,0.99,-0.06,380.0,636,735,716.0,733.0,849,-876.0,0.83,-1.03,987.0,989,1560,502.0,1313.0,False,False,True,False
session_ny_20-24,T15 session,entries only 20:00-24:00 server time,160,-219.0,0.53,-1.37,241.0,346,687,-0.0,205.0,44,-87.0,0.46,-1.98,109.0,125,253,-6.0,63.0,224,249.0,1.17,1.11,184.0,738,821,702.0,405.0,428,-57.0,0.97,-0.13,383.0,1209,1761,696.0,674.0,False,False,True,False
session_london+ny_10-20,T15 session,entries only 10:00-20:00 server time,583,-1018.0,0.57,-1.75,1040.0,192,419,-221.0,746.0,215,-410.0,0.59,-1.91,410.0,64,143,-93.0,310.0,794,-660.0,0.88,-0.83,809.0,468,520,760.0,1413.0,1592,-2088.0,0.76,-1.31,2097.0,724,1082,446.0,2469.0,False,False,False,False
score>=4_of_6,T8 score,"entry score >= 4 of 6 kept features ['flips_10<=1', 'atr_ratio_0.8-1.5', 'range_ratio<=2', 'opp_ago>=5', 'dist_ema<=2', 'adx_rising']",1013,-1137.0,0.64,-1.12,1205.0,52,129,217.0,1297.0,351,-532.0,0.62,-1.52,539.0,21,50,-2.0,505.0,1540,-323.0,0.97,-0.21,617.0,117,126,2484.0,2755.0,2904,-1992.0,0.86,-0.69,2020.0,190,305,2699.0,4557.0,True,True,False,True
score>=5_of_6,T8 score,"entry score >= 5 of 6 kept features ['flips_10<=1', 'atr_ratio_0.8-1.5', 'range_ratio<=2', 'opp_ago>=5', 'dist_ema<=2', 'adx_rising']",632,-598.0,0.67,-0.95,632.0,191,370,225.0,809.0,211,-272.0,0.65,-1.29,331.0,69,142,54.0,304.0,891,-165.0,0.97,-0.19,560.0,428,464,1463.0,1598.0,1734,-1035.0,0.87,-0.6,1064.0,688,976,1743.0,2711.0,False,False,False,False
score>=6_of_6,T8 score,"entry score >= 6 of 6 kept features ['flips_10<=1', 'atr_ratio_0.8-1.5', 'range_ratio<=2', 'opp_ago>=5', 'dist_ema<=2', 'adx_rising']",145,-147.0,0.59,-1.01,179.0,348,700,44.0,186.0,47,-20.0,0.86,-0.43,82.0,119,256,48.0,68.0,209,-346.0,0.72,-1.65,401.0,758,816,42.0,373.0,401,-512.0,0.7,-1.28,566.0,1225,1772,133.0,626.0,False,True,False,False
