feature,new,description,best,best_n,best_AB,best_D,best_exp,worst,worst_AB,worst_D,worst_exp,AB_separation,order_holds,best_positive,best_DEV,best_VAL,best_OOS
cost_over_reward,False,,Q1,5392,0.464,0.361,0.018,Q5,0.267,0.651,-0.46,0.197,3,1,-0.057,-0.043,0.029
swing_dist,False,,Q5,5391,0.423,0.408,-0.079,Q1,0.324,0.57,-0.343,0.1,3,1,-0.136,-0.189,0.004
risk_atr,True,the strategy's stop / ATR,Q5,5392,0.423,0.408,-0.08,Q1,0.324,0.585,-0.342,0.099,3,1,-0.138,-0.189,0.002
atr_ratio,False,,Q5,5392,0.426,0.41,-0.088,Q1,0.356,0.525,-0.29,0.07,3,0,-0.155,-0.139,-0.015
session,False,,overlap_15-20,5850,0.422,0.418,-0.091,late_00-02,0.363,0.502,-0.269,0.059,3,0,-0.143,-0.138,-0.034
dist_ema,False,,Q5,5392,0.427,0.409,-0.104,Q1,0.373,0.51,-0.237,0.054,3,0,-0.176,-0.209,-0.009
adx_slope,False,,Q1,5392,0.413,0.436,-0.126,Q5,0.371,0.497,-0.239,0.042,3,0,-0.206,-0.202,-0.039
dist_prev_sig,False,,Q4,5391,0.427,0.429,-0.123,Q1,0.386,0.489,-0.197,0.041,3,0,-0.201,-0.203,-0.025
room_behind,False,,Q4,5391,0.422,0.43,-0.115,Q1,0.383,0.49,-0.219,0.039,3,0,-0.205,-0.239,-0.003
nearest_pivot_dist,True,distance to the nearest M3 pivot / ATR,Q5,5391,0.432,0.418,-0.116,Q2,0.396,0.476,-0.2,0.036,3,0,-0.198,-0.147,-0.039
ema_sep,False,,Q4,5391,0.426,0.435,-0.117,Q2,0.395,0.477,-0.195,0.032,3,0,-0.196,-0.189,-0.027
broke_prev_day_level,True,closed beyond the previous day's high/low,True,4078,0.434,0.416,-0.052,False,0.403,0.459,-0.182,0.031,3,1,-0.206,-0.115,0.081
room_ahead,False,,Q1,5391,0.43,0.411,-0.092,Q5,0.4,0.462,-0.214,0.03,3,1,-0.18,-0.16,0.006
ema50_slope,False,,Q5,5392,0.419,0.414,-0.098,Q1,0.391,0.476,-0.223,0.027,3,1,-0.189,-0.178,0.005
px_vs_ema50,False,,Q5,5392,0.415,0.418,-0.102,Q1,0.391,0.474,-0.222,0.024,3,0,-0.186,-0.198,-0.001
prev_day_low_dist,True,distance from the previous day's low,Q3,5386,0.417,0.433,-0.106,Q1,0.393,0.476,-0.248,0.024,3,0,-0.168,-0.185,-0.025
body_ratio,False,,Q2,5390,0.424,0.433,-0.118,Q4,0.401,0.454,-0.196,0.023,3,0,-0.193,-0.175,-0.045
behind_level_dist,True,nearest day-level behind / ATR,Q3,5386,0.417,0.432,-0.119,Q1,0.398,0.474,-0.198,0.019,3,0,-0.161,-0.268,-0.031
ahead_level_dist,True,nearest day-level ahead / ATR,Q1,5386,0.421,0.421,-0.106,Q5,0.402,0.465,-0.211,0.018,3,1,-0.223,-0.132,0.011
prior_move_against_atr15,True,"M15 move against the signal over 20 bars, in ATR15",Q1,5391,0.415,0.435,-0.126,Q5,0.398,0.466,-0.2,0.017,3,0,-0.26,-0.187,-0.001
box_m3,False,,True,13719,0.414,0.44,-0.142,False,0.401,0.465,-0.183,0.013,3,0,-0.222,-0.229,-0.05
purple_dist,False,,Q4,5391,0.411,0.45,-0.148,Q3,0.399,0.451,-0.188,0.011,3,0,-0.247,-0.186,-0.051
day_low_dist,True,distance from today's low so far,Q4,5391,0.412,0.446,-0.126,Q1,0.404,0.455,-0.216,0.009,3,0,-0.187,-0.201,-0.041
htf15_aligned,False,,True,11171,0.413,0.441,-0.127,False,0.404,0.461,-0.187,0.008,3,0,-0.229,-0.189,-0.021
minutes_since_prev,False,,Q1,5939,0.411,0.444,-0.132,Q5,0.403,0.463,-0.186,0.008,3,0,-0.216,-0.221,-0.027
bbw_atr,False,,Q1,5392,0.424,0.432,-0.15,Q4,0.388,0.475,-0.188,0.035,2,0,-0.244,-0.148,-0.082
prev_range_ratio,False,,Q2,5391,0.422,0.434,-0.127,Q5,0.392,0.47,-0.2,0.03,2,0,-0.205,-0.211,-0.037
vol_ratio,False,,Q4,5391,0.418,0.437,-0.137,Q1,0.393,0.476,-0.205,0.025,2,0,-0.212,-0.257,-0.048
box_m1,False,,True,18889,0.413,0.444,-0.152,False,0.396,0.47,-0.185,0.016,2,0,-0.238,-0.245,-0.055
opp_ago,False,,Q1,6065,0.41,0.446,-0.136,Q2,0.396,0.463,-0.186,0.013,2,0,-0.22,-0.227,-0.032
atr_slope,False,,Q1,5392,0.42,0.44,-0.142,Q2,0.409,0.441,-0.181,0.011,2,0,-0.238,-0.305,-0.01
close_loc,False,,Q2,5391,0.408,0.443,-0.141,Q5,0.397,0.472,-0.184,0.011,2,0,-0.277,-0.196,-0.014
prev_day_high_dist,True,"distance to the previous day's high, in ATR, signed toward the trade",Q3,5386,0.416,0.432,-0.127,Q4,0.407,0.451,-0.194,0.009,2,0,-0.196,-0.21,-0.052
htf60_aligned,False,,True,13094,0.412,0.449,-0.141,False,0.404,0.456,-0.182,0.007,2,0,-0.265,-0.207,-0.018
range_ratio,False,,Q1,5392,0.404,0.453,-0.15,Q5,0.399,0.468,-0.174,0.005,2,0,-0.221,-0.318,-0.038
day_high_dist,True,distance to today's high so far,Q4,5391,0.408,0.458,-0.153,Q5,0.404,0.463,-0.172,0.004,2,0,-0.26,-0.229,-0.04
m15_structure_aligned,True,M15 structure agrees,True,7891,0.411,0.448,-0.137,False,0.407,0.454,-0.173,0.004,2,0,-0.259,-0.206,-0.017
dow,False,,3,5429,0.409,0.442,-0.139,1,0.406,0.457,-0.182,0.003,2,0,-0.243,-0.257,-0.016
ea_pass,False,,True,4068,0.409,0.433,-0.146,False,0.408,0.456,-0.165,0.001,2,0,-0.263,-0.182,-0.038
m15_structure_against,True,M15 structure against,False,19025,0.408,0.452,-0.159,True,0.407,0.453,-0.169,0.001,2,0,-0.259,-0.223,-0.056
m3_structure_aligned,True,M3 structure agrees with the signal,True,7169,0.408,0.446,-0.155,False,0.408,0.454,-0.165,-0.0,2,0,-0.253,-0.142,-0.074
ema15_aligned,False,,True,12094,0.407,0.446,-0.153,False,0.408,0.458,-0.17,-0.001,2,0,-0.291,-0.212,-0.018
reclaim,True,price beyond the last M15 pivot in the signal direction,True,22444,0.408,0.453,-0.161,False,0.409,0.447,-0.169,-0.001,2,0,-0.263,-0.234,-0.052
m3_structure,True,"M3 pivots: HH/HL, LH/LL or mixed",LH/LL,7959,0.407,0.454,-0.157,HH/HL,0.41,0.45,-0.167,-0.003,2,0,-0.257,-0.188,-0.063
m15_level_broken,True,M15 pivot level broken in the last 8 M15 bars,True,5251,0.406,0.433,-0.146,False,0.408,0.457,-0.166,-0.003,2,0,-0.291,-0.164,-0.023
adx,False,,Q5,5391,0.403,0.443,-0.152,Q4,0.406,0.453,-0.171,-0.004,2,0,-0.228,-0.208,-0.08
prev_outcome,False,,prev_win,9326,0.417,0.448,-0.148,prev_flat,0.0,0.0,-1.0,0.417,1,0,-0.255,-0.21,-0.075
retest_of_broken_level,True,broken M15 level AND price within 1 ATR of it (retest),False,26639,0.408,0.452,-0.161,True,0.386,0.439,-0.238,0.022,1,0,-0.252,-0.236,-0.063
