month,n,total_r,expectancy,win_rate
2021-09,34,-16.186990732969214,-0.47608796273438864,0.2647058823529412
2021-10,23,-17.85571512972214,-0.7763354404227016,0.30434782608695654
2021-11,29,-6.323753056435858,-0.21806045022192613,0.3448275862068966
2021-12,20,-9.73986531886788,-0.486993265943394,0.25
2022-01,21,-9.9565873706267,-0.47412320812508096,0.2857142857142857
2022-02,24,-10.574121485450004,-0.4405883952270835,0.2916666666666667
2022-03,29,-11.65619563062425,-0.40193778036635347,0.2413793103448276
2022-04,37,4.963561134327278,0.13415030092776425,0.5135135135135135
2022-05,24,-4.625453236841288,-0.19272721820172034,0.375
2022-06,27,-10.11343348845291,-0.37457161068344114,0.3333333333333333
2022-07,27,-8.837894385075254,-0.32732942166945383,0.3333333333333333
2022-08,41,-4.651022044931754,-0.11343956207150618,0.4146341463414634
2022-09,37,-0.9657711124566537,-0.02610192195828794,0.43243243243243246
2022-10,31,-19.20617708019651,-0.6195540993611778,0.1935483870967742
2022-11,35,-14.716214777782298,-0.4204632793652085,0.3142857142857143
2022-12,18,-10.363106487786318,-0.575728138210351,0.2777777777777778
2023-01,33,-6.6595497996875075,-0.20180453938446993,0.42424242424242425
2023-02,25,-3.0644172983911337,-0.12257669193564535,0.44
2023-03,34,-6.123497763059355,-0.18010287538409867,0.35294117647058826
2023-04,29,-14.567141346060446,-0.5023152188296706,0.20689655172413793
2023-05,39,-0.002470325920122418,-6.334169025954919e-05,0.41025641025641024
2023-06,28,-19.019175864380262,-0.6792562808707236,0.2857142857142857
2023-07,25,-11.502311325058605,-0.4600924530023442,0.32
2023-08,23,1.4360415132292215,0.06243658753170528,0.5652173913043478
2023-09,28,-7.531373750394412,-0.26897763394265756,0.35714285714285715
2023-10,26,-7.333030194009206,-0.2820396228465079,0.34615384615384615
2023-11,24,-12.036278873758617,-0.5015116197399424,0.25
2023-12,29,5.694296946264337,0.19635506711256334,0.5862068965517241
2024-01,27,-1.4866882591370767,-0.055062528116188024,0.4444444444444444
2024-02,23,-19.426076309180814,-0.8446120134426441,0.13043478260869565
2024-03,18,-5.665412011948494,-0.3147451117749163,0.3888888888888889
2024-04,30,-0.9310856846167991,-0.031036189487226636,0.4
2024-05,37,3.0570577316720953,0.08262318193708365,0.4594594594594595
2024-06,23,-1.6399217018243513,-0.07130094355758049,0.391304347826087
2024-08,21,-12.717145069364177,-0.6055783366363894,0.23809523809523808
2024-09,21,-9.259208363253913,-0.4409146839644721,0.23809523809523808
2024-10,28,11.328840120674457,0.40460143288123057,0.5357142857142857
2024-11,23,-3.240243577240416,-0.140880155532192,0.391304347826087
2024-12,36,2.154809886066981,0.059855830168527246,0.4444444444444444
2025-01,28,-4.767236219710286,-0.1702584364182245,0.32142857142857145
2025-02,30,-15.290960449087843,-0.5096986816362614,0.23333333333333334
2025-03,26,0.07957991931801228,0.003060766127615857,0.46153846153846156
2025-04,30,-12.78490468752802,-0.4261634895842673,0.23333333333333334
2025-05,36,-7.09500734595748,-0.19708353738770779,0.3888888888888889
2025-06,28,3.0074486167282917,0.10740887916886756,0.39285714285714285
2025-07,28,-7.545214898102381,-0.26947196064651363,0.35714285714285715
2025-08,25,-17.98510839116024,-0.7194043356464096,0.12
2025-09,36,-4.7156169416174585,-0.13098935948937385,0.4166666666666667
2025-10,26,11.15978463190328,0.42922248584243383,0.38461538461538464
2025-11,26,-3.974479200446576,-0.1528645846325606,0.34615384615384615
2025-12,15,4.442817102730942,0.2961878068487295,0.6
2026-01,23,8.177074453526828,0.3555249762402969,0.6086956521739131
2026-02,21,8.358454936289506,0.39802166363283364,0.38095238095238093
2026-03,31,-14.258851320878758,-0.45996294583479863,0.22580645161290322
2026-04,23,-8.343476681515844,-0.36275985571808017,0.391304347826087
2026-05,23,-3.2069111803431714,-0.13943092088448572,0.34782608695652173
2026-06,31,-10.439678206243606,-0.33676381310463244,0.2903225806451613
2026-07,29,-12.322615278253862,-0.4249177682156504,0.27586206896551724
2026-08,35,-1.9241866242865362,-0.05497676069390103,0.4
2026-09,24,1.5159050873724351,0.06316271197385147,0.5
