feature,title,category,n_all,wr_all,avgnet_all,n_DEV,wr_DEV,avgnet_DEV,n_VAL,wr_VAL,avgnet_VAL,n_OOS,wr_OOS,avgnet_OOS
side,Side,short,1004,0.2539840637450199,-0.11068118660729859,621,0.25120772946859904,-0.14616200217368858,194,0.26288659793814434,-0.030430824277929397,189,0.25396825396825395,-0.07647475181983551
side,Side,long,1045,0.2631578947368421,-0.06446582385726914,608,0.2598684210526316,-0.10951807036242366,216,0.33796296296296297,0.2670569923105346,221,0.19909502262443438,-0.26454348185324944
zone_kind,Rectangle type,HVN,1316,0.25151975683890576,-0.11990155211765051,783,0.24521072796934865,-0.17247435743747405,265,0.2943396226415094,0.09411704964712105,268,0.22761194029850745,-0.17792551817079447
zone_kind,Rectangle type,PDL,353,0.2577903682719547,-0.08510047525516543,213,0.25821596244131456,-0.11882833571857351,60,0.31666666666666665,0.19601303296548672,80,0.2125,-0.20613517793683042
zone_kind,Rectangle type,PDH,380,0.28421052631578947,0.024579508071914204,233,0.2875536480686695,0.012893850864309832,85,0.3176470588235294,0.1773991799381281,62,0.22580645161290322,-0.14101587869028526
session,Session,New York 16-21 UTC,694,0.2579250720461095,-0.09446389333117423,401,0.22693266832917705,-0.24775982214959308,166,0.3373493975903614,0.2854815493016513,127,0.25196850393700787,-0.10705661790489923
session,Session,Overlap 12-16 UTC,387,0.26098191214470284,-0.06158848689625813,259,0.2471042471042471,-0.13094613733344432,60,0.38333333333333336,0.4032062959670767,68,0.20588235294117646,-0.20753047966932972
session,Session,Asia 00-07 UTC,531,0.24858757062146894,-0.13157964666515135,300,0.24333333333333335,-0.1910561473718699,108,0.26851851851851855,-0.010576735613981644,123,0.24390243902439024,-0.09276146927906008
session,Session,London 07-12 UTC,259,0.277992277992278,-0.02373272103260533,187,0.31016042780748665,0.08368732686189674,33,0.24242424242424243,-0.12225690605900429,39,0.15384615384615385,-0.45543146078646995
session,Session,Close 21-24 UTC,178,0.25842696629213485,-0.07349687504071395,82,0.34146341463414637,0.21439588060391462,43,0.18604651162790697,-0.34011207364382295,53,0.18867924528301888,-0.3026054113223338
poc_type,POC interaction type,D multiple taps,251,0.22310756972111553,-0.22283050610902544,145,0.2206896551724138,-0.24040528576148956,67,0.23880597014925373,-0.08508416575608083,39,0.20512820512820512,-0.3941295254433838
poc_type,POC interaction type,E deep cross,1275,0.2580392156862745,-0.09454441974059277,770,0.261038961038961,-0.11765885247807564,244,0.29098360655737704,0.0834707302270293,261,0.21839080459770116,-0.1927727085690908
poc_type,POC interaction type,B reject-return,120,0.2833333333333333,0.008108738060768802,76,0.32894736842105265,0.16407080944122793,20,0.25,-0.09841102951822749,24,0.16666666666666666,-0.39700468166152164
poc_type,POC interaction type,A touch and go,187,0.25668449197860965,-0.10633050707835942,104,0.18269230769230768,-0.4420652033626029,44,0.4090909090909091,0.5384549411859992,39,0.28205128205128205,0.06151176702239802
poc_type,POC interaction type,other,181,0.27624309392265195,-0.007824535992784635,112,0.26785714285714285,-0.05901204401432084,30,0.3333333333333333,0.16227003015106295,39,0.2564102564102564,0.008333513086616012
poc_type,POC interaction type,C several bars inside,35,0.37142857142857144,0.5231683482600601,22,0.3181818181818182,0.37351096705006337,5,0.8,2.1045227266136233,8,0.25,-0.053620339883426404
prev_same_dir,Previous candle in the trade direction,True,1170,0.2675213675213675,-0.043268599909820016,715,0.27412587412587414,-0.04890869281170321,237,0.2869198312236287,0.07725470214286652,218,0.22477064220183487,-0.15579775661459175
prev_same_dir,Previous candle in the trade direction,False,879,0.24687144482366324,-0.14546807211613721,514,0.22957198443579765,-0.23810092367674393,173,0.3236994219653179,0.19347610416935151,192,0.22395833333333334,-0.20288503459133359
first_touch,First POC touch,False,1214,0.2644151565074135,-0.06266542426346228,741,0.2496626180836707,-0.14786210635726002,239,0.3054393305439331,0.15420212688470297,234,0.2692307692307692,-0.01437740414768167
first_touch,First POC touch,True,835,0.2502994011976048,-0.12265254159129443,488,0.26434426229508196,-0.09792575680222228,171,0.2982456140350877,0.08728901815036928,176,0.16477272727272727,-0.3951904830281792
tp_clear,No rectangle between entry and target,False,1203,0.26683291770573564,-0.04720118806031875,732,0.2581967213114754,-0.10453286384791403,240,0.3125,0.17495695328025018,231,0.24675324675324675,-0.09634044020411439
tp_clear,No rectangle between entry and target,True,846,0.2470449172576832,-0.14386249178251842,497,0.2515090543259557,-0.16264694928277887,170,0.28823529411764703,0.05759448024645369,179,0.19553072625698323,-0.2830346139461822
tp_beyond_pdhl,Target beyond the prior-day High/Low,False,1221,0.2416052416052416,-0.17401430382621896,734,0.23705722070844687,-0.22138290084644632,224,0.2767857142857143,0.0078115474299284005,263,0.22433460076045628,-0.19667757556967938
tp_beyond_pdhl,Target beyond the prior-day High/Low,True,828,0.28381642512077293,0.04103957450149673,495,0.2828282828282828,0.010386786042580677,186,0.3333333333333333,0.26898356884329677,147,0.22448979591836735,-0.14416078373259422
tap_closed_inside,Tap candle closed inside the rectangle,False,1430,0.25314685314685315,-0.11732554560558915,850,0.2447058823529412,-0.18057151810514618,269,0.30855018587360594,0.1365065913016839,311,0.2282958199356913,-0.16401933404106506
tap_closed_inside,Tap candle closed inside the rectangle,True,619,0.27140549273021003,-0.01731044760675532,379,0.2796833773087071,-0.010205276361055256,141,0.2907801418439716,0.1068117543901006,99,0.21212121212121213,-0.22129115855298798
