run,blocked,would_have_won,would_have_lost,loss_prevented,profit_sacrificed,net_benefit_blocked,new_trades,new_trades_pnl,common_trades,management_delta,total_delta
L1_spread_atr0.5,385,102,283,760.0,465.0,295.0,27,23.0,3014,0.0,317.0
L1_spread_atr0.35,897,263,634,2243.0,1504.0,739.0,19,-28.0,2502,0.0,711.0
L1_cost_reward0.10,493,113,380,933.0,467.0,466.0,16,-24.0,2906,0.0,441.0
L1_daily_loss2,436,203,232,2842.0,2668.0,174.0,9,6.0,2963,0.0,181.0
L1_streak_2half_3pause_4stop,965,352,613,4738.0,3673.0,1065.0,26,-26.0,2434,0.0,1039.0
L1_ALL,1342,478,863,5791.0,4603.0,1189.0,31,12.0,2057,0.0,1200.0
L2_confirm1,149,45,104,791.0,356.0,435.0,43,-123.0,3250,-335.0,-24.0
L2_confirm2,307,79,228,1898.0,747.0,1151.0,59,-105.0,3092,-436.0,610.0
L2_distance2atr,2081,818,1261,10645.0,8997.0,1648.0,89,-52.0,1318,0.0,1596.0
L2_attempts2_reset1atr,91,30,61,382.0,253.0,129.0,9,-11.0,3308,0.0,118.0
L2_ALL,2138,837,1299,10867.0,9122.0,1745.0,93,-210.0,1261,-395.0,1140.0
L3_large_candle,432,170,262,2265.0,1869.0,395.0,58,-42.0,2967,0.0,353.0
L3_vol_extreme1.5,1029,482,546,7077.0,6301.0,776.0,79,-80.0,2370,0.0,696.0
L3_chop_score4,212,77,135,838.0,745.0,93.0,13,-15.0,3187,0.0,79.0
L3_chop_score5,27,8,19,70.0,63.0,7.0,2,-6.0,3372,0.0,1.0
L3_ALL,1444,637,806,8776.0,7765.0,1011.0,102,-88.0,1955,0.0,923.0
L4_locks_1R_1.5R,1,0,1,5.0,0.0,5.0,74,-47.0,3398,669.0,626.0
L4_hybrid_stop,644,280,364,4061.0,3150.0,911.0,159,-77.0,2755,-227.0,607.0
L4_health_30m,2,2,0,-0.0,7.0,-7.0,306,-157.0,3397,-55.0,-219.0
L4_ALL,624,275,349,4011.0,3114.0,897.0,331,-124.0,2775,-651.0,122.0
STACK_1,1342,478,863,5791.0,4603.0,1189.0,31,12.0,2057,0.0,1200.0
STACK_12,2452,959,1491,11954.0,10017.0,1937.0,60,-109.0,947,-254.0,1574.0
STACK_123,2869,1155,1712,14697.0,12541.0,2155.0,34,13.0,530,96.0,2264.0
STACK_1234,2949,1187,1760,15141.0,12929.0,2212.0,31,89.0,450,-147.0,2153.0
RECOMMENDED,2632,1031,1599,13207.0,11033.0,2174.0,68,-92.0,767,97.0,2179.0
RISK_baseline,2497,1129,1366,15163.0,13325.0,1838.0,106,-74.0,902,258.0,2022.0
RISK_full,3274,1340,1932,16886.0,14382.0,2504.0,16,-9.0,125,186.0,2681.0
RISK_recommended,3239,1335,1902,16751.0,14329.0,2422.0,22,-6.0,160,193.0,2609.0
