experiment,variant,playbook,period,n,win_rate,expectancy,pf,total_r,max_dd_r,median_hold_h,max_loss_streak,r_gross_exp,param,value
stop_pingpong,pp_stop_atr=0.25,A_pingpong,DEV,867,0.3079584775086505,-1.8954687014545921,0.1922360385912474,-1643.3713641611314,-1647.5182986790892,0.6833333333333333,15,-1.8672773026003415,pp_stop_atr,0.25
stop_pingpong,pp_stop_atr=0.25,A_pingpong,VAL,406,0.3226600985221675,-0.1985300638202912,0.7241342256277532,-80.60320591103823,-91.69380993005095,0.7333333333333333,15,-0.17761748997255508,pp_stop_atr,0.25
stop_pingpong,pp_stop_atr=0.25,A_pingpong,OOS,535,0.30280373831775703,-0.19159772795789717,0.7433151821732129,-102.50478445747498,-116.86262964031273,0.6333333333333333,19,-0.1816069275290311,pp_stop_atr,0.25
stop_pingpong,pp_stop_atr=0.25,A_pingpong,ALL,1808,0.30973451327433627,-1.0102208819301133,0.3299766338311484,-1826.4793545296448,-1830.4909291283325,0.6666666666666666,19,-0.9890496839111641,pp_stop_atr,0.25
stop_pingpong,pp_stop_atr=0.5,A_pingpong,DEV,800,0.3525,-0.2893970603563973,0.5880931186967366,-231.51764828511784,-238.82375765598434,0.9,10,-0.2617370857013504,pp_stop_atr,0.5
stop_pingpong,pp_stop_atr=0.5,A_pingpong,VAL,371,0.3719676549865229,-0.15580509430628736,0.7602084677604093,-57.803689987632616,-64.65126376887062,1.0,14,-0.13830805109302025,pp_stop_atr,0.5
stop_pingpong,pp_stop_atr=0.5,A_pingpong,OOS,490,0.36122448979591837,-0.1386419712811891,0.7959445461440061,-67.93456592778266,-71.57105476142384,0.9,18,-0.13067287167632544,pp_stop_atr,0.5
stop_pingpong,pp_stop_atr=0.5,A_pingpong,ALL,1661,0.35942203491872365,-0.21508483094553468,0.6855261412759012,-357.2559042005331,-361.48396396603795,0.9333333333333333,18,-0.19550371019746554,pp_stop_atr,0.5
stop_pingpong,pp_stop_atr=1.0,A_pingpong,DEV,732,0.43169398907103823,-0.2193487910223982,0.6311938192302383,-160.5633150283955,-168.4590798612358,1.4333333333333333,8,-0.19322380757202084,pp_stop_atr,1.0
stop_pingpong,pp_stop_atr=1.0,A_pingpong,VAL,342,0.45321637426900585,-0.1591653918132697,0.7274395590620063,-54.43456400013824,-57.344853253256424,1.5166666666666666,12,-0.14267296099450053,pp_stop_atr,1.0
stop_pingpong,pp_stop_atr=1.0,A_pingpong,OOS,449,0.42761692650334077,-0.15699408021510522,0.7398607587475764,-70.49034201658225,-71.20739854759972,1.3833333333333333,10,-0.14937168831218908,pp_stop_atr,1.0
stop_pingpong,pp_stop_atr=1.0,A_pingpong,ALL,1523,0.43532501641497046,-0.1874512285260118,0.6849078519150855,-285.48822104511595,-290.30013638140497,1.45,12,-0.16894410233421622,pp_stop_atr,1.0
stop_pingpong,pp_stop_atr=1.5,A_pingpong,DEV,705,0.4978723404255319,-0.17671812964795405,0.6577242916662063,-124.58628140180761,-130.1089281515576,2.0,7,-0.154560931389757,pp_stop_atr,1.5
stop_pingpong,pp_stop_atr=1.5,A_pingpong,VAL,336,0.5386904761904762,-0.07055697133685204,0.8481327885151697,-23.707142369182286,-25.371092717346517,1.9916666666666667,6,-0.05878293843377293,pp_stop_atr,1.5
stop_pingpong,pp_stop_atr=1.5,A_pingpong,OOS,434,0.5092165898617511,-0.08216781384057334,0.8391546469253438,-35.66083120680883,-36.23413691908546,2.05,9,-0.07459355067416598,pp_stop_atr,1.5
stop_pingpong,pp_stop_atr=1.5,A_pingpong,ALL,1475,0.5105084745762711,-0.12471474913749067,0.7520187644889985,-183.95425497779874,-189.1300894283724,2.033333333333333,9,-0.10921364402448433,pp_stop_atr,1.5
stop_pingpong,pp_stop_atr=2.0,A_pingpong,DEV,693,0.5598845598845599,-0.13048560634426587,0.7045538645449435,-90.42652519657625,-96.32767633982391,2.4833333333333334,7,-0.10996348680200756,pp_stop_atr,2.0
stop_pingpong,pp_stop_atr=2.0,A_pingpong,VAL,329,0.6048632218844985,-0.023101975669667586,0.9413655607756581,-7.600549995320636,-17.18598971491813,2.3333333333333335,4,-0.012850807753549642,pp_stop_atr,2.0
stop_pingpong,pp_stop_atr=2.0,A_pingpong,OOS,429,0.5617715617715617,-0.07839849810200417,0.8272581520485569,-33.63295568575979,-35.95908522896759,2.45,6,-0.07229930443238852,pp_stop_atr,2.0
stop_pingpong,pp_stop_atr=2.0,A_pingpong,ALL,1451,0.5706409372846313,-0.09073744374752353,0.791146586143811,-131.66003087765665,-139.05909053039005,2.433333333333333,7,-0.07680841744052637,pp_stop_atr,2.0
