experiment,variant,playbook,period,n,win_rate,expectancy,pf,total_r,max_dd_r,median_hold_h,max_loss_streak,r_gross_exp
volatility_filter,no_filter,A_pingpong,DEV,800,0.3525,-0.2893970603563973,0.5880931186967366,-231.51764828511784,-238.82375765598434,0.9,10,-0.2617370857013504
volatility_filter,no_filter,A_pingpong,VAL,371,0.3719676549865229,-0.15580509430628736,0.7602084677604093,-57.803689987632616,-64.65126376887062,1.0,14,-0.13830805109302025
volatility_filter,no_filter,A_pingpong,OOS,490,0.36122448979591837,-0.1386419712811891,0.7959445461440061,-67.93456592778266,-71.57105476142384,0.9,18,-0.13067287167632544
volatility_filter,no_filter,A_pingpong,ALL,1661,0.35942203491872365,-0.21508483094553468,0.6855261412759012,-357.2559042005331,-361.48396396603795,0.9333333333333333,18,-0.19550371019746554
volatility_filter,no_filter,B1_pullback,DEV,455,0.2813186813186813,-0.1929696236258941,0.7557059605160055,-87.80117874978181,-102.71819415847271,1.05,21,-0.1783892427157223
volatility_filter,no_filter,B1_pullback,VAL,212,0.25,-0.30755831965303326,0.6188004383151364,-65.20236376644306,-71.69744612159946,1.2166666666666666,14,-0.2888210503694654
volatility_filter,no_filter,B1_pullback,OOS,278,0.2733812949640288,-0.27759420546316477,0.6390999045035729,-77.17118911875981,-84.6358547051465,0.9916666666666667,11,-0.2717382122122143
volatility_filter,no_filter,B1_pullback,ALL,945,0.27195767195767195,-0.2435711445872854,0.6907429061560911,-230.1747316349847,-251.15831873099998,1.0333333333333334,21,-0.2306247524962708
volatility_filter,atr_pct<0.9,A_pingpong,DEV,722,0.3476454293628809,-0.3049860544156165,0.570802063723392,-220.1999312880751,-226.48442054274165,0.925,13,-0.27501990788836217
volatility_filter,atr_pct<0.9,A_pingpong,VAL,323,0.38699690402476783,-0.14510390810495646,0.773691769164736,-46.86856231790094,-47.474920616843576,0.9166666666666666,14,-0.12591318565867549
volatility_filter,atr_pct<0.9,A_pingpong,OOS,420,0.3619047619047619,-0.18983739235865582,0.7232366827173731,-79.73170479063545,-85.93157694666911,0.8916666666666666,18,-0.18056954375423206
volatility_filter,atr_pct<0.9,A_pingpong,ALL,1465,0.3604095563139932,-0.23672368491236276,0.6560329366365734,-346.80019839661145,-353.0000705526447,0.9,18,-0.21506726337196388
volatility_filter,atr_pct<0.9,B1_pullback,DEV,412,0.2645631067961165,-0.24101420450319935,0.7030644865654598,-99.29785225531813,-106.68001158446044,1.05,20,-0.22455563774307405
volatility_filter,atr_pct<0.9,B1_pullback,VAL,191,0.23036649214659685,-0.33809710633348594,0.5944198843658088,-64.57654730969581,-70.66161163229155,1.1,13,-0.3158610504807629
volatility_filter,atr_pct<0.9,B1_pullback,OOS,239,0.27615062761506276,-0.2660648925698396,0.6496502743328585,-63.589509324191674,-67.0860290735792,0.9,11,-0.26106642286431464
volatility_filter,atr_pct<0.9,B1_pullback,ALL,842,0.26009501187648454,-0.27014716020095675,0.6630822994371421,-227.46390888920558,-236.79677836879569,1.0083333333333333,20,-0.255630948285681
volatility_filter,atr_pct<0.8,A_pingpong,DEV,634,0.34858044164037855,-0.3031206270410221,0.5747915893344072,-192.17847754400802,-194.21731052440202,0.9833333333333333,17,-0.2714648975182463
volatility_filter,atr_pct<0.8,A_pingpong,VAL,288,0.3819444444444444,-0.18159828552291885,0.7217564576444565,-52.300306230600626,-52.30030623060065,0.9,14,-0.1610038001416293
volatility_filter,atr_pct<0.8,A_pingpong,OOS,362,0.3701657458563536,-0.18082863357031262,0.7353644634464941,-65.45996535245317,-74.38653918287959,0.8916666666666666,12,-0.16856150201833234
volatility_filter,atr_pct<0.8,A_pingpong,ALL,1284,0.3621495327102804,-0.24138531863478332,0.650689755734187,-309.9387491270618,-318.1265016269204,0.9416666666666667,17,-0.2176768716495278
volatility_filter,atr_pct<0.8,B1_pullback,DEV,357,0.25770308123249297,-0.2513990999461733,0.6930930235531104,-89.74947868078387,-96.18210753037528,1.0333333333333334,19,-0.24269820042101337
volatility_filter,atr_pct<0.8,B1_pullback,VAL,162,0.2222222222222222,-0.3861841917388816,0.5419651904288275,-62.56183906169882,-68.64690338429457,0.95,12,-0.369484997417282
volatility_filter,atr_pct<0.8,B1_pullback,OOS,203,0.29064039408866993,-0.19989551727178917,0.7236593624676307,-40.5787900061732,-53.800459319630775,0.8333333333333334,10,-0.1951497026167166
volatility_filter,atr_pct<0.8,B1_pullback,ALL,722,0.2590027700831025,-0.26716081405631015,0.6650417167017717,-192.8901077486559,-203.29312200895805,0.9416666666666667,19,-0.25777730853614256
volatility_filter,atr_pct>0.2,A_pingpong,DEV,681,0.34508076358296624,-0.29257628628344484,0.5892567161335649,-199.24445095902593,-205.95898939802802,0.9833333333333333,12,-0.2602045914266428
volatility_filter,atr_pct>0.2,A_pingpong,VAL,332,0.37349397590361444,-0.13176413980458962,0.7962701121921195,-43.74569441512375,-50.593268196361734,1.0583333333333333,11,-0.11186439350557013
volatility_filter,atr_pct>0.2,A_pingpong,OOS,417,0.3764988009592326,-0.09724871530748777,0.8503172057390215,-40.5527142832224,-46.27241581766223,0.9,18,-0.0905616188621028
volatility_filter,atr_pct>0.2,A_pingpong,ALL,1430,0.36083916083916084,-0.19828172004012032,0.7079079022643451,-283.54285965737205,-289.2625611918116,0.9833333333333333,18,-0.17629545487474818
volatility_filter,atr_pct>0.2,B1_pullback,DEV,369,0.2899728997289973,-0.22050020190686748,0.7189325067778504,-81.3645745036341,-85.37653789325326,1.0333333333333334,17,-0.19976976420453124
volatility_filter,atr_pct>0.2,B1_pullback,VAL,182,0.27472527472527475,-0.23253514867328698,0.7033041056266699,-42.32139705853823,-48.8164794136946,1.2583333333333333,11,-0.21036686025456303
volatility_filter,atr_pct>0.2,B1_pullback,OOS,229,0.2925764192139738,-0.22417586357233596,0.7029084430113616,-51.336272758064936,-60.14044579731327,1.0,11,-0.2177707042395159
volatility_filter,atr_pct>0.2,B1_pullback,ALL,780,0.28717948717948716,-0.22438749271825295,0.7106700148665384,-175.0222443202373,-186.4402868500425,1.05,17,-0.20752731131878416
volatility_filter,0.2<atr_pct<0.8,A_pingpong,DEV,517,0.34235976789168276,-0.30553268786595933,0.5779196727169718,-157.96039962670096,-159.9992326070951,1.05,17,-0.2663850445500068
volatility_filter,0.2<atr_pct<0.8,A_pingpong,VAL,247,0.38866396761133604,-0.13890177268247125,0.7824405955218571,-34.3087378525704,-34.308737852570424,0.95,13,-0.11442191628990545
volatility_filter,0.2<atr_pct<0.8,A_pingpong,OOS,289,0.3944636678200692,-0.1317581789200447,0.794573454115284,-38.07811370789292,-48.75183558769135,0.8833333333333333,12,-0.12025519610634501
volatility_filter,0.2<atr_pct<0.8,A_pingpong,ALL,1053,0.36752136752136755,-0.21875332496406866,0.6788699037764744,-230.3472511871643,-240.61821638782178,0.9833333333333333,17,-0.19063345966827527
volatility_filter,0.2<atr_pct<0.8,B1_pullback,DEV,278,0.26618705035971224,-0.27790314059502114,0.6586163990641329,-77.25707308541588,-80.95197388882252,1.0166666666666666,15,-0.26503266398095965
volatility_filter,0.2<atr_pct<0.8,B1_pullback,VAL,132,0.25,-0.3006126693469242,0.6332115871487847,-39.680872353793994,-45.76593667638972,1.0166666666666666,11,-0.2796460262848749
volatility_filter,0.2<atr_pct<0.8,B1_pullback,OOS,154,0.3246753246753247,-0.09573943925635278,0.8606567182375325,-14.74387364547833,-32.15948287364648,0.825,9,-0.09053024614965613
volatility_filter,0.2<atr_pct<0.8,B1_pullback,ALL,564,0.2783687943262411,-0.23347840263242586,0.7009271290008116,-131.6818190846882,-140.6866127516672,0.95,15,-0.22080498929673284
