week,poc,val,vah,whigh,wlow,total,bins,bw,hours
2021-08-30,1813.21,1808.485,1817.035,1833.908,1804.885,78.520853,65,0.45,66.98333333333333
2021-09-06,1797.664,1787.3139999999999,1801.5739999999998,1830.098,1782.254,151.29781400000002,105,0.46,111.0
2021-09-13,1793.143,1769.518,1808.6680000000001,1808.558,1745.218,189.42571700000002,141,0.45,115.0
2021-09-20,1752.068,1743.928,1773.4080000000001,1787.188,1737.768,191.201202,113,0.44,115.0
2021-09-27,1753.008,1736.948,1763.788,1764.178,1721.548,248.60704400000003,97,0.44,115.0
2021-10-04,1759.19,1752.81,1764.69,1781.228,1745.77,224.928725,81,0.44,115.0
2021-10-11,1755.128,1751.388,1787.908,1800.458,1750.068,208.70433,115,0.44,114.96666666666667
2021-10-18,1782.404,1766.344,1787.904,1813.748,1760.184,232.46040299999999,122,0.44,114.95
2021-10-25,1801.773,1791.648,1807.398,1810.344,1771.848,218.62278400000002,86,0.45,114.98333333333333
2021-11-01,1792.619,1779.794,1800.044,1818.128,1758.644,184.473495,133,0.45,115.0
2021-11-08,1824.688,1812.313,1855.5130000000001,1868.568,1812.313,203.78311000000002,126,0.45,115.0
2021-11-15,1862.8439999999998,1856.9689999999998,1866.839,1877.118,1842.869,216.24084499999998,73,0.47,115.0
2021-11-22,1792.888,1781.618,1807.838,1848.984,1778.398,182.35028,154,0.46,107.41666666666667
2021-11-29,1770.5900000000001,1767.665,1788.815,1808.618,1761.815,231.279812,105,0.45,115.0
2021-12-06,1784.143,1778.518,1786.1680000000001,1792.998,1769.968,193.826779,52,0.45,115.0
2021-12-13,1786.4530000000002,1765.528,1791.178,1814.148,1752.928,187.28007300000002,137,0.45,114.95
2021-12-20,1790.913,1787.088,1801.9379999999999,1810.629,1784.838,136.166148,58,0.45,91.98333333333333
2021-12-27,1806.223,1800.598,1818.148,1830.248,1789.348,124.63226599999999,91,0.45,114.96666666666667
2022-01-03,1791.0049999999999,1787.0949999999998,1813.3149999999998,1831.624,1782.495,207.558524,107,0.46,115.0
2022-01-10,1821.06,1806.435,1828.485,1829.048,1790.235,200.11655000000002,87,0.45,115.0
2022-01-17,1840.533,1816.908,1847.058,1847.804,1805.658,222.315499,94,0.45,110.98333333333333
2022-01-24,1838.348,1808.6779999999999,1853.298,1853.748,1780.158,287.263906,160,0.46,115.0
2022-01-31,1803.2330000000002,1797.6080000000002,1809.758,1814.798,1785.458,235.554999,66,0.45,115.0
2022-02-07,1827.153,1815.228,1837.278,1865.378,1806.678,308.170215,131,0.45,115.0
2022-02-14,1854.503,1844.398,1888.578,1902.358,1844.398,315.858997,124,0.47,114.98333333333333
2022-02-21,1896.4180000000001,1885.6180000000002,1913.938,1974.398,1877.938,369.759969,201,0.48,112.48333333333333
2022-02-28,1928.448,1910.928,1947.888,1970.648,1890.768,431.576493,167,0.48,115.0
2022-03-07,1987.188,1971.938,2011.438,2070.358,1958.438,352.62617,224,0.5,115.0
2022-03-14,1933.698,1911.448,1944.948,1990.308,1894.948,208.81893399999998,191,0.5,115.0
2022-03-21,1925.628,1917.708,1953.708,1966.083,1910.508,191.61154900000002,116,0.48,115.0
2022-03-28,1923.563,1919.3980000000001,1939.488,1959.053,1889.998,256.174034,141,0.49,114.98333333333333
2022-04-04,1931.118,1921.278,1933.278,1948.088,1915.038,234.80542999999997,69,0.48,114.98333333333333
2022-04-11,1975.4070000000002,1956.5420000000001,1981.5320000000002,1981.482,1939.882,194.26367399999998,85,0.49,91.98333333333333
2022-04-18,1952.183,1930.3780000000002,1964.188,1998.268,1926.458,266.181772,147,0.49,114.98333333333333
2022-04-25,1902.8980000000001,1886.3380000000002,1912.738,1934.328,1871.938,286.60619,130,0.48,115.0
2022-05-02,1867.933,1858.298,1886.028,1909.633,1850.308,265.018049,127,0.47,115.0
2022-05-09,1852.7830000000001,1834.688,1866.178,1885.558,1798.968,273.756302,185,0.47,115.0
2022-05-16,1815.663,1802.838,1833.888,1849.304,1786.638,240.70035199999998,140,0.45,115.0
2022-05-23,1853.448,1846.778,1860.118,1869.573,1840.798,168.789536,63,0.46,114.96666666666667
2022-05-30,1848.828,1841.238,1865.618,1873.963,1828.358,146.27764000000002,100,0.46,112.48333333333333
2022-06-06,1849.558,1841.968,1854.3880000000001,1875.868,1824.948,167.540342,111,0.46,115.0
2022-06-13,1820.7079999999999,1809.193,1841.623,1878.763,1804.963,264.21629900000005,158,0.47,115.0
2022-06-20,1837.828,1827.4779999999998,1843.578,1847.778,1816.898,197.409374,68,0.46,112.48333333333333
2022-06-27,1816.367,1808.777,1839.597,1840.948,1784.397,208.388931,123,0.46,115.0
2022-07-04,1742.253,1732.128,1770.378,1814.198,1732.128,211.979721,183,0.45,112.48333333333333
2022-07-11,1734.6180000000002,1711.518,1744.518,1745.284,1697.438,248.86271,109,0.44,115.0
2022-07-18,1711.493,1702.678,1720.308,1739.253,1680.748,200.82606600000003,137,0.43,114.96666666666667
2022-07-25,1718.8400000000001,1713.4650000000001,1747.435,1767.784,1711.315,197.267278,132,0.43,115.0
2022-08-01,1773.3380000000002,1760.798,1780.5980000000002,1794.898,1754.198,198.543772,93,0.44,114.98333333333333
2022-08-08,1787.505,1785.525,1797.405,1807.768,1770.565,175.569844,85,0.44,114.96666666666667
2022-08-15,1775.813,1759.3880000000001,1784.1380000000001,1802.308,1745.438,182.299926,127,0.45,115.0
2022-08-22,1736.2479999999998,1732.5079999999998,1752.308,1765.368,1727.668,188.70452,86,0.44,114.96666666666667
2022-08-29,1723.713,1708.0179999999998,1741.128,1745.418,1688.668,201.733756,132,0.43,114.98333333333333
2022-09-05,1711.643,1702.828,1720.458,1729.344,1691.218,204.340325,89,0.43,112.48333333333333
2022-09-12,1704.573,1681.138,1730.588,1735.035,1654.048,249.37715599999999,189,0.43,115.0
2022-09-19,1672.167,1661.037,1675.7369999999999,1687.948,1639.617,261.530572,116,0.42,115.0
2022-09-26,1630.4950000000001,1621.27,1656.94,1675.265,1614.71,310.27450799999997,148,0.41,115.0
2022-10-03,1711.885,1697.395,1723.015,1729.435,1659.595,241.304439,167,0.42,115.0
2022-10-10,1669.705,1661.935,1681.675,1699.714,1640.095,252.466785,142,0.42,114.91666666666667
2022-10-17,1651.712,1630.187,1657.657,1668.268,1617.067,381.35242900000003,125,0.41,114.85
2022-10-24,1648.608,1645.878,1664.778,1674.678,1637.898,400.211255,88,0.42,114.96666666666667
2022-10-31,1637.592,1628.3670000000002,1657.477,1681.718,1616.477,359.672467,160,0.41,114.88333333333333
2022-11-07,1711.387,1664.557,1745.1970000000001,1772.448,1664.557,376.65221,257,0.42,114.96666666666667
2022-11-14,1762.937,1754.797,1775.477,1786.367,1747.317,382.634579,89,0.44,114.93333333333334
2022-11-21,1742.437,1735.177,1751.4569999999999,1760.958,1728.137,246.868823,75,0.44,109.14999999999999
2022-11-28,1751.4479999999999,1739.348,1785.108,1804.298,1739.348,338.448465,148,0.44,114.95
2022-12-05,1771.625,1766.9,1792.55,1809.758,1766.0,311.89814499999994,98,0.45,114.91666666666667
2022-12-12,1787.783,1774.058,1803.308,1824.358,1773.608,191.325024,113,0.45,114.98333333333333
2022-12-19,1817.76,1794.135,1822.4850000000001,1823.685,1783.785,155.770201,89,0.45,114.98333333333333
2022-12-26,1817.83,1806.805,1822.555,1833.215,1796.905,143.71683000000002,81,0.45,91.9
2023-01-02,1838.6970000000001,1832.027,1857.327,1869.765,1823.287,166.10523,102,0.46,91.96666666666667
2023-01-09,1876.932,1868.237,1893.1470000000002,1921.798,1864.477,167.89585499999998,122,0.47,115.0
2023-01-16,1909.695,1902.735,1923.375,1937.435,1896.495,167.26846899999998,86,0.48,110.96666666666667
2023-01-23,1930.208,1923.248,1937.1680000000001,1949.085,1911.248,160.85837800000002,79,0.48,114.96666666666667
2023-01-30,1925.815,1900.615,1943.335,1959.625,1861.255,164.462725,205,0.48,115.0
2023-02-06,1873.973,1865.278,1880.788,1890.098,1852.588,151.35674,80,0.47,114.98333333333333
2023-02-13,1835.96,1822.565,1856.875,1870.467,1818.805,146.23719,110,0.47,114.98333333333333
2023-02-20,1836.235,1824.965,1846.585,1847.405,1808.865,133.33864,84,0.46,112.45
2023-02-27,1836.769,1818.544,1850.4940000000001,1856.768,1804.594,139.482726,116,0.45,114.91666666666667
2023-03-06,1814.538,1809.708,1851.568,1870.065,1809.248,148.73343500000001,133,0.46,114.96666666666667
2023-03-13,1919.503,1896.708,1932.898,1988.998,1871.328,255.347385,251,0.47,115.0
2023-03-20,1977.925,1963.675,1999.175,2009.695,1934.175,209.898028,152,0.5,114.96666666666667
2023-03-27,1967.66,1960.555,1981.625,1987.485,1943.895,159.10944999999998,89,0.49,115.0
2023-04-03,2020.4,1983.895,2032.405,2031.968,1949.595,132.465858,169,0.49,91.98333333333333
2023-04-10,2000.795,1990.545,2029.045,2048.538,1981.545,140.87972100000002,134,0.5,114.86666666666666
2023-04-17,2003.905,1989.655,2010.155,2014.885,1969.155,131.752835,92,0.5,114.95
2023-04-24,1983.615,1977.365,1995.865,2009.204,1973.865,166.361578,71,0.5,115.0
2023-05-01,2016.175,1976.925,2034.425,2079.778,1976.925,221.746447,206,0.5,115.0
2023-05-08,2024.075,2018.825,2038.325,2048.114,2000.825,470.49908300000004,95,0.5,115.0
2023-05-15,2016.135,1982.885,2021.385,2022.114,1951.885,344.180607,141,0.5,115.0
2023-05-22,1974.6299999999999,1952.825,1982.715,1985.194,1936.655,151.45679,100,0.49,114.93333333333334
2023-05-29,1964.0,1953.955,1979.925,1983.315,1931.905,129.620958,105,0.49,112.45
2023-06-05,1963.77,1955.6850000000002,1968.915,1972.928,1938.045,114.42682500000001,72,0.49,114.96666666666667
2023-06-12,1957.973,1948.908,1966.058,1970.724,1924.898,137.15628,94,0.49,115.0
2023-06-19,1934.3200000000002,1911.535,1938.4850000000001,1958.685,1910.065,110.560899,100,0.49,112.36666666666666
2023-06-26,1909.475,1902.5149999999999,1924.115,1933.245,1892.915,120.953215,85,0.48,114.91666666666667
2023-07-03,1926.265,1916.4250000000002,1929.3850000000002,1934.905,1902.505,128.482595,68,0.48,112.14999999999999
2023-07-10,1959.865,1931.785,1963.945,1963.585,1912.585,109.919059,107,0.48,114.91666666666667
2023-07-17,1977.733,1960.828,1982.878,1987.385,1945.638,108.112402,86,0.49,114.91666666666667
2023-07-24,1962.3700000000001,1950.365,1971.4350000000002,1982.085,1942.525,122.6263,81,0.49,115.0
2023-07-31,1935.923,1930.778,1953.808,1972.295,1924.898,96.029287,97,0.49,115.0
2023-08-07,1916.329,1913.144,1932.254,1946.605,1910.694,79.03656000000001,74,0.49,114.81666666666666
2023-08-14,1903.885,1892.125,1907.965,1916.135,1884.925,88.41426,66,0.48,114.93333333333334
2023-08-21,1916.95,1896.035,1921.8850000000002,1923.225,1884.755,78.459755,82,0.47,114.46666666666667
2023-08-28,1944.595,1933.7949999999998,1950.595,1952.905,1912.675,98.83708,84,0.48,114.66666666666667
2023-09-04,1919.34,1916.155,1928.405,1946.185,1915.175,79.064629,64,0.49,112.26666666666667
2023-09-11,1909.778,1904.7379999999998,1922.4979999999998,1930.558,1900.898,89.450365,62,0.48,114.61666666666666
2023-09-18,1926.528,1922.448,1936.368,1947.315,1913.808,68.87259,70,0.48,114.85
2023-09-25,1915.5649999999998,1869.245,1918.685,1927.115,1846.205,85.115165,169,0.48,114.91666666666667
2023-10-02,1823.398,1817.648,1830.068,1848.835,1810.288,95.48156700000001,84,0.46,114.91666666666667
2023-10-09,1873.805,1849.655,1885.075,1932.875,1844.135,104.25581,193,0.46,114.91666666666667
2023-10-16,1924.165,1908.085,1958.005,1997.135,1908.085,121.023499,186,0.48,114.96666666666667
2023-10-23,1976.679,1971.534,1986.724,2009.395,1953.404,112.000122,115,0.49,114.93333333333334
2023-10-30,1996.065,1984.815,2003.315,2007.734,1969.815,118.33415,76,0.5,114.98333333333333
2023-11-06,1968.115,1944.865,1969.365,1992.955,1932.865,89.21888200000001,121,0.5,114.98333333333333
2023-11-13,1962.9550000000002,1934.875,1975.6750000000002,1993.335,1931.515,95.89204999999998,129,0.48,114.91666666666667
2023-11-20,1993.53,1988.385,2003.575,2007.475,1965.355,94.74193,86,0.49,107.21666666666667
2023-11-27,2041.648,2016.398,2062.898,2075.265,2000.398,117.648665,150,0.5,114.96666666666667
2023-12-04,2029.655,2008.595,2038.2350000000001,2145.135,1994.555,159.29434,290,0.52,114.98333333333333
2023-12-11,2035.685,1987.435,2047.935,2047.775,1972.935,136.000677,150,0.5,115.0
2023-12-18,2041.64,2016.905,2050.055,2070.525,2015.885,147.084546,108,0.51,114.96666666666667
2023-12-25,2064.88,2060.545,2077.375,2088.355,2052.895,104.271458,70,0.51,91.95
2024-01-01,2044.275,2030.4950000000001,2062.215,2078.825,2024.255,110.97225900000001,105,0.52,92.0
2024-01-08,2033.8799999999999,2022.405,2037.195,2062.145,2013.225,151.937353,96,0.51,115.0
2024-01-15,2027.5100000000002,2009.9150000000002,2044.085,2058.505,2001.755,137.355347,112,0.51,112.46666666666667
2024-01-22,2022.97,2014.5549999999998,2027.3049999999998,2037.808,2009.455,128.34042999999997,56,0.51,115.0
2024-01-29,2037.81,2027.355,2050.305,2065.348,2019.195,148.755451,91,0.51,115.0
2024-02-05,2034.98,2024.525,2037.275,2044.465,2014.835,111.459462,59,0.51,114.95
2024-02-12,1992.503,1986.128,2013.158,2032.845,1984.088,99.346005,96,0.51,114.96666666666667
2024-02-19,2027.185,2019.935,2030.435,2041.285,2009.935,99.35183,63,0.5,112.26666666666667
2024-02-26,2033.28,2024.865,2046.795,2088.215,2024.355,116.043949,126,0.51,114.95
2024-03-04,2156.528,2121.948,2174.468,2195.085,2079.308,203.68528,223,0.52,114.96666666666667
2024-03-11,2159.5299999999997,2157.055,2176.305,2188.925,2150.455,166.30766599999998,70,0.55,114.95
2024-03-18,2157.5950000000003,2150.8450000000003,2179.465,2222.875,2145.985,163.255717,143,0.54,114.93333333333334
2024-03-25,2177.225,2163.995,2194.775,2236.015,2163.455,123.85297000000001,135,0.54,91.96666666666667
2024-04-01,2293.075,2258.075,2303.435,2330.345,2228.395,236.49248,183,0.56,115.0
2024-04-08,2337.8450000000003,2325.955,2359.0150000000003,2431.385,2302.755,311.414647,222,0.58,114.98333333333333
2024-04-15,2382.563,2369.288,2394.6580000000004,2417.745,2323.858,349.18965,160,0.59,115.0
2024-04-22,2321.565,2312.865,2343.4649999999997,2388.425,2291.265,315.43620999999996,162,0.6,115.0
2024-04-29,2301.235,2284.705,2318.925,2346.585,2277.165,255.91153300000002,120,0.58,115.0
2024-05-06,2313.975,2306.725,2335.145,2378.365,2291.645,234.44435,150,0.58,114.98333333333333
2024-05-13,2343.4900000000002,2333.755,2382.725,2422.575,2331.985,258.515697,154,0.59,114.96666666666667
2024-05-20,2416.165,2365.4649999999997,2450.065,2449.985,2325.265,318.440985,208,0.6,114.95
2024-05-27,2343.305,2331.415,2354.035,2363.975,2320.395,238.770751,76,0.58,112.48333333333333
2024-06-03,2326.938,2316.208,2357.388,2387.595,2286.628,310.03288,175,0.58,115.0
2024-06-10,2313.6,2296.215,2324.145,2341.495,2287.665,289.931835,95,0.57,115.0
2024-06-17,2329.375,2312.8450000000003,2342.425,2368.558,2306.465,218.562009,108,0.58,112.46666666666667
2024-06-24,2326.234,2315.504,2333.484,2339.635,2293.464,261.90464499999996,80,0.58,114.98333333333333
2024-07-29,2445.739,2433.2340000000004,2461.904,2477.494,2410.664,168.23307999999997,110,0.61,44.0
2024-08-05,2394.3590000000004,2381.8540000000003,2422.724,2458.655,2364.164,435.44622200000003,155,0.61,115.0
2024-08-12,2455.11,2446.2650000000003,2474.935,2509.638,2423.695,284.797361,141,0.61,115.0
2024-08-19,2503.15,2496.535,2518.585,2531.558,2470.705,292.26829799999996,97,0.63,115.0
2024-08-26,2515.8799999999997,2505.4849999999997,2521.2349999999997,2528.888,2493.515,286.39701,57,0.63,115.0
2024-09-02,2494.7129999999997,2485.578,2513.928,2529.125,2471.718,246.359283,92,0.63,112.45
2024-09-09,2513.6150000000002,2486.025,2549.885,2585.965,2485.405,322.08563200000003,163,0.62,114.98333333333333
2024-09-16,2581.525,2563.285,2593.365,2625.574,2546.645,336.871693,124,0.64,115.0
2024-09-23,2627.875,2614.345,2663.845,2685.405,2613.685,388.705177,109,0.66,114.98333333333333
2024-09-30,2649.288,2643.678,2664.138,2672.908,2624.538,287.031789,74,0.66,115.0
2024-10-07,2642.984,2617.574,2660.4739999999997,2661.258,2601.734,296.271515,91,0.66,113.89999999999999
2024-10-14,2649.505,2643.895,2690.755,2722.405,2637.955,278.441427,128,0.66,114.96666666666667
2024-10-21,2734.815,2720.875,2740.5950000000003,2758.338,2708.635,332.830295,74,0.68,114.98333333333333
2024-10-28,2742.565,2725.905,2772.8250000000003,2790.005,2724.545,358.112936,97,0.68,115.0
2024-11-04,2737.994,2685.974,2749.214,2749.875,2643.134,394.154488,157,0.68,115.0
2024-11-11,2567.1490000000003,2540.014,2610.364,2686.025,2536.664,418.673585,223,0.67,115.0
2024-11-18,2623.675,2587.515,2673.915,2716.165,2563.835,371.40885,239,0.64,115.0
2024-11-25,2638.065,2620.045,2658.805,2721.185,2605.085,353.72125500000004,171,0.68,110.2
2024-12-02,2639.975,2635.685,2650.8650000000002,2656.998,2612.585,370.324122,68,0.66,115.0
2024-12-09,2687.185,2652.535,2707.315,2726.105,2627.455,425.81985699999996,150,0.66,114.76666666666667
2024-12-16,2637.3740000000003,2611.964,2664.1040000000003,2664.248,2582.264,412.120101,125,0.66,115.0
2024-12-23,2615.645,2610.035,2627.855,2638.975,2608.055,209.36094,47,0.66,88.63333333333333
2024-12-30,2654.9750000000004,2613.7250000000004,2664.545,2665.185,2595.905,252.706966,105,0.66,91.98333333333333
2025-01-06,2670.1349999999998,2636.805,2681.0249999999996,2697.709,2614.365,354.846172,127,0.66,115.0
2025-01-13,2669.0099999999998,2657.955,2704.185,2724.565,2656.615,361.79884,102,0.67,114.93333333333334
2025-01-20,2752.888,2706.308,2762.748,2785.825,2689.308,280.52994,142,0.68,112.39999999999999
2025-01-27,2795.044,2756.059,2816.089,2816.935,2730.529,326.504259,126,0.69,114.95
2025-02-03,2868.835,2816.6850000000004,2885.985,2886.605,2771.885,288.86197400000003,164,0.7,114.91666666666667
2025-02-10,2905.2129999999997,2882.138,2919.768,2942.665,2854.448,268.350674,125,0.71,115.0
2025-02-17,2933.095,2916.895,2946.415,2954.755,2878.015,226.89253499999998,107,0.72,112.41666666666667
2025-02-24,2913.85,2871.145,2943.415,2956.035,2832.455,293.860179,170,0.73,115.0
2025-03-03,2917.355,2902.595,2923.475,2930.185,2855.075,282.515262,105,0.72,114.56666666666666
2025-03-10,2913.15,2879.935,2945.6349999999998,3004.725,2879.935,295.00146499999994,171,0.73,115.0
2025-03-17,3031.1,3018.725,3052.475,3057.245,2981.975,256.422714,101,0.75,114.98333333333333
2025-03-24,3022.285,3005.185,3042.425,3086.725,3002.145,230.396519,112,0.76,115.0
2025-03-31,3132.76,3093.875,3136.225,3167.548,3015.335,269.288262,198,0.77,114.96666666666667
2025-04-07,3007.425,2956.885,3114.205,3245.025,2956.125,311.041067,381,0.76,114.91666666666667
2025-04-14,3222.07,3194.125,3309.955,3357.455,3193.315,162.239431,203,0.81,91.93333333333334
2025-04-21,3327.96,3271.105,3389.795,3499.915,3259.485,228.31707999999998,290,0.83,114.76666666666667
2025-04-28,3308.34,3239.865,3341.955,3352.835,3201.685,213.834891,183,0.83,114.91666666666667
2025-05-05,3385.38,3326.6549999999997,3416.565,3437.655,3236.745,279.40484000000004,249,0.81,115.0
2025-05-12,3236.235,3180.065,3261.245,3292.675,3120.205,256.349679,211,0.82,114.96666666666667
2025-05-19,3302.62,3242.275,3366.205,3365.798,3204.205,228.56568,200,0.81,115.0
2025-05-26,3296.8579999999997,3279.638,3325.8379999999997,3356.598,3245.198,183.948994,133,0.84,112.48333333333333
2025-06-02,3358.7580000000003,3346.868,3377.208,3403.178,3295.208,223.954294,132,0.82,115.0
2025-06-09,3328.473,3301.498,3388.6479999999997,3446.648,3293.198,220.94331,185,0.83,115.0
2025-06-16,3386.1850000000004,3359.9550000000004,3402.0950000000003,3451.085,3340.175,162.798165,129,0.86,112.48333333333333
2025-06-23,3333.26,3300.5350000000003,3367.685,3396.648,3255.485,153.77271,167,0.85,115.0
2025-06-30,3342.0950000000003,3323.645,3360.545,3365.455,3244.925,157.50921499999998,147,0.82,110.98333333333333
2025-07-07,3333.4700000000003,3299.855,3338.8650000000002,3368.559,3282.425,198.88256,104,0.83,115.0
2025-07-14,3339.395,3332.2549999999997,3361.6549999999997,3377.185,3309.575,156.80183,81,0.84,115.0
2025-07-21,3372.265,3329.845,3401.245,3438.655,3324.805,185.976654,136,0.84,115.0
2025-07-28,3295.7599999999998,3287.045,3332.6949999999997,3363.425,3267.955,187.001797,116,0.83,115.0
2025-08-04,3388.0080000000003,3375.828,3400.188,3408.675,3344.748,346.01534100000003,77,0.84,114.88333333333333
2025-08-11,3348.77,3338.145,3361.095,3404.798,3329.645,211.18481,89,0.85,115.0
2025-08-18,3338.23,3324.5350000000003,3348.605,3378.585,3311.255,152.58576399999998,82,0.83,115.0
2025-08-25,3376.795,3361.255,3410.815,3453.565,3351.175,163.93656000000001,122,0.84,114.96666666666667
2025-09-01,3536.738,3493.308,3599.0879999999997,3599.905,3436.548,245.386612,190,0.86,112.48333333333333
2025-09-08,3644.748,3628.098,3654.198,3673.645,3577.698,194.68588599999998,107,0.9,115.0
2025-09-15,3681.203,3653.4480000000003,3698.038,3707.308,3626.148,201.20609100000001,90,0.91,115.0
2025-09-22,3754.665,3732.125,3777.205,3790.865,3683.365,220.648751,117,0.92,115.0
2025-09-29,3863.5280000000002,3829.2180000000003,3888.438,3896.958,3755.898,225.585329,151,0.94,115.0
2025-10-06,4037.963,3965.698,4055.908,4059.098,3883.248,278.177682,182,0.97,115.0
2025-10-13,4198.035,4141.535,4372.535,4379.125,4000.535,343.213328,379,1.0,115.0
2025-10-20,4115.128,4006.4779999999996,4234.378,4381.298,4003.298,355.562363,357,1.06,115.0
2025-10-27,3993.809,3954.539,4026.959,4108.598,3886.199,294.59240600000004,219,1.02,115.0
2025-11-03,4005.975,3977.475,4016.475,4030.385,3928.475,215.11615000000003,102,1.0,115.0
2025-11-10,4201.198,4104.698,4217.698,4244.925,3996.698,260.037957,249,1.0,115.0
2025-11-17,4073.6479999999997,4052.738,4094.558,4132.675,3997.658,273.53762,133,1.02,115.0
2025-11-24,4162.8550000000005,4111.345,4183.765,4226.735,4039.945,204.780015,184,1.02,109.96666666666667
2025-12-01,4207.447999999999,4196.317999999999,4237.657999999999,4264.385,4163.458,241.89102599999998,96,1.06,114.93333333333334
2025-12-08,4210.27,4169.845,4261.195000000001,4353.325,4169.845,233.953092,175,1.05,114.46666666666667
2025-12-15,4326.23,4312.855,4346.025,4374.395,4271.125,235.472126,97,1.07,114.98333333333333
2025-12-22,4484.33,4464.165,4532.835,4549.715,4336.635,235.44925700000002,196,1.09,88.66666666666667
2025-12-29,4366.715,4309.145,4387.805,4549.298,4273.805,267.82207,242,1.14,91.98333333333333
2026-01-05,4463.78,4417.455,4477.405000000001,4516.898,4344.425,302.49344399999995,159,1.09,115.0
2026-01-12,4615.293000000001,4585.348,4620.378,4642.695,4511.898,277.71058500000004,116,1.13,115.0
2026-01-19,4668.2880000000005,4653.7880000000005,4861.428,4989.675,4618.988,220.309854,320,1.16,112.46666666666667
2026-01-26,5085.35,4997.225,5328.475,5596.805,4679.725,412.918266,734,1.25,115.0
2026-02-02,4922.437999999999,4696.237999999999,4966.237999999999,5091.395,4401.038,429.90641500000004,576,1.2,114.85
2026-02-09,5029.13,5003.505,5087.255,5118.815,4877.255,219.905962,194,1.25,114.88333333333333
2026-02-16,4996.965,4925.775000000001,5080.755,5107.698,4840.095,150.479394,213,1.26,112.45
2026-02-23,5186.025000000001,5144.425,5204.585,5280.878,5093.225,194.482912,147,1.28,114.98333333333333
2026-03-02,5164.985000000001,5024.955,5211.215,5418.875,4995.475,264.98586,316,1.34,114.95
2026-03-09,5177.845,5093.995,5209.695,5238.365,5009.495,206.78094,177,1.3,114.98333333333333
2026-03-16,4987.75,4662.125,5043.375,5044.355,4477.125,264.851005,454,1.25,115.0
2026-03-23,4411.315,4336.835,4505.955,4602.125,4098.275,356.29757,450,1.12,115.0
2026-03-30,4665.745,4510.625,4711.105,4800.185,4417.665,203.288437,342,1.12,91.95
2026-04-06,4658.965,4611.985000000001,4763.945000000001,4856.998,4600.385,229.78484,222,1.16,115.0
2026-04-13,4793.532999999999,4757.848,4864.317999999999,4889.335,4634.998,179.81950999999998,218,1.17,115.0
2026-04-20,4706.87,4672.955,4762.205,4832.845,4657.485,223.663902,148,1.19,115.0
2026-04-27,4616.665,4545.275,4643.215,4729.875,4509.875,239.8597,187,1.18,115.0
2026-05-04,4713.525,4580.705,4762.825,4764.595,4500.665,245.899821,228,1.16,115.0
2026-05-11,4699.0,4658.635,4734.685,4773.335,4511.215,270.05396,225,1.17,115.0
2026-05-18,4540.3550000000005,4496.465,4550.045,4589.295,4453.145,283.00662,120,1.14,115.0
2026-05-25,4506.838,4460.668,4578.088,4594.665,4366.048,203.910789,201,1.14,112.45
2026-06-01,4463.482999999999,4435.798,4506.987999999999,4545.695,4311.498,208.01375000000002,208,1.13,115.0
2026-06-08,4327.6050000000005,4165.0650000000005,4351.905,4363.205,4023.585,295.08943999999997,315,1.08,115.0
2026-06-15,4339.183,4259.468,4365.398,4382.125,4121.438,187.04339000000002,244,1.07,110.98333333333333
2026-06-22,4191.135,4022.135,4214.535,4220.778,3958.695,257.35934899999995,253,1.04,115.0
2026-06-29,4025.678,4000.6879999999996,4128.188,4195.365,3941.528,197.99421999999998,249,1.02,110.98333333333333
2026-07-06,4126.0,4096.075,4174.825,4202.905,4021.525,198.14979,173,1.05,115.0
2026-07-13,3995.695,3974.7850000000003,4051.2850000000003,4103.265,3959.485,228.540724,141,1.02,115.0
2026-07-20,4049.435,3996.935,4097.9349999999995,4165.775,3981.935,204.80447,184,1.0,115.0
2026-07-27,4075.7250000000004,4040.5350000000003,4114.995,4120.16,3995.655,135.14047,123,1.02,115.0
2026-08-03,4059.205,4019.935,4263.715,4371.695,4018.915,141.820694,346,1.02,115.0
2026-08-10,4386.13,4352.885,4419.375,4449.455,4310.375,132.65446000000003,128,1.09,115.0
2026-08-17,4393.775000000001,4327.225,4504.325,4631.935,4323.925,143.83096999999998,281,1.1,115.0
2026-08-24,4637.1849999999995,4590.205,4656.325,4696.635,4445.205,158.86988000000002,217,1.16,115.0
2026-08-31,4433.55,4373.055,4496.264999999999,4510.635,4282.035,166.00655999999998,206,1.11,115.0
2026-09-07,4394.626,4351.891,4426.261,4442.705,4291.951,224.724351,136,1.11,112.48333333333333
2026-09-14,4288.125,4261.665,4342.665,4399.365,4234.665,202.288319,153,1.08,115.0
2026-09-21,4283.71,4252.645,4340.935,4383.165,4243.925,131.92052999999999,128,1.09,107.55
