name,is_net,is_pf,is_n,oos_net,oos_pf,oos_n,m6_net,m6_pf,m6_n,oos_ci_low,oos_ci_high,oos_p
r1.2_adx20_tp1.0_all_hold,-1820.4575944120402,0.5459641539917202,1997,-1403.4872607642885,0.8821154126209702,1929,-850.9427922686624,0.7946479881057624,631,-1.3978069407616935,-0.0026036760560501798,0.0245
r1.2_adx20_tp1.0_all_flip,-1820.4375944120402,0.5459668773568105,1997,-1403.4872607642885,0.8821154126209702,1929,-850.9427922686624,0.7946479881057624,631,-1.3978069407616935,-0.0026036760560501798,0.0245
r1.2_adx20_tp1.0_ses_hold,-499.16744318079645,0.6684225671276187,492,-134.12110351904744,0.9584815407836085,435,-219.65564533339148,0.8184287684874881,148,-2.017472526342462,1.4210252061280113,0.353
r1.2_adx20_tp1.0_ses_flip,-499.16744318079645,0.6684225671276187,492,-134.12110351904744,0.9584815407836085,435,-219.65564533339148,0.8184287684874881,148,-2.017472526342462,1.4210252061280113,0.353
r1.2_adx20_tp2.0_all_hold,-1975.1511779516848,0.516823151590324,1998,-1022.7927265467584,0.9154248669155151,1929,-733.4944204925246,0.8253669933605411,631,-1.3958752851734526,0.38798804243763707,0.1215
r1.2_adx20_tp2.0_all_flip,-1975.1311779516848,0.5168256801887029,1998,-1022.7927265467584,0.9154248669155151,1929,-733.4944204925246,0.8253669933605411,631,-1.3958752851734526,0.38798804243763707,0.1215
r1.2_adx20_tp2.0_ses_hold,-680.0651619863148,0.5580395209243469,492,-357.64202804458955,0.8912871893194622,435,-319.43713945682373,0.7406259030566008,148,-2.7295678315080187,1.0655572921015406,0.198
r1.2_adx20_tp2.0_ses_flip,-680.0651619863148,0.5580395209243469,492,-357.64202804458955,0.8912871893194622,435,-319.43713945682373,0.7406259030566008,148,-2.7295678315080187,1.0655572921015406,0.198
r1.2_adx20_noTP_all_hold,-1755.4355664362083,0.5706515171619576,1998,-1468.4751878893312,0.8786540907906077,1929,-893.2605590022752,0.7873292928032559,631,-1.6054856099591364,0.18019938052219886,0.0555
r1.2_adx20_noTP_all_flip,-1755.4155664362083,0.5706543086009179,1998,-1468.4751878893312,0.8786540907906077,1929,-893.2605590022752,0.7873292928032559,631,-1.6054856099591364,0.18019938052219886,0.0555
r1.2_adx20_noTP_ses_hold,-572.3517490322782,0.6280402712245036,492,-176.75453790219598,0.946271743505795,435,-225.46596292429456,0.8169278919026033,148,-2.503138421401965,1.685843850889518,0.337
r1.2_adx20_noTP_ses_flip,-572.3517490322782,0.6280402712245036,492,-176.75453790219598,0.946271743505795,435,-225.46596292429456,0.8169278919026033,148,-2.503138421401965,1.685843850889518,0.337
r1.2_adx20_tp3.0_all_hold,-1959.2055670580057,0.5208129800560416,1998,-1098.803609336073,0.909201514525354,1929,-751.6944011737322,0.821033876082014,631,-1.4301702081295473,0.34415459245758623,0.1145
r1.2_adx20_tp3.0_all_flip,-1959.1855670580057,0.5208155277013204,1998,-1098.803609336073,0.909201514525354,1929,-751.6944011737322,0.821033876082014,631,-1.4301702081295473,0.34415459245758623,0.1145
r1.2_adx20_tp3.0_ses_hold,-689.1185738842834,0.5521558931731346,492,-219.74824149364017,0.9332029037373071,435,-306.4392881258558,0.7511797978131936,148,-2.5485675605073914,1.4691879694788823,0.3115
r1.2_adx20_tp3.0_ses_flip,-689.1185738842834,0.5521558931731346,492,-219.74824149364017,0.9332029037373071,435,-306.4392881258558,0.7511797978131936,148,-2.5485675605073914,1.4691879694788823,0.3115
r1.2_adx25_tp1.0_all_hold,-1049.5074013288095,0.5665638141162316,1177,-485.5842748130211,0.9364666394662426,1210,-624.7875898100658,0.7722857392941328,416,-1.316688311747355,0.5562133110974685,0.208
r1.2_adx25_tp1.0_all_flip,-1049.4874013288095,0.5665684938600182,1177,-485.5842748130211,0.9364666394662426,1210,-624.7875898100658,0.7722857392941328,416,-1.316688311747355,0.5562133110974685,0.208
r1.2_adx25_tp1.0_ses_hold,-282.3510212997394,0.6921921861395862,293,89.74597072547294,1.0411615142897115,289,-114.14752705573937,0.8599912390239904,98,-2.020725420451247,2.5246349869801716,0.603
r1.2_adx25_tp1.0_ses_flip,-282.3510212997394,0.6921921861395862,293,89.74597072547294,1.0411615142897115,289,-114.14752705573937,0.8599912390239904,98,-2.020725420451247,2.5246349869801716,0.603
r1.2_adx25_tp2.0_all_hold,-1171.1687020703484,0.5251921808449993,1177,-486.0222466461214,0.9375262992113776,1210,-646.4617016465035,0.7677801669708932,416,-1.5530728689540314,0.7849739498331091,0.238
r1.2_adx25_tp2.0_all_flip,-1171.1487020703485,0.5251964392814743,1177,-486.0222466461214,0.9375262992113776,1210,-646.4617016465035,0.7677801669708932,416,-1.5530728689540314,0.7849739498331091,0.238
r1.2_adx25_tp2.0_ses_hold,-397.7434360643201,0.5760254814978217,293,-217.44822151544406,0.9021894423440315,289,-268.11228170507945,0.6771398202569444,98,-3.2503017073452543,1.8520100015534475,0.255
r1.2_adx25_tp2.0_ses_flip,-397.7434360643201,0.5760254814978217,293,-217.44822151544406,0.9021894423440315,289,-268.11228170507945,0.6771398202569444,98,-3.2503017073452543,1.8520100015534475,0.255
r1.2_adx25_noTP_all_hold,-987.5034915232361,0.5997758854553977,1177,-711.4217162754198,0.9085577318656017,1210,-702.3296119108129,0.7477114811381209,416,-1.7164712819810275,0.6175647429046117,0.1655
r1.2_adx25_noTP_all_flip,-987.4834915232361,0.5997807471438982,1177,-711.4217162754198,0.9085577318656017,1210,-702.3296119108129,0.7477114811381209,416,-1.7164712819810275,0.6175647429046117,0.1655
r1.2_adx25_noTP_ses_hold,-268.1747213093274,0.7141392213366623,293,-18.879954899306455,0.9915075924541901,289,-208.56525952218576,0.7488462044735408,98,-2.887885078144554,2.9634959332321174,0.4545
r1.2_adx25_noTP_ses_flip,-268.1747213093274,0.7141392213366623,293,-18.879954899306455,0.9915075924541901,289,-208.56525952218576,0.7488462044735408,98,-2.887885078144554,2.9634959332321174,0.4545
r1.2_adx25_tp3.0_all_hold,-1123.379850503468,0.5447067176729886,1177,-570.3934304508794,0.9266847387194518,1210,-626.9229119638093,0.7747988263379522,416,-1.5860789026343207,0.7047042016505622,0.2015
r1.2_adx25_tp3.0_all_flip,-1123.3598505034681,0.5447111329795218,1177,-570.3934304508794,0.9266847387194518,1210,-626.9229119638093,0.7747988263379522,416,-1.5860789026343207,0.7047042016505622,0.2015
r1.2_adx25_tp3.0_ses_hold,-374.3152619750799,0.6009987379446347,293,-132.8525061203177,0.940241508442513,289,-284.7290731156994,0.6571299190787248,98,-3.1354233724731504,2.410912241008723,0.3475
r1.2_adx25_tp3.0_ses_flip,-374.3152619750799,0.6009987379446347,293,-132.8525061203177,0.940241508442513,289,-284.7290731156994,0.6571299190787248,98,-3.1354233724731504,2.410912241008723,0.3475
r1.2_adx30_tp1.0_all_hold,-529.899954410039,0.6291657024608416,694,-301.57868041171645,0.9360015952495433,709,-398.9330687324284,0.7620953053863576,240,-1.826748245876893,0.8560627808873881,0.2435
r1.2_adx30_tp1.0_all_flip,-529.899954410039,0.6291657024608416,694,-301.57868041171645,0.9360015952495433,709,-398.9330687324284,0.7620953053863576,240,-1.826748245876893,0.8560627808873881,0.2435
r1.2_adx30_tp1.0_ses_hold,-198.32648841963783,0.6720239378338136,186,-95.67578325409431,0.9303680614426416,171,-53.0485701149928,0.8821783930715626,52,-3.296026293743147,2.2481930077068073,0.375
r1.2_adx30_tp1.0_ses_flip,-198.32648841963783,0.6720239378338136,186,-95.67578325409431,0.9303680614426416,171,-53.0485701149928,0.8821783930715626,52,-3.296026293743147,2.2481930077068073,0.375
r1.2_adx30_tp2.0_all_hold,-569.4200592456833,0.6100692766482135,694,-217.00783080018573,0.954786199035736,709,-327.3404470278059,0.8070610145093453,240,-1.971640017334292,1.3240441468810258,0.336
r1.2_adx30_tp2.0_all_flip,-569.4200592456833,0.6100692766482135,694,-217.00783080018573,0.954786199035736,709,-327.3404470278059,0.8070610145093453,240,-1.971640017334292,1.3240441468810258,0.336
r1.2_adx30_tp2.0_ses_hold,-244.82846156078404,0.6059366319192032,186,-324.5511063503601,0.7663186014877861,171,-112.82672549927734,0.7507719898893086,52,-4.801469537590435,1.1679152934687373,0.1185
r1.2_adx30_tp2.0_ses_flip,-244.82846156078404,0.6059366319192032,186,-324.5511063503601,0.7663186014877861,171,-112.82672549927734,0.7507719898893086,52,-4.801469537590435,1.1679152934687373,0.1185
r1.2_adx30_noTP_all_hold,-452.81383252694656,0.6900808486171772,694,-528.2755387680988,0.889941971023843,709,-394.5870512761883,0.7674249361720039,240,-2.391163147191171,0.8743889656852754,0.1765
r1.2_adx30_noTP_all_flip,-452.81383252694656,0.6900808486171772,694,-528.2755387680988,0.889941971023843,709,-394.5870512761883,0.7674249361720039,240,-2.391163147191171,0.8743889656852754,0.1765
r1.2_adx30_noTP_ses_hold,-160.95211033537498,0.7409397163461601,186,-253.0477371899101,0.8178020411581821,171,-63.38163622273018,0.8599934633975357,52,-4.548741308816861,1.9804934270276833,0.206
r1.2_adx30_noTP_ses_flip,-160.95211033537498,0.7409397163461601,186,-253.0477371899101,0.8178020411581821,171,-63.38163622273018,0.8599934633975357,52,-4.548741308816861,1.9804934270276833,0.206
r1.2_adx30_tp3.0_all_hold,-534.1014123121247,0.6344452298808908,694,-448.1305355584594,0.9066389415216816,709,-344.8256895691669,0.7967549707936364,240,-2.273817987472131,0.923701184573959,0.203
r1.2_adx30_tp3.0_all_flip,-534.1014123121247,0.6344452298808908,694,-448.1305355584594,0.9066389415216816,709,-344.8256895691669,0.7967549707936364,240,-2.273817987472131,0.923701184573959,0.203
r1.2_adx30_tp3.0_ses_hold,-232.59865975132925,0.6256210953237893,186,-225.3773684180719,0.8377250990231323,171,-113.21169800534186,0.7499216068687148,52,-4.519946344144544,2.3409117702783946,0.24
r1.2_adx30_tp3.0_ses_flip,-232.59865975132925,0.6256210953237893,186,-225.3773684180719,0.8377250990231323,171,-113.21169800534186,0.7499216068687148,52,-4.519946344144544,2.3409117702783946,0.24
r1.5_adx20_tp1.0_all_hold,-1354.7661008116368,0.4910499200740011,1300,-214.93608685204515,0.9686407820917253,1188,-180.75899966169675,0.9233803982058203,369,-1.0650377533001048,0.7176959393159783,0.3645
r1.5_adx20_tp1.0_all_flip,-1354.7461008116368,0.49105360959315425,1300,-214.93608685204515,0.9686407820917253,1188,-180.75899966169675,0.9233803982058203,369,-1.0650377533001048,0.7176959393159783,0.3645
r1.5_adx20_tp1.0_ses_hold,-386.99094152860016,0.6055545903167638,315,403.226124671565,1.2447071170350188,264,131.4202907095687,1.216452821255102,85,-0.46676550238437314,3.6986145589321193,0.9345
r1.5_adx20_tp1.0_ses_flip,-386.99094152860016,0.6055545903167638,315,403.226124671565,1.2447071170350188,264,131.4202907095687,1.216452821255102,85,-0.46676550238437314,3.6986145589321193,0.9345
r1.5_adx20_tp2.0_all_hold,-1434.2402394173578,0.47216850292852325,1300,49.597024456143004,1.0071222141921117,1188,-127.21955472078344,0.9469722839835449,369,-1.0480012759623933,1.2087996147256808,0.5425
r1.5_adx20_tp2.0_all_flip,-1434.2202394173578,0.4721719783189822,1300,49.597024456143004,1.0071222141921117,1188,-127.21955472078344,0.9469722839835449,369,-1.0480012759623933,1.2087996147256808,0.5425
r1.5_adx20_tp2.0_ses_hold,-492.8347307341679,0.5083164943643641,315,48.50056851666034,1.028908433863199,264,-16.455907232600435,0.9735322570738311,85,-1.9736094782587086,2.303340743239142,0.568
r1.5_adx20_tp2.0_ses_flip,-492.8347307341679,0.5083164943643641,315,48.50056851666034,1.028908433863199,264,-16.455907232600435,0.9735322570738311,85,-1.9736094782587086,2.303340743239142,0.568
r1.5_adx20_noTP_all_hold,-1283.8752515922752,0.5275060777988879,1300,-319.5072330648554,0.9541725945883375,1188,-189.21315524221507,0.9211320815830333,369,-1.3381789056468365,0.8559310632246496,0.333
r1.5_adx20_noTP_all_flip,-1283.8552515922752,0.5275099605008862,1300,-319.5072330648554,0.9541725945883375,1188,-189.21315524221507,0.9211320815830333,369,-1.3381789056468365,0.8559310632246496,0.333
r1.5_adx20_noTP_ses_hold,-370.0865945868353,0.6307779000393529,315,139.0988468856724,1.0829089212482206,264,98.12876353883405,1.1578306713994673,85,-1.7544097585416543,2.8591715713858337,0.6605
r1.5_adx20_noTP_ses_flip,-370.0865945868353,0.6307779000393529,315,139.0988468856724,1.0829089212482206,264,98.12876353883405,1.1578306713994673,85,-1.7544097585416543,2.8591715713858337,0.6605
r1.5_adx20_tp3.0_all_hold,-1420.944248666788,0.4770617157320998,1300,-66.90975888328421,0.9904030321413148,1188,-73.15931049251276,0.9695057009964297,369,-1.103459986893715,1.0525015166299028,0.472
r1.5_adx20_tp3.0_all_flip,-1420.9242486667881,0.4770652271389914,1300,-66.90975888328421,0.9904030321413148,1188,-73.15931049251276,0.9695057009964297,369,-1.103459986893715,1.0525015166299028,0.472
r1.5_adx20_tp3.0_ses_hold,-480.02239941553955,0.5210988970345737,315,84.077234100125,1.0501136633181787,264,28.20929626375768,1.0453719379359487,85,-1.9248727427681729,2.581290757497666,0.611
r1.5_adx20_tp3.0_ses_flip,-480.02239941553955,0.5210988970345737,315,84.077234100125,1.0501136633181787,264,28.20929626375768,1.0453719379359487,85,-1.9248727427681729,2.581290757497666,0.611
r1.5_adx25_tp1.0_all_hold,-784.2216112651148,0.51402898717073,758,174.84630914010017,1.039869276530925,748,-68.59638371220103,0.9547511789597761,244,-0.9885165380968445,1.4213014622316638,0.6495
r1.5_adx25_tp1.0_all_flip,-784.2016112651148,0.5140353579791841,758,174.84630914010017,1.039869276530925,748,-68.59638371220103,0.9547511789597761,244,-0.9885165380968445,1.4213014622316638,0.6495
r1.5_adx25_tp1.0_ses_hold,-189.59687912163872,0.677014171940368,189,349.0367678922421,1.3004068166925213,178,149.0102424949937,1.356841362422472,58,-0.6663296878329267,4.771160932110717,0.9225
r1.5_adx25_tp1.0_ses_flip,-189.59687912163872,0.677014171940368,189,349.0367678922421,1.3004068166925213,178,149.0102424949937,1.356841362422472,58,-0.6663296878329267,4.771160932110717,0.9225
r1.5_adx25_tp2.0_all_hold,-813.2817183094343,0.5047782777028965,758,263.9798032583825,1.0590376805873112,748,-93.54055205335854,0.9395241278500938,244,-1.1728065992838463,1.8742528126241857,0.658
r1.5_adx25_tp2.0_all_flip,-813.2617183094343,0.5047844251474235,758,263.9798032583825,1.0590376805873112,748,-93.54055205335854,0.9395241278500938,244,-1.1728065992838463,1.8742528126241857,0.658
r1.5_adx25_tp2.0_ses_hold,-235.75031220057872,0.606172413339622,189,-57.332337610629224,0.9517177101771367,178,-19.626903292313145,0.9544366959544701,58,-2.9111548422492435,2.2697253645313946,0.394
r1.5_adx25_tp2.0_ses_flip,-235.75031220057872,0.606172413339622,189,-57.332337610629224,0.9517177101771367,178,-19.626903292313145,0.9544366959544701,58,-2.9111548422492435,2.2697253645313946,0.394
r1.5_adx25_noTP_all_hold,-688.5407639304569,0.5807352663795284,758,87.91991019774855,1.0196611499325108,748,-26.0362794170926,0.9831670150461679,244,-1.348402935301794,1.6868994075730275,0.5575
r1.5_adx25_noTP_all_flip,-688.520763930457,0.580742338866584,758,87.91991019774855,1.0196611499325108,748,-26.0362794170926,0.9831670150461679,244,-1.348402935301794,1.6868994075730275,0.5575
r1.5_adx25_noTP_ses_hold,-121.49719763106918,0.7970354835062415,189,87.3934813869241,1.0735982095411751,178,97.50200514238225,1.2263481629876416,58,-2.3940200369355074,3.567085593784122,0.607
r1.5_adx25_noTP_ses_flip,-121.49719763106918,0.7970354835062415,189,87.3934813869241,1.0735982095411751,178,97.50200514238225,1.2263481629876416,58,-2.3940200369355074,3.567085593784122,0.607
r1.5_adx25_tp3.0_all_hold,-791.9828050484334,0.5177475653073134,758,206.9529925919942,1.0462800042354587,748,28.69089216829896,1.0185492461670211,244,-1.2043628142569285,1.8001847198137646,0.6335
r1.5_adx25_tp3.0_all_flip,-791.9628050484334,0.517753870698368,758,206.9529925919942,1.0462800042354587,748,28.69089216829896,1.0185492461670211,244,-1.2043628142569285,1.8001847198137646,0.6335
r1.5_adx25_tp3.0_ses_hold,-222.37251763168933,0.6285203988024004,189,-18.97209681693448,0.9840226944297343,178,21.338191548868636,1.0495360116082924,58,-2.7645486288976566,2.5794394441781834,0.459
r1.5_adx25_tp3.0_ses_flip,-222.37251763168933,0.6285203988024004,189,-18.97209681693448,0.9840226944297343,178,21.338191548868636,1.0495360116082924,58,-2.7645486288976566,2.5794394441781834,0.459
r1.5_adx30_tp1.0_all_hold,-401.9212962550607,0.5800539499495317,450,200.39149451755065,1.0713893472452212,452,-6.609527607587786,0.9925300930073154,136,-1.1686159488624954,2.2052320719396383,0.7065
r1.5_adx30_tp1.0_all_flip,-401.9212962550607,0.5800539499495317,450,200.39149451755065,1.0713893472452212,452,-6.609527607587786,0.9925300930073154,136,-1.1686159488624954,2.2052320719396383,0.7065
r1.5_adx30_tp1.0_ses_hold,-110.08742097042204,0.7164061524997336,122,120.25306162414017,1.1521411453113533,110,145.30246385302144,1.76812357153319,28,-2.3396438621156523,4.7532999080459275,0.732
r1.5_adx30_tp1.0_ses_flip,-110.08742097042204,0.7164061524997336,122,120.25306162414017,1.1521411453113533,110,145.30246385302144,1.76812357153319,28,-2.3396438621156523,4.7532999080459275,0.732
r1.5_adx30_tp2.0_all_hold,-384.8836846207039,0.6065047530217537,450,220.62791634655514,1.0767879331524328,452,50.39363393264976,1.056136348554875,136,-1.4858169544519806,2.806993311957685,0.6695
r1.5_adx30_tp2.0_all_flip,-384.8836846207039,0.6065047530217537,450,220.62791634655514,1.0767879331524328,452,50.39363393264976,1.056136348554875,136,-1.4858169544519806,2.806993311957685,0.6695
r1.5_adx30_tp2.0_ses_hold,-123.33988739435563,0.6907898390692734,122,-153.1358626767543,0.809826899769595,110,79.01690673596808,1.4123507316096806,28,-4.6051944657497295,1.9202779241771362,0.207
r1.5_adx30_tp2.0_ses_flip,-123.33988739435563,0.6907898390692734,122,-153.1358626767543,0.809826899769595,110,79.01690673596808,1.4123507316096806,28,-4.6051944657497295,1.9202779241771362,0.207
r1.5_adx30_noTP_all_hold,-296.1140061589726,0.697260604584809,450,81.06003251411596,1.0282086208764638,452,106.77319727218514,1.1189407659388189,136,-1.7632685280218041,2.5303796745158094,0.5635
r1.5_adx30_noTP_all_flip,-296.1140061589726,0.697260604584809,450,81.06003251411596,1.0282086208764638,452,106.77319727218514,1.1189407659388189,136,-1.7632685280218041,2.5303796745158094,0.5635
r1.5_adx30_noTP_ses_hold,-49.66691569222985,0.875486224946642,122,-99.97080342300114,0.8758503900578316,110,159.43772033245534,1.832027769005809,28,-4.443813151118336,3.172188291226669,0.308
r1.5_adx30_noTP_ses_flip,-49.66691569222985,0.875486224946642,122,-99.97080342300114,0.8758503900578316,110,159.43772033245534,1.832027769005809,28,-4.443813151118336,3.172188291226669,0.308
r1.5_adx30_tp3.0_all_hold,-370.1394172739337,0.6215789153023611,450,119.58855183685364,1.0416164170590938,452,156.14518788026328,1.1739390476131915,136,-1.5355386236746165,2.4334984086115967,0.592
r1.5_adx30_tp3.0_all_flip,-370.1394172739337,0.6215789153023611,450,119.58855183685364,1.0416164170590938,452,156.14518788026328,1.1739390476131915,136,-1.5355386236746165,2.4334984086115967,0.592
r1.5_adx30_tp3.0_ses_hold,-116.66302649227782,0.7075285703723313,122,-102.9470077577048,0.872154364872376,110,109.60765854984368,1.5719889585664932,28,-4.400621175890236,2.729340815063437,0.304
r1.5_adx30_tp3.0_ses_flip,-116.66302649227782,0.7075285703723313,122,-102.9470077577048,0.872154364872376,110,109.60765854984368,1.5719889585664932,28,-4.400621175890236,2.729340815063437,0.304
r2.0_adx20_tp1.0_all_hold,-645.1596221393241,0.472090648617096,587,-275.7156691446698,0.8915155751264427,449,-112.61929059123973,0.8690043226118387,129,-1.9672113609149913,0.7409948560774442,0.1835
r2.0_adx20_tp1.0_all_flip,-645.1596221393241,0.472090648617096,587,-275.7156691446698,0.8915155751264427,449,-112.61929059123973,0.8690043226118387,129,-1.9672113609149913,0.7409948560774442,0.1835
r2.0_adx20_tp1.0_ses_hold,-107.50817350106581,0.7316904614194626,133,-109.129791776616,0.8352579395446321,96,53.05489107995618,1.305184426202461,26,-4.230774682008999,1.882465079116492,0.2165
r2.0_adx20_tp1.0_ses_flip,-107.50817350106581,0.7316904614194626,133,-109.129791776616,0.8352579395446321,96,53.05489107995618,1.305184426202461,26,-4.230774682008999,1.882465079116492,0.2165
r2.0_adx20_tp2.0_all_hold,-703.958760663973,0.43494953726189806,587,-428.5835989118649,0.8343248632666881,449,-79.665502597643,0.9095160159479687,129,-2.434895670929013,0.5271014639379652,0.0985
r2.0_adx20_tp2.0_all_flip,-703.958760663973,0.43494953726189806,587,-428.5835989118649,0.8343248632666881,449,-79.665502597643,0.9095160159479687,129,-2.434895670929013,0.5271014639379652,0.0985
r2.0_adx20_tp2.0_ses_hold,-158.14886205449238,0.6141083438923015,133,-243.16232091715756,0.6435762848028355,96,-7.669784764466385,0.957729503213449,26,-5.692637001227917,0.8402129965455639,0.068
r2.0_adx20_tp2.0_ses_flip,-158.14886205449238,0.6141083438923015,133,-243.16232091715756,0.6435762848028355,96,-7.669784764466385,0.957729503213449,26,-5.692637001227917,0.8402129965455639,0.068
r2.0_adx20_noTP_all_hold,-662.7902380486153,0.4679945024699607,587,-569.8070754647794,0.7797329030347491,449,-148.91860928821097,0.830858418907611,129,-2.645347255109949,0.14660360886094315,0.0395
r2.0_adx20_noTP_all_flip,-662.7902380486153,0.4679945024699607,587,-569.8070754647794,0.7797329030347491,449,-148.91860928821097,0.830858418907611,129,-2.645347255109949,0.14660360886094315,0.0395
r2.0_adx20_noTP_ses_hold,-164.3271096339913,0.5990330903664511,133,-288.8050315940885,0.5766738780081438,96,-26.345342438145963,0.8548028729526266,26,-5.831604292238878,0.005505427728358607,0.0265
r2.0_adx20_noTP_ses_flip,-164.3271096339913,0.5990330903664511,133,-288.8050315940885,0.5766738780081438,96,-26.345342438145963,0.8548028729526266,26,-5.831604292238878,0.005505427728358607,0.0265
r2.0_adx20_tp3.0_all_hold,-695.5004409164981,0.44173882344506826,587,-422.6101653473636,0.8366339796796323,449,-32.37094996048255,0.9632331131485252,129,-2.4080504800000457,0.5827937940701696,0.108
r2.0_adx20_tp3.0_all_flip,-695.5004409164981,0.44173882344506826,587,-422.6101653473636,0.8366339796796323,449,-32.37094996048255,0.9632331131485252,129,-2.4080504800000457,0.5827937940701696,0.108
r2.0_adx20_tp3.0_ses_hold,-152.2695100929327,0.6284542761728927,133,-254.35121503598236,0.6271757701353599,96,6.1692302044884855,1.0340004880896376,26,-5.729630056996734,0.7435122186058967,0.055
r2.0_adx20_tp3.0_ses_flip,-152.2695100929327,0.6284542761728927,133,-254.35121503598236,0.6271757701353599,96,6.1692302044884855,1.0340004880896376,26,-5.729630056996734,0.7435122186058967,0.055
r2.0_adx25_tp1.0_all_hold,-383.3182802462155,0.484159625147603,331,-56.91027787328545,0.9651531302695916,277,80.44356326787965,1.1494368814032805,88,-2.076319244785985,1.726284837930836,0.3965
r2.0_adx25_tp1.0_all_flip,-383.3182802462155,0.484159625147603,331,-56.91027787328545,0.9651531302695916,277,80.44356326787965,1.1494368814032805,88,-2.076319244785985,1.726284837930836,0.3965
r2.0_adx25_tp1.0_ses_hold,-49.36293953410086,0.8036373982134323,82,-48.23661044072742,0.898840100199399,65,76.2119697906628,1.571110002029397,20,-4.77746631799502,3.3977068267331894,0.3605
r2.0_adx25_tp1.0_ses_flip,-49.36293953410086,0.8036373982134323,82,-48.23661044072742,0.898840100199399,65,76.2119697906628,1.571110002029397,20,-4.77746631799502,3.3977068267331894,0.3605
r2.0_adx25_tp2.0_all_hold,-376.345822082077,0.4959033688722863,331,-158.2302751104701,0.9053103930974905,277,78.07984701113946,1.140312439694845,88,-2.5341845296815406,1.579716249835336,0.2715
r2.0_adx25_tp2.0_all_flip,-376.345822082077,0.4959033688722863,331,-158.2302751104701,0.9053103930974905,277,78.07984701113946,1.140312439694845,88,-2.5341845296815406,1.579716249835336,0.2715
r2.0_adx25_tp2.0_ses_hold,-57.400712043759995,0.7721530902134265,82,-189.8032611223889,0.615514582965351,65,-2.775627343055021,0.980321028010746,20,-6.52217276967515,1.2253730013120456,0.0825
r2.0_adx25_tp2.0_ses_flip,-57.400712043759995,0.7721530902134265,82,-189.8032611223889,0.615514582965351,65,-2.775627343055021,0.980321028010746,20,-6.52217276967515,1.2253730013120456,0.0825
r2.0_adx25_noTP_all_hold,-377.7115613511181,0.49407402861094474,331,-256.17303050736245,0.8466985945589015,277,57.331890820644404,1.1030275772980884,88,-2.7894461437221656,1.1110608449549975,0.1675
r2.0_adx25_noTP_all_flip,-377.7115613511181,0.49407402861094474,331,-256.17303050736245,0.8466985945589015,277,57.331890820644404,1.1030275772980884,88,-2.7894461437221656,1.1110608449549975,0.1675
r2.0_adx25_noTP_ses_hold,-69.4866646957289,0.7241789995526937,82,-209.21209279692664,0.5761980153973785,65,-10.625342438144799,0.9246671867750302,20,-6.588953698668688,0.5645185648889868,0.046
r2.0_adx25_noTP_ses_flip,-69.4866646957289,0.7241789995526937,82,-209.21209279692664,0.5761980153973785,65,-10.625342438144799,0.9246671867750302,20,-6.588953698668688,0.5645185648889868,0.046
r2.0_adx25_tp3.0_all_hold,-384.0194394999238,0.4856249375414985,331,-152.9200305192686,0.9084881981828067,277,145.40790077499696,1.2613035000662203,88,-2.593469280001968,1.6802206343300905,0.2815
r2.0_adx25_tp3.0_all_flip,-384.0194394999238,0.4856249375414985,331,-152.9200305192686,0.9084881981828067,277,145.40790077499696,1.2613035000662203,88,-2.593469280001968,1.6802206343300905,0.2815
r2.0_adx25_tp3.0_ses_hold,-61.60503830744619,0.7554643992058109,82,-179.68508364434672,0.6360110257781386,65,21.88923020448965,1.1551928608637951,20,-6.456969942628934,1.7522709930784128,0.1
r2.0_adx25_tp3.0_ses_flip,-61.60503830744619,0.7554643992058109,82,-179.68508364434672,0.6360110257781386,65,21.88923020448965,1.1551928608637951,20,-6.456969942628934,1.7522709930784128,0.1
r2.0_adx30_tp1.0_all_hold,-171.97772176212436,0.5928618676559911,187,87.46306150544888,1.0803659508091625,177,56.792971415666216,1.1663037034441635,51,-2.0292711447534497,3.258064701291406,0.6285
r2.0_adx30_tp1.0_all_flip,-171.97772176212436,0.5928618676559911,187,87.46306150544888,1.0803659508091625,177,56.792971415666216,1.1663037034441635,51,-2.0292711447534497,3.258064701291406,0.6285
r2.0_adx30_tp1.0_ses_hold,-6.549179351673047,0.9591188938950423,50,11.284743874715787,1.0350033984066718,45,82.32405260590349,2.2731836159279157,11,-4.726430235733497,5.571896614738386,0.551
r2.0_adx30_tp1.0_ses_flip,-6.549179351673047,0.9591188938950423,50,11.284743874715787,1.0350033984066718,45,82.32405260590349,2.2731836159279157,11,-4.726430235733497,5.571896614738386,0.551
r2.0_adx30_tp2.0_all_hold,-148.31612659737618,0.6502195305510703,187,-21.428581722465623,0.9807908152181005,177,100.58948381013033,1.2878248814035511,51,-2.868359132296593,2.7557865475358247,0.4585
r2.0_adx30_tp2.0_all_flip,-148.31612659737618,0.6502195305510703,187,-21.428581722465623,0.9807908152181005,177,100.58948381013033,1.2878248814035511,51,-2.868359132296593,2.7557865475358247,0.4585
r2.0_adx30_tp2.0_ses_hold,11.99296140595925,1.0746106362688645,50,-65.72620969087984,0.8018444344792963,45,69.30971509508618,2.070585651762149,11,-6.098092934894696,3.698295230272374,0.295
r2.0_adx30_tp2.0_ses_flip,11.99296140595925,1.0746106362688645,50,-65.72620969087984,0.8018444344792963,45,69.30971509508618,2.070585651762149,11,-6.098092934894696,3.698295230272374,0.295
r2.0_adx30_noTP_all_hold,-157.14312379973705,0.6294024333405449,187,-131.48552011952597,0.8821326728557042,177,73.44165650169236,1.2101445923768734,51,-3.3554194139353646,1.9654633129512904,0.2845
r2.0_adx30_noTP_all_flip,-157.14312379973705,0.6294024333405449,187,-131.48552011952597,0.8821326728557042,177,73.44165650169236,1.2101445923768734,51,-3.3554194139353646,1.9654633129512904,0.2845
r2.0_adx30_noTP_ses_hold,-0.7806397492950055,0.9951434823793625,50,-99.92675035878743,0.698734464970383,45,61.4599999999964,1.9493358047573723,11,-6.571011884489697,2.3209294523859416,0.1835
r2.0_adx30_noTP_ses_flip,-0.7806397492950055,0.9951434823793625,50,-99.92675035878743,0.698734464970383,45,61.4599999999964,1.9493358047573723,11,-6.571011884489697,2.3209294523859416,0.1835
r2.0_adx30_tp3.0_all_hold,-161.78120925804603,0.618464231634701,187,-31.853471630362606,0.9714456500006655,177,157.11515028020494,1.449566373970664,51,-3.0119212516181437,2.751296072964795,0.4555
r2.0_adx30_tp3.0_all_flip,-161.78120925804603,0.618464231634701,187,-31.853471630362606,0.9714456500006655,177,157.11515028020494,1.449566373970664,51,-3.0119212516181437,2.751296072964795,0.4555
r2.0_adx30_tp3.0_ses_hold,3.2424593939158513,1.0201719950783639,50,-67.41217771615298,0.7967614706347498,45,93.97457264263085,2.4515689317674476,11,-6.3968166122838825,4.106997423760635,0.284
r2.0_adx30_tp3.0_ses_flip,3.2424593939158513,1.0201719950783639,50,-67.41217771615298,0.7967614706347498,45,93.97457264263085,2.4515689317674476,11,-6.3968166122838825,4.106997423760635,0.284
