entry_time,exit_time,side,entry,exit,initial_sl,tp,risk,pnl_px,pnl,swap,r_multiple,exit_reason,stage,sl_source,reflip,bars,max_fav,max_adv,sig_time,year
2026-03-25 07:45:00,2026-03-25 07:50:00,BUY,4566.95,4556.44,4554.409804208048,4590.620391583903,12.540195791952101,-10.510000000000218,-21.020000000000437,-0.0,-0.8381049366665553,SL_purple,1,purple,False,5,0.0,7.9299999999993815,2026-03-25 07:42:00,2026
2026-03-25 21:42:00,2026-03-25 22:10:00,BUY,4521.79,4525.27,4500.641372665256,4562.737254669488,21.14862733474365,3.480000000000473,6.960000000000946,-0.0,0.16454968660227967,SL_purple,1,purple,False,28,19.970000000000255,8.489999999999782,2026-03-25 21:39:00,2026
2026-03-26 02:03:00,2026-03-26 03:15:00,BUY,4512.31,4528.21,4493.396987895193,4548.666024209613,18.91301210480742,15.899999999999636,31.799999999999272,-0.0,0.8406910497327964,SL_purple,1,purple,False,72,31.960000000000036,4.350000000000364,2026-03-26 02:00:00,2026
2026-03-26 09:21:00,2026-03-26 09:30:00,SELL,4440.62,4456.8314438728885,4456.8314438728885,4409.217112254223,16.211443872888594,-16.211443872888594,-32.42288774577719,0.0,-1.0,SL,1,purple,False,9,0.6300000000001091,11.69000000000051,2026-03-26 09:18:00,2026
2026-03-26 12:24:00,2026-03-26 12:39:00,BUY,4441.7300000000005,4432.61,4426.315226374524,4470.969547250951,15.4147736254763,-9.1200000000008,-18.2400000000016,-0.0,-0.5916402161708036,SL_purple,1,purple,False,15,6.109999999999673,7.080000000000837,2026-03-26 12:21:00,2026
2026-03-26 12:51:00,2026-03-26 13:44:00,BUY,4445.610000000001,4438.63,4427.098809793369,4480.802380413263,18.51119020663191,-6.980000000000473,-13.960000000000946,-0.0,-0.37706921716464153,SL_purple,1,purple,True,53,10.889999999999418,8.19000000000051,2026-03-26 12:48:00,2026
2026-03-26 14:12:00,2026-03-26 14:56:00,BUY,4442.070000000001,4429.79,4425.732323599252,4472.915352801497,16.337676400748933,-12.280000000000655,-24.56000000000131,-0.0,-0.751636872881001,SL_purple,1,purple,False,44,3.3499999999994543,11.410000000000764,2026-03-26 14:09:00,2026
2026-03-26 22:51:00,2026-03-27 00:06:00,SELL,4394.38,4395.34,4417.175493694711,4348.579012610579,22.795493694710785,-0.9600000000000364,-1.9200000000000728,0.0,-0.042113586696426064,SL_purple,1,purple,False,15,21.140000000000327,1.430000000000291,2026-03-26 22:48:00,2026
2026-03-27 05:06:00,2026-03-27 05:20:00,SELL,4423.9,4433.48,4436.6053665182535,4398.609266963492,12.705366518253868,-9.579999999999927,-19.159999999999854,0.0,-0.7540120929401203,SL_purple,1,purple,False,14,2.1599999999998545,7.770000000000437,2026-03-27 05:03:00,2026
2026-03-27 06:36:00,2026-03-27 07:04:00,BUY,4441.16,4442.47,4431.962166263613,4458.385667472776,9.19783373638711,1.3100000000004002,2.6200000000008004,-0.0,0.14242484019013865,SL_purple,1,purple,False,28,8.150000000000546,4.309999999999491,2026-03-27 06:33:00,2026
2026-03-27 07:57:00,2026-03-27 08:10:00,SELL,4459.4,4465.03,4468.652575456456,4441.194849087087,9.252575456456725,-5.630000000000109,-11.260000000000218,0.0,-0.6084792311605874,SL_purple,1,purple,False,13,7.289999999999054,4.170000000000982,2026-03-27 07:54:00,2026
2026-03-27 09:03:00,2026-03-27 10:27:00,SELL,4454.96,4432.890154447454,4466.054922776273,4432.890154447454,11.094922776273052,22.069845552546212,44.139691105092425,0.0,1.9891842419798977,TP,1,purple,False,84,21.149999999999636,3.4899999999997817,2026-03-27 09:00:00,2026
2026-03-30 01:09:00,2026-03-30 01:16:00,SELL,4486.1,4503.04,4512.7610269728675,4432.237946054265,26.66102697286715,-16.9399999999996,-33.8799999999992,0.0,-0.6353843764998022,SL_purple,1,purple,True,7,8.230000000000473,15.210000000000036,2026-03-30 01:06:00,2026
2026-03-30 01:51:00,2026-03-30 02:37:00,SELL,4487.48,4449.045883496801,4507.072058251599,4449.045883496801,19.592058251599155,38.43411650319831,76.86823300639662,0.0,1.9617191828255827,TP,1,purple,False,46,38.38999999999942,8.19000000000051,2026-03-30 01:48:00,2026
2026-03-30 08:51:00,2026-03-30 09:35:00,BUY,4518.43,4537.991560738105,4508.184219630947,4537.991560738105,10.245780369053136,19.561560738105072,39.123121476210144,-0.0,1.9092309256588968,TP,1,purple,False,44,17.920000000000073,2.119999999999891,2026-03-30 08:48:00,2026
2026-03-30 15:24:00,2026-03-30 15:49:00,BUY,4566.51,4564.78,4553.422990401201,4591.394019197598,13.087009598799341,-1.730000000000473,-3.460000000000946,-0.0,-0.13219215489527802,SL_purple,1,purple,False,25,11.1899999999996,5.75,2026-03-30 15:21:00,2026
2026-03-31 03:18:00,2026-03-31 03:26:00,SELL,4501.52,4500.67,4518.947261790404,4467.295476419191,17.427261790403463,0.8500000000003638,1.7000000000007276,0.0,0.04877415684823343,SL_purple,1,purple,True,8,18.890000000000327,2.050000000000182,2026-03-31 03:15:00,2026
2026-03-31 05:18:00,2026-03-31 06:47:00,SELL,4586.66,4550.49406874138,4604.77296562931,4550.49406874138,18.112965629310565,36.16593125861982,72.33186251723964,0.0,1.9966874557579783,TP,1,purple,False,89,36.06999999999971,4.039999999999964,2026-03-31 05:15:00,2026
2026-03-31 17:51:00,2026-03-31 18:02:00,SELL,4604.1,4611.28,4617.799746432123,4576.520507135753,13.699746432122993,-7.1799999999993815,-14.359999999998763,0.0,-0.524097291550142,SL_purple,1,purple,False,11,8.930000000000291,5.510000000000218,2026-03-31 17:48:00,2026
2026-03-31 18:57:00,2026-03-31 19:09:00,SELL,4608.14,4619.63,4625.506650284229,4574.30669943154,17.366650284228854,-11.489999999999782,-22.979999999999563,0.0,-0.6616129081861097,SL_purple,1,purple,False,12,0.0,10.670000000000073,2026-03-31 18:54:00,2026
2026-04-01 10:33:00,2026-04-01 10:45:00,BUY,4729.59,4728.28,4716.726678457989,4753.8466430840235,12.863321542011363,-1.3100000000004002,-2.6200000000008004,-0.0,-0.10183994823747235,SL_purple,1,purple,False,12,17.970000000000255,1.110000000000582,2026-04-01 10:30:00,2026
2026-04-01 12:09:00,2026-04-01 12:25:00,SELL,4722.6,4723.65,4731.8831741479,4704.183651704199,9.283174147899445,-1.0499999999992724,-2.099999999998545,0.0,-0.11310786410668185,SL_purple,1,purple,False,16,8.329999999999927,1.3699999999998909,2026-04-01 12:06:00,2026
2026-04-02 04:18:00,2026-04-02 04:32:00,SELL,4729.4,4665.44732281535,4761.226338592325,4665.44732281535,31.826338592325556,63.952677184649474,127.90535436929895,0.0,2.0094261549794075,TP,1,purple,True,14,56.98999999999978,5.670000000000982,2026-04-02 04:15:00,2026
2026-04-02 22:54:00,2026-04-02 23:18:00,BUY,4673.99,4668.26,4663.61705695843,4693.26588608314,10.37294304156967,-5.729999999999563,-11.459999999999127,-0.0,-0.5523986757698883,SL_purple,1,purple,False,24,2.5600000000004,3.6099999999996726,2026-04-02 22:51:00,2026
2026-04-06 09:39:00,2026-04-06 09:50:00,SELL,4652.18,4660.97,4662.191865499842,4632.1562690003175,10.011865499841406,-8.789999999999964,-17.579999999999927,0.0,-0.8779582586421284,SL_purple,1,purple,False,11,0.0,6.390000000000327,2026-04-06 09:36:00,2026
2026-04-06 21:12:00,2026-04-06 21:36:00,BUY,4664.99,4656.05,4655.186970574007,4683.246058851985,9.803029425992463,-8.9399999999996,-17.8799999999992,-0.0,-0.911962987308335,SL_purple,1,purple,False,24,0.0,8.109999999999673,2026-04-06 21:09:00,2026
2026-04-06 21:39:00,2026-04-06 21:56:00,SELL,4653.06,4655.64,4661.760142825559,4634.219714348881,8.700142825558942,-2.5799999999999272,-5.1599999999998545,0.0,-0.29654685580798784,SL_purple,1,purple,False,17,3.7899999999999636,0.8099999999994907,2026-04-06 21:36:00,2026
2026-04-07 04:21:00,2026-04-07 04:37:00,BUY,4654.89,4645.67,4637.747186412305,4687.585627175388,17.142813587694945,-9.220000000000255,-18.44000000000051,-0.0,-0.5378346998195407,SL_purple,1,purple,True,16,7.4099999999998545,9.289999999999964,2026-04-07 04:18:00,2026
2026-04-07 05:39:00,2026-04-07 06:08:00,BUY,4639.99,4642.52,4627.276493214896,4663.767013570207,12.713506785104073,2.530000000000655,5.06000000000131,-0.0,0.19900095565803752,SL_purple,1,purple,False,29,13.789999999999964,1.2199999999993452,2026-04-07 05:36:00,2026
2026-04-07 11:03:00,2026-04-07 11:21:00,BUY,4656.7300000000005,4682.293377244083,4643.573311377958,4682.293377244083,13.156688622042566,25.563377244082403,51.126754488164806,-0.0,1.942994774631499,TP,1,purple,False,18,18.529999999999745,8.350000000000364,2026-04-07 11:00:00,2026
2026-04-07 21:51:00,2026-04-07 22:08:00,SELL,4670.39,4668.47,4680.864938852333,4649.050122295335,10.474938852332343,1.9200000000000728,3.8400000000001455,0.0,0.18329462606577096,SL_purple,1,purple,False,17,12.800000000000182,0.5999999999994543,2026-04-07 21:48:00,2026
2026-04-08 01:21:00,2026-04-08 01:32:00,SELL,4726.73,4742.64,4743.905918569295,4692.498162861411,17.17591856929539,-15.910000000000764,-31.820000000001528,0.0,-0.9262968926996631,SL_purple,1,purple,False,11,0.0,13.550000000001091,2026-04-08 01:18:00,2026
2026-04-09 05:57:00,2026-04-09 06:30:00,SELL,4719.7,4713.5,4728.700214753157,4701.459570493686,9.000214753156797,6.199999999999818,12.399999999999636,0.0,0.6888724513851392,SL_purple,1,purple,False,33,14.289999999999964,1.9600000000000364,2026-04-09 05:54:00,2026
2026-04-09 15:45:00,2026-04-09 16:15:00,BUY,4744.030000000001,4757.274513600856,4736.612743199572,4757.274513600856,7.417256800428731,13.244513600855498,26.489027201710996,-0.0,1.7856350342474243,TP,1,purple,False,30,12.30999999999949,6.840000000001055,2026-04-09 15:42:00,2026
2026-04-09 19:42:00,2026-04-09 20:07:00,SELL,4786.28,4793.51,4797.065602153256,4764.168795693489,10.78560215325615,-7.230000000000473,-14.460000000000946,0.0,-0.6703380949220116,SL_purple,1,purple,False,25,1.569999999999709,6.290000000000873,2026-04-09 19:39:00,2026
2026-04-09 20:18:00,2026-04-09 20:25:00,BUY,4796.1900000000005,4789.87,4788.007393249616,4810.245213500768,8.182606750384366,-6.3200000000006185,-12.640000000001237,-0.0,-0.772370002958256,SL_purple,1,purple,False,7,1.8599999999996726,4.420000000000073,2026-04-09 20:15:00,2026
2026-04-09 22:06:00,2026-04-09 22:18:00,BUY,4778.49,4773.94,4768.534129885836,4796.811740228329,9.9558701141641,-4.550000000000182,-9.100000000000364,-0.0,-0.45701680996490207,SL_purple,1,purple,False,12,3.8900000000003274,4.139999999999418,2026-04-09 22:03:00,2026
2026-04-10 05:51:00,2026-04-10 06:26:00,BUY,4750.780000000001,4755.26,4742.871798305035,4764.97640338993,7.90820169496601,4.479999999999563,8.959999999999127,-0.0,0.5665004729016107,SL_purple,1,purple,False,35,10.969999999999345,3.430000000000291,2026-04-10 05:48:00,2026
2026-04-10 11:45:00,2026-04-10 11:57:00,SELL,4742.31,4740.09,4750.970095676954,4724.479808646093,8.66009567695346,2.2200000000002547,4.440000000000509,0.0,0.25634820708831124,SL_purple,1,purple,True,12,11.600000000000364,1.9600000000000364,2026-04-10 11:42:00,2026
2026-04-10 18:30:00,2026-04-10 19:06:00,SELL,4775.82,4752.042251230477,4787.798874384762,4752.042251230477,11.978874384762094,23.777748769522987,47.55549753904597,0.0,1.9849735464101559,TP,1,purple,True,36,23.609999999999673,2.850000000000364,2026-04-10 18:27:00,2026
2026-04-13 09:51:00,2026-04-13 10:00:00,SELL,4721.92,4728.343869819918,4728.343869819918,4708.9522603601645,6.423869819917854,-6.423869819917854,-12.847739639835709,0.0,-1.0,SL,1,purple,False,9,0.36999999999989086,4.100000000000364,2026-04-13 09:48:00,2026
2026-04-13 16:42:00,2026-04-13 16:49:00,SELL,4724.64,4733.01,4733.35878028442,4707.20243943116,8.718780284420063,-8.36999999999989,-16.73999999999978,0.0,-0.9599966654689737,SL_purple,1,purple,False,7,1.949999999999818,8.1899999999996,2026-04-13 16:39:00,2026
2026-04-14 17:03:00,2026-04-14 17:39:00,BUY,4803.97,4805.06,4789.206799589151,4831.726400821698,14.763200410849095,1.0900000000001455,2.180000000000291,-0.0,0.07383222943983966,SL_purple,1,purple,False,36,13.63000000000011,11.300000000000182,2026-04-14 17:00:00,2026
2026-04-14 20:00:00,2026-04-14 20:03:00,SELL,4809.96,4816.416105189803,4816.416105189803,4796.807789620395,6.456105189802656,-6.456105189802656,-12.912210379605312,0.0,-1.0,SL,1,purple,False,3,0.25,4.690000000000509,2026-04-14 19:57:00,2026
2026-04-14 22:03:00,2026-04-14 23:17:00,BUY,4839.21,4840.85,4832.953666617274,4850.192666765451,6.256333382725643,1.6400000000003274,3.280000000000655,-0.0,0.2621343684351173,SL_purple,1,purple,True,74,6.890000000000327,1.050000000000182,2026-04-14 22:00:00,2026
2026-04-15 04:00:00,2026-04-15 04:02:00,BUY,4835.79,4829.984930329599,4829.984930329599,4845.960139340804,5.805069670401281,-5.805069670401281,-11.610139340802561,-0.0,-1.0,SL,1,purple,False,2,1.9700000000002547,2.7299999999995634,2026-04-15 03:57:00,2026
2026-04-15 07:12:00,2026-04-15 07:23:00,BUY,4826.24,4820.69,4819.167325357587,4838.825349284826,7.072674642412494,-5.550000000000182,-11.100000000000364,-0.0,-0.7847102094473093,SL_purple,1,purple,True,11,0.07999999999992724,5.389999999999418,2026-04-15 07:09:00,2026
2026-04-15 11:57:00,2026-04-15 12:02:00,BUY,4815.95,4812.5,4809.295652511485,4827.78869497703,6.654347488514759,-3.449999999999818,-6.899999999999636,-0.0,-0.5184580465559446,SL_purple,1,purple,False,5,5.350000000000364,0.6300000000001091,2026-04-15 11:54:00,2026
2026-04-15 12:09:00,2026-04-15 12:13:00,SELL,4806.76,4808.26,4816.509515387214,4787.080969225571,9.74951538721416,-1.5,-3.0,0.0,-0.1538538009763183,SL_purple,1,purple,True,4,13.75,0.8800000000001091,2026-04-15 12:06:00,2026
2026-04-16 04:06:00,2026-04-16 04:39:00,SELL,4828.88,4814.223452696193,4836.148273651904,4814.223452696193,7.268273651903655,14.656547303807201,29.313094607614403,0.0,2.016510110343529,TP,1,purple,False,33,14.029999999999745,3.819999999999709,2026-04-16 04:03:00,2026
2026-04-16 10:21:00,2026-04-16 10:25:00,SELL,4819.48,4828.01,4829.189041478248,4800.301917043505,9.709041478248764,-8.530000000000655,-17.06000000000131,0.0,-0.8785625253646795,SL_purple,1,purple,False,4,0.5499999999992724,5.680000000000291,2026-04-16 10:18:00,2026
2026-04-16 15:36:00,2026-04-16 16:08:00,BUY,4820.6900000000005,4814.89,4812.45669918878,4835.77660162244,8.233300811220943,-5.800000000000182,-11.600000000000364,-0.0,-0.70445622393579,SL_purple,1,purple,False,32,2.1899999999996,7.630000000000109,2026-04-16 15:33:00,2026
2026-04-17 12:36:00,2026-04-17 12:46:00,BUY,4798.63,4791.629434704483,4791.629434704483,4811.2811305910345,7.000565295516935,-7.000565295516935,-14.00113059103387,-0.0,-1.0,SL,1,purple,False,10,0.0,6.050000000000182,2026-04-17 12:33:00,2026
2026-04-17 15:21:00,2026-04-17 15:28:00,BUY,4806.55,4819.191788524918,4799.704105737541,4819.191788524918,6.845894262459296,12.641788524917501,25.283577049835003,-0.0,1.8466233979453996,TP,1,purple,False,7,11.63000000000011,0.7100000000000364,2026-04-17 15:18:00,2026
2026-04-17 22:54:00,2026-04-17 23:18:00,SELL,4854.65,4850.77,4860.294772094042,4843.600455811915,5.64477209404231,3.8799999999991996,7.759999999998399,0.0,0.6873616747245275,SL_purple,1,purple,True,24,9.699999999999818,1.480000000000473,2026-04-17 22:51:00,2026
2026-04-20 02:06:00,2026-04-20 02:43:00,SELL,4773.65,4752.073127648413,4784.438436175793,4752.073127648413,10.788436175793322,21.576872351586644,43.15374470317329,0.0,2.0,TP,1,purple,False,37,13.9399999999996,5.660000000000764,2026-04-20 02:03:00,2026
2026-04-20 23:03:00,2026-04-20 23:19:00,BUY,4816.17,4812.01,4811.717413272542,4823.665173454915,4.452586727457856,-4.1599999999998545,-8.319999999999709,-0.0,-0.9342883709252195,SL_purple,1,purple,False,16,0.10999999999967258,3.9700000000002547,2026-04-20 23:00:00,2026
2026-04-21 14:33:00,2026-04-21 15:14:00,BUY,4789.85,4790.87,4781.624617892111,4804.680764215779,8.225382107889345,1.019999999999527,2.039999999999054,-0.0,0.12400639710357016,SL_purple,1,purple,False,41,8.089999999999236,2.8700000000008004,2026-04-21 14:30:00,2026
2026-04-21 18:42:00,2026-04-21 19:51:00,SELL,4739.3,4714.947052870706,4751.536473564647,4714.947052870706,12.236473564646985,24.35294712929408,48.70589425858816,0.0,1.9901932530343882,TP,1,purple,False,69,20.48999999999978,11.090000000000146,2026-04-21 18:39:00,2026
2026-04-22 02:06:00,2026-04-22 02:19:00,BUY,4722.4400000000005,4732.396004208143,4716.726997895928,4732.396004208143,5.713002104072075,9.956004208142076,19.912008416284152,-0.0,1.7426922004887242,TP,1,purple,False,13,7.139999999999418,1.5000000000009095,2026-04-22 02:03:00,2026
2026-04-22 06:06:00,2026-04-22 06:37:00,BUY,4759.29,4759.41,4751.753054956404,4772.56389008719,7.536945043595551,0.11999999999989086,0.23999999999978172,-0.0,0.0159215702523743,SL_purple,1,purple,False,31,5.510000000000218,2.7899999999999636,2026-04-22 06:03:00,2026
2026-04-23 02:42:00,2026-04-23 02:46:00,SELL,4724.68,4727.32,4728.356152691931,4717.387694616137,3.676152691930838,-2.639999999999418,-5.279999999998836,0.0,-0.7181420961632586,SL_purple,1,purple,False,4,0.6300000000001091,2.2100000000000364,2026-04-23 02:39:00,2026
2026-04-23 18:09:00,2026-04-23 18:17:00,SELL,4727.02,4736.1,4736.337113094898,4708.325773810204,9.31711309489765,-9.079999999999927,-18.159999999999854,0.0,-0.9745507978187392,SL_purple,1,purple,False,8,0.0,8.170000000000073,2026-04-23 18:06:00,2026
2026-04-24 01:21:00,2026-04-24 02:00:00,SELL,4693.31,4694.85,4699.828462976644,4679.403074046713,6.518462976643605,-1.5399999999999636,-3.0799999999999272,0.0,-0.23625201301563867,SL_purple,1,purple,False,39,2.9600000000000364,3.5599999999994907,2026-04-24 01:18:00,2026
2026-04-24 04:00:00,2026-04-24 04:02:00,BUY,4704.85,4698.044703621941,4698.044703621941,4716.990592756117,6.805296378059211,-6.805296378059211,-13.610592756118422,-0.0,-1.0,SL,1,purple,True,2,2.8099999999994907,5.150000000000546,2026-04-24 03:57:00,2026
2026-04-24 07:03:00,2026-04-24 07:09:00,SELL,4669.66,4674.542733003462,4674.542733003462,4659.654533993076,4.882733003461908,-4.882733003461908,-9.765466006923816,0.0,-1.0,SL,1,purple,False,6,0.08999999999923602,3.350000000000364,2026-04-24 07:00:00,2026
2026-04-24 12:06:00,2026-04-24 12:22:00,BUY,4692.91,4691.04,4686.567069349768,4704.005861300465,6.34293065023212,-1.8699999999998909,-3.7399999999997817,-0.0,-0.2948164031923411,SL_purple,1,purple,False,16,3.630000000000109,2.630000000000109,2026-04-24 12:03:00,2026
2026-04-27 18:57:00,2026-04-27 19:08:00,SELL,4669.54,4674.44,4678.004547362398,4652.730905275204,8.464547362397752,-4.899999999999636,-9.799999999999272,0.0,-0.578885059083846,SL_purple,1,purple,False,11,1.9699999999993452,4.869999999999891,2026-04-27 18:54:00,2026
2026-04-27 19:15:00,2026-04-27 19:44:00,BUY,4674.93,4674.28,4668.49585658518,4686.328286829638,6.434143414820028,-0.6500000000005457,-1.3000000000010914,-0.0,-0.10102354860530058,SL_purple,1,purple,False,29,4.389999999999418,1.3699999999998909,2026-04-27 19:12:00,2026
2026-04-28 03:03:00,2026-04-28 03:19:00,BUY,4697.2300000000005,4696.56,4691.054780521226,4707.1504389575475,6.175219478774125,-0.6700000000000728,-1.3400000000001455,-0.0,-0.10849816792796456,SL_purple,1,purple,True,16,3.7899999999999636,2.8100000000004,2026-04-28 03:00:00,2026
2026-04-28 04:51:00,2026-04-28 05:00:00,SELL,4682.26,4668.382493696292,4689.153753151853,4668.382493696292,6.893753151853161,13.877506303708287,27.755012607416575,0.0,2.0130552977484797,TP,1,purple,True,9,12.710000000000036,2.050000000000182,2026-04-28 04:48:00,2026
2026-04-28 05:39:00,2026-04-28 06:07:00,SELL,4670.98,4672.48,4677.278275551446,4659.253448897109,6.29827555144675,-1.5,-3.0,0.0,-0.2381604278421006,SL_purple,1,purple,False,28,4.2499999999990905,2.5500000000010914,2026-04-28 05:36:00,2026
2026-04-28 06:12:00,2026-04-28 06:54:00,BUY,4673.71,4669.98,4668.244826554815,4683.2003468903695,5.465173445185428,-3.730000000000473,-7.460000000000946,-0.0,-0.682503499186551,SL_purple,1,purple,False,42,1.9700000000002547,3.4099999999998545,2026-04-28 06:09:00,2026
2026-04-28 09:24:00,2026-04-28 09:30:00,SELL,4625.23,4633.93,4636.190135483181,4603.099729033638,10.960135483181148,-8.700000000000728,-17.400000000001455,0.0,-0.793785807972109,SL_purple,1,purple,False,6,0.9999999999990905,7.550000000001091,2026-04-28 09:21:00,2026
2026-04-28 14:33:00,2026-04-28 14:39:00,SELL,4593.14,4572.295304120794,4603.412347939603,4572.295304120794,10.272347939602696,20.844695879206483,41.68939175841297,0.0,2.0292046182396635,TP,1,purple,True,6,18.400000000000546,0.6099999999996726,2026-04-28 14:30:00,2026
2026-04-29 13:45:00,2026-04-29 14:03:00,SELL,4566.2,4571.68,4573.40886423105,4551.632271537899,7.208864231050029,-5.480000000000473,-10.960000000000946,0.0,-0.7601752265491435,SL_purple,1,purple,False,18,1.75,5.330000000000837,2026-04-29 13:42:00,2026
2026-04-30 17:39:00,2026-04-30 17:46:00,SELL,4612.62,4621.728549589671,4621.728549589671,4594.522900820657,9.108549589671384,-9.108549589671384,-18.217099179342767,0.0,-1.0,SL,1,purple,False,7,0.9699999999993452,8.510000000000218,2026-04-30 17:36:00,2026
2026-05-01 02:57:00,2026-05-01 03:05:00,SELL,4629.4,4629.42,4633.984299128663,4620.051401742674,4.584299128663588,-0.020000000000436557,-0.040000000000873115,0.0,-0.00436271705643845,SL_purple,1,purple,False,8,5.849999999999454,0.7100000000009459,2026-05-01 02:54:00,2026
2026-05-01 04:45:00,2026-05-01 05:10:00,BUY,4620.41,4627.57928656256,4616.03035671872,4627.57928656256,4.379643281279641,7.169286562560046,14.338573125120092,-0.0,1.6369567341715852,TP,1,purple,False,25,5.610000000000582,1.8299999999999272,2026-05-01 04:42:00,2026
2026-05-01 08:39:00,2026-05-01 09:22:00,SELL,4609.46,4596.189212781791,4615.855393609105,4596.189212781791,6.395393609104758,13.27078721820908,26.54157443641816,0.0,2.075054020024071,TP,1,purple,False,43,13.1899999999996,4.329999999999927,2026-05-01 08:36:00,2026
2026-05-01 10:18:00,2026-05-01 10:21:00,BUY,4597.95,4590.837351873984,4590.837351873984,4610.705296252033,7.112648126016211,-7.112648126016211,-14.225296252032422,-0.0,-1.0,SL,1,purple,False,3,0.0,2.7899999999999636,2026-05-01 10:15:00,2026
2026-05-01 12:24:00,2026-05-01 12:50:00,BUY,4570.89,4567.07,4565.262121668396,4580.675756663208,5.627878331604734,-3.8200000000006185,-7.640000000001237,-0.0,-0.6787637853768923,SL_purple,1,purple,False,26,1.8499999999994543,3.5100000000002183,2026-05-01 12:21:00,2026
2026-05-04 04:48:00,2026-05-04 04:59:00,BUY,4602.39,4612.517989627631,4596.501005186185,4612.517989627631,5.888994813815771,10.127989627630996,20.25597925526199,-0.0,1.7198163604882801,TP,1,purple,False,11,9.339999999999236,1.5799999999999272,2026-05-04 04:45:00,2026
2026-05-04 12:15:00,2026-05-04 12:46:00,BUY,4584.37,4579.7,4577.039745830619,4597.500508338761,7.330254169381078,-4.670000000000073,-9.340000000000146,-0.0,-0.6370856851740488,SL_purple,1,purple,False,31,0.010000000000218279,4.170000000000073,2026-05-04 12:12:00,2026
2026-05-04 18:51:00,2026-05-04 19:19:00,SELL,4521.64,4521.61,4538.383469900995,4488.21306019801,16.74346990099457,0.030000000000654836,0.06000000000130967,0.0,0.0017917432992114032,SL_purple,1,purple,False,28,20.470000000000255,8.930000000000291,2026-05-04 18:48:00,2026
2026-05-05 08:36:00,2026-05-05 08:55:00,BUY,4550.2300000000005,4544.06,4539.875021996593,4569.169956006815,10.354978003407268,-6.170000000000073,-12.340000000000146,-0.0,-0.5958486824375538,SL_purple,1,purple,False,19,1.1199999999998909,5.8100000000004,2026-05-05 08:33:00,2026
2026-05-05 10:30:00,2026-05-05 10:35:00,SELL,4548.74,4554.070517565536,4554.070517565536,4538.048964868927,5.330517565535956,-5.330517565535956,-10.661035131071912,0.0,-1.0,SL,1,purple,False,5,0.0,4.110000000000582,2026-05-05 10:27:00,2026
2026-05-05 13:45:00,2026-05-05 14:05:00,SELL,4545.02,4546.06,4551.101524812902,4532.556950374195,6.081524812901989,-1.0399999999999636,-2.0799999999999272,0.0,-0.1710097437724167,SL_purple,1,purple,True,20,4.699999999999818,1.1899999999995998,2026-05-05 13:42:00,2026
2026-05-05 17:15:00,2026-05-05 17:24:00,SELL,4573.28,4578.09,4583.6749715075475,4552.190056984906,10.39497150754778,-4.8100000000004,-9.6200000000008,0.0,-0.46272373103744086,SL_purple,1,purple,False,9,7.1899999999996,4.530000000000655,2026-05-05 17:12:00,2026
2026-05-07 08:33:00,2026-05-07 08:58:00,BUY,4705.150000000001,4700.62,4695.099398902387,4723.901202195225,10.050601097613253,-4.530000000000655,-9.06000000000131,-0.0,-0.4507193108157887,SL_purple,1,purple,True,25,1.2099999999991269,3.7500000000009095,2026-05-07 08:30:00,2026
2026-05-07 16:06:00,2026-05-07 16:21:00,SELL,4739.18,4742.13,4747.787010217461,4722.025979565077,8.607010217460811,-2.949999999999818,-5.899999999999636,0.0,-0.34274387103842774,SL_purple,1,purple,False,15,7.670000000000073,2.7899999999999636,2026-05-07 16:03:00,2026
2026-05-08 01:48:00,2026-05-08 02:09:00,SELL,4684.26,4691.22,4692.950772467634,4667.178455064731,8.690772467633906,-6.960000000000036,-13.920000000000073,0.0,-0.8008494096376823,SL_purple,1,purple,False,21,2.0299999999997453,5.510000000000218,2026-05-08 01:45:00,2026
2026-05-08 13:09:00,2026-05-08 13:37:00,BUY,4714.55,4725.682301967333,4708.248849016334,4725.682301967333,6.301150983666048,11.13230196733275,22.2646039346655,-0.0,1.766709287904717,TP,1,purple,False,28,10.220000000000255,1.9700000000002547,2026-05-08 13:06:00,2026
2026-05-08 14:06:00,2026-05-08 14:11:00,BUY,4726.89,4719.74,4718.7552855372105,4741.509428925579,8.134714462789816,-7.150000000000546,-14.300000000001091,-0.0,-0.8789491054303631,SL_purple,1,purple,True,5,0.10999999999967258,6.829999999999927,2026-05-08 14:03:00,2026
2026-05-08 21:54:00,2026-05-08 22:03:00,SELL,4723.44,4724.93,4725.923528498082,4718.472943003834,2.4835284980827055,-1.4900000000006912,-2.9800000000013824,0.0,-0.599952849806627,SL_purple,1,purple,False,9,3.199999999999818,1.3100000000004002,2026-05-08 21:51:00,2026
2026-05-11 01:12:00,2026-05-11 02:56:00,BUY,4693.01,4693.06,4680.86178187121,4716.436436257581,12.148218128790177,0.0500000000001819,0.1000000000003638,-0.0,0.004115829948894844,SL_purple,1,purple,False,104,5.329999999999927,11.329999999999927,2026-05-11 01:09:00,2026
2026-05-11 23:51:00,2026-05-12 01:00:00,SELL,4733.77,4736.4,4738.362048908362,4724.435902183276,4.592048908361903,-2.6299999999991996,-5.259999999998399,0.0,-0.5727290916283785,SL_purple,1,purple,False,9,0.9800000000004729,2.5399999999999636,2026-05-11 23:48:00,2026
2026-05-12 07:18:00,2026-05-12 07:29:00,BUY,4730.27,4722.54,4720.725857881277,4747.708284237447,9.544142118723357,-7.730000000000473,-15.460000000000946,-0.0,-0.8099208817140343,SL_purple,1,purple,False,11,0.0,6.330000000000837,2026-05-12 07:15:00,2026
2026-05-12 09:57:00,2026-05-12 10:11:00,SELL,4695.2,4697.97,4704.259697641085,4676.9606047178295,9.059697641085222,-2.7700000000004366,-5.540000000000873,0.0,-0.3057497181184769,SL_purple,1,purple,False,14,7.75,4.710000000000036,2026-05-12 09:54:00,2026
2026-05-12 15:09:00,2026-05-12 15:14:00,SELL,4698.48,4706.4,4706.918724440059,4681.722551119883,8.43872444005956,-7.920000000000073,-15.840000000000146,0.0,-0.9385304682308331,SL_purple,1,purple,False,5,0.0,7.0700000000006185,2026-05-12 15:06:00,2026
2026-05-12 16:57:00,2026-05-12 17:13:00,SELL,4687.56,4693.79,4700.477428551469,4661.725142897064,12.91742855146822,-6.229999999999563,-12.459999999999127,0.0,-0.48229413270425636,SL_purple,1,purple,False,16,11.070000000000618,5.769999999999527,2026-05-12 16:54:00,2026
2026-05-13 06:54:00,2026-05-13 07:06:00,SELL,4697.84,4699.21,4703.431736156575,4686.596527686848,5.59173615657528,-1.3699999999998909,-2.7399999999997817,0.0,-0.24500440679571733,SL_purple,1,purple,False,12,3.269999999999527,1.1499999999996362,2026-05-13 06:51:00,2026
2026-05-13 07:18:00,2026-05-13 07:36:00,BUY,4700.81,4698.51,4695.4016789635225,4710.096642072956,5.408321036477901,-2.300000000000182,-4.600000000000364,-0.0,-0.4252706125407872,SL_purple,1,purple,False,18,2.4199999999991633,2.0100000000002183,2026-05-13 07:15:00,2026
2026-05-13 21:57:00,2026-05-13 22:34:00,BUY,4687.070000000001,4684.76,4680.672856030761,4698.454287938479,6.397143969239551,-2.3100000000004,-4.6200000000008,-0.0,-0.3610986420046128,SL_purple,1,purple,True,37,3.3499999999994543,3.910000000000764,2026-05-13 21:54:00,2026
2026-05-14 09:00:00,2026-05-14 09:32:00,SELL,4689.18,4693.47,4699.3655512212235,4669.468897557552,10.18555122122325,-4.289999999999964,-8.579999999999927,0.0,-0.42118486342310585,SL_purple,1,purple,False,32,2.6400000000003274,5.850000000000364,2026-05-14 08:57:00,2026
2026-05-15 04:12:00,2026-05-15 04:20:00,SELL,4610.73,4623.72,4625.107500890928,4581.974998218142,14.377500890928786,-12.990000000000691,-25.980000000001382,0.0,-0.9034949883533993,SL_purple,1,purple,True,8,2.819999999999709,10.360000000000582,2026-05-15 04:09:00,2026
2026-05-15 09:18:00,2026-05-15 09:44:00,BUY,4577.530000000001,4567.32,4562.359386419657,4606.521227160685,15.170613580343343,-10.210000000000946,-20.42000000000189,-0.0,-0.6730116712767706,SL_purple,1,purple,False,26,2.8099999999994907,7.690000000000509,2026-05-15 09:15:00,2026
2026-05-15 15:45:00,2026-05-15 15:51:00,SELL,4545.5,4553.465482742356,4553.465482742356,4529.74903451529,7.965482742355562,-7.965482742355562,-15.930965484711123,0.0,-1.0,SL,1,purple,False,6,1.4699999999993452,6.710000000000036,2026-05-15 15:42:00,2026
2026-05-18 07:27:00,2026-05-18 07:31:00,SELL,4536.58,4541.43,4545.6472613761625,4518.565477247675,9.067261376162605,-4.850000000000364,-9.700000000000728,0.0,-0.5348913854794989,SL_purple,1,purple,False,4,6.229999999999563,4.010000000000218,2026-05-18 07:24:00,2026
2026-05-18 10:21:00,2026-05-18 10:26:00,SELL,4538.6,4546.65,4548.979649881725,4517.960700236551,10.379649881724617,-8.049999999999272,-16.099999999998545,0.0,-0.7755560246952892,SL_purple,1,purple,False,5,0.0,7.1899999999996,2026-05-18 10:18:00,2026
2026-05-18 10:51:00,2026-05-18 11:24:00,SELL,4540.72,4549.7,4552.178674242016,4517.562651515968,11.458674242016059,-8.979999999999563,-17.959999999999127,0.0,-0.7836857746659884,SL_purple,1,purple,False,33,0.3999999999996362,8.609999999999673,2026-05-18 10:48:00,2026
2026-05-18 15:00:00,2026-05-18 15:32:00,SELL,4550.66,4556.1,4561.576490817191,4528.227018365617,10.916490817191516,-5.440000000000509,-10.880000000001019,0.0,-0.49832863793862076,SL_purple,1,purple,False,32,5.1899999999996,6.3100000000004,2026-05-18 14:57:00,2026
2026-05-19 08:12:00,2026-05-19 08:21:00,BUY,4546.39,4540.24,4540.130710705012,4557.438578589976,6.2592892949887755,-6.150000000000546,-12.300000000001091,-0.0,-0.9825396638759407,SL_purple,1,purple,False,9,0.0,5.329999999999927,2026-05-19 08:09:00,2026
2026-05-19 08:24:00,2026-05-19 08:29:00,SELL,4533.1,4539.9,4542.5324587064415,4514.415082587117,9.432458706441139,-6.799999999999272,-13.599999999998545,0.0,-0.7209148973380355,SL_purple,1,purple,True,5,1.8500000000003638,6.769999999999527,2026-05-19 08:21:00,2026
2026-05-19 21:54:00,2026-05-19 22:11:00,SELL,4495.18,4497.22,4500.756001552275,4483.48799689545,5.576001552274647,-2.0399999999999636,-4.079999999999927,0.0,-0.3658535566884439,SL_purple,1,purple,True,17,4.670000000000073,1.9799999999995634,2026-05-19 21:51:00,2026
2026-05-20 12:15:00,2026-05-20 12:33:00,SELL,4480.1,4481.38,4486.204408157337,4467.831183685326,6.1044081573363655,-1.2799999999997453,-2.5599999999994907,0.0,-0.20968453730627806,SL_purple,1,purple,False,18,7.110000000000582,4.010000000000218,2026-05-20 12:12:00,2026
2026-05-20 21:00:00,2026-05-20 21:15:00,SELL,4530.65,4534.738085700209,4534.738085700209,4522.773828599582,4.088085700209376,-4.088085700209376,-8.176171400418752,0.0,-1.0,SL,1,purple,False,15,1.0999999999994543,3.7200000000002547,2026-05-20 20:57:00,2026
2026-05-20 23:24:00,2026-05-21 01:00:00,SELL,4544.0,4545.61,4548.429564212678,4535.110871574643,4.429564212678088,-1.6099999999996726,-3.219999999999345,0.0,-0.36346690615560046,SL_purple,1,purple,False,36,1.8099999999994907,2.9700000000002547,2026-05-20 23:21:00,2026
2026-05-21 04:57:00,2026-05-21 05:18:00,SELL,4560.5,4548.150121184057,4566.644939407971,4548.150121184057,6.144939407970924,12.349878815943157,24.699757631886314,0.0,2.009764132079721,TP,1,purple,False,21,9.86999999999989,4.5700000000006185,2026-05-21 04:54:00,2026
2026-05-21 12:12:00,2026-05-21 12:26:00,BUY,4537.110000000001,4535.71,4529.565893455003,4550.488213089994,7.544106544997703,-1.4000000000005457,-2.8000000000010914,-0.0,-0.18557532182904396,SL_purple,1,purple,False,14,5.229999999999563,1.0900000000001455,2026-05-21 12:09:00,2026
2026-05-21 17:09:00,2026-05-21 17:36:00,SELL,4503.68,4511.04,4514.667046620326,4481.585906759349,10.9870466203256,-7.359999999999673,-14.719999999999345,0.0,-0.6698797460624191,SL_purple,1,purple,False,27,5.170000000000073,6.970000000000255,2026-05-21 17:06:00,2026
2026-05-21 20:06:00,2026-05-21 20:10:00,SELL,4515.3,4520.538384545193,4520.538384545193,4504.973230909614,5.238384545193185,-5.238384545193185,-10.47676909038637,0.0,-1.0,SL,1,purple,False,4,0.7799999999997453,3.449999999999818,2026-05-21 20:03:00,2026
2026-05-22 14:39:00,2026-05-22 15:03:00,BUY,4519.21,4518.52,4513.416757624934,4529.266484750132,5.7932423750662565,-0.6899999999995998,-1.3799999999991996,-0.0,-0.11910428656831545,SL_purple,1,purple,False,24,5.6899999999996,2.2899999999999636,2026-05-22 14:36:00,2026
2026-05-25 10:36:00,2026-05-25 11:05:00,BUY,4559.33,4560.37,4554.631746049833,4567.136507900334,4.6982539501668725,1.0399999999999636,2.0799999999999272,-0.0,0.2213588305423603,SL_purple,1,purple,False,29,5.770000000000437,2.369999999999891,2026-05-25 10:33:00,2026
2026-05-25 13:42:00,2026-05-25 13:45:00,SELL,4568.96,4572.04,4573.094581982261,4560.390836035477,4.134581982260897,-3.0799999999999272,-6.1599999999998545,0.0,-0.744936250681309,SL_trail_purple,1,purple,False,3,0.1999999999998181,3.730000000000473,2026-05-25 13:39:00,2026
2026-05-25 14:39:00,2026-05-25 14:49:00,BUY,4576.24,4572.08,4571.035692222676,4584.908615554648,5.204307777324175,-4.1599999999998545,-8.319999999999709,-0.0,-0.7993378135946339,SL_purple,1,purple,True,10,0.6199999999998909,3.130000000000109,2026-05-25 14:36:00,2026
2026-05-26 03:51:00,2026-05-26 03:59:00,SELL,4543.43,4548.76,4551.6696736321965,4526.950652735608,8.239673632196173,-5.329999999999927,-10.659999999999854,0.0,-0.646870281266139,SL_purple,1,purple,False,8,3.7799999999997453,3.8099999999994907,2026-05-26 03:48:00,2026
2026-05-26 04:33:00,2026-05-26 04:59:00,SELL,4539.81,4537.36,4547.778612127991,4524.082775744017,7.968612127991037,2.4500000000007276,4.900000000001455,0.0,0.30745629987368905,SL_purple,1,purple,False,26,11.900000000000546,0.8400000000001455,2026-05-26 04:30:00,2026
2026-05-27 02:24:00,2026-05-27 02:28:00,SELL,4504.56,4510.233067115781,4510.233067115781,4493.45386576844,5.6730671157802135,-5.6730671157802135,-11.346134231560427,0.0,-1.0,SL,1,purple,False,4,0.0,3.8099999999994907,2026-05-27 02:21:00,2026
2026-05-27 10:33:00,2026-05-27 10:36:00,BUY,4488.05,4481.96446683844,4481.96446683844,4498.751066323121,6.085533161560306,-6.085533161560306,-12.171066323120613,-0.0,-1.0,SL,1,purple,False,3,0.10999999999967258,5.110000000000582,2026-05-27 10:30:00,2026
2026-05-27 10:51:00,2026-05-27 11:00:00,SELL,4475.84,4483.43,4485.121385801369,4457.457228397261,9.281385801368742,-7.5900000000001455,-15.180000000000291,0.0,-0.8177658123941831,SL_purple,1,purple,False,9,0.0,6.829999999999927,2026-05-27 10:48:00,2026
2026-05-27 15:51:00,2026-05-27 16:07:00,SELL,4441.46,4416.775142452455,4453.772428773772,4416.775142452455,12.312428773771899,24.684857547545107,49.369715095090214,0.0,2.004873124637206,TP,1,purple,False,16,20.13000000000011,5.829999999999927,2026-05-27 15:48:00,2026
2026-05-27 20:30:00,2026-05-27 21:06:00,BUY,4450.17,4448.75,4443.409774049725,4462.220451900552,6.760225950275526,-1.4200000000000728,-4.576800000000146,-1.7368000000000001,-0.21005215068916416,SL_purple,1,purple,False,36,4.019999999999527,1.4099999999998545,2026-05-27 20:27:00,2026
2026-05-28 03:48:00,2026-05-28 04:01:00,BUY,4454.97,4448.7,4447.816771525361,4467.926456949279,7.153228474639036,-6.270000000000437,-12.540000000000873,-0.0,-0.8765272942462293,SL_purple,1,purple,False,13,3.380000000000109,5.690000000000509,2026-05-28 03:45:00,2026
2026-05-28 14:33:00,2026-05-28 14:37:00,SELL,4381.66,4389.216363092897,4389.216363092897,4367.357273814207,7.5563630928973,-7.5563630928973,-15.1127261857946,0.0,-1.0,SL,1,purple,False,4,0.4499999999998181,6.510000000000218,2026-05-28 14:30:00,2026
2026-05-28 21:03:00,2026-05-28 21:10:00,BUY,4515.21,4508.66,4506.931302207085,4530.267395585831,8.278697792915409,-6.550000000000182,-13.100000000000364,-0.0,-0.791187233045929,SL_purple,1,purple,False,7,1.1099999999996726,6.020000000000437,2026-05-28 21:00:00,2026
2026-05-29 23:30:00,2026-06-01 01:00:00,SELL,4542.15,4520.27,4546.548151813714,4533.593696372571,4.398151813714321,21.8799999999992,44.5515999999984,0.7916,4.974816906449878,TP,1,purple,False,30,4.869999999998981,2.100000000000364,2026-05-29 23:27:00,2026
2026-06-01 01:12:00,2026-06-01 02:34:00,BUY,4528.6900000000005,4539.91,4519.40956075172,4545.480878496561,9.280439248280345,11.219999999999345,22.43999999999869,-0.0,1.2089944990565396,SL_purple,1,purple,False,82,16.789999999999054,0.8500000000003638,2026-06-01 01:09:00,2026
2026-06-02 08:57:00,2026-06-02 09:05:00,SELL,4516.54,4522.37,4523.495818607602,4502.688362784797,6.955818607601941,-5.829999999999927,-11.659999999999854,0.0,-0.8381472158616071,SL_purple,1,purple,False,8,0.0500000000001819,4.610000000000582,2026-06-02 08:54:00,2026
2026-06-02 09:18:00,2026-06-02 09:28:00,BUY,4522.91,4532.792026176895,4517.263986911552,4532.792026176895,5.646013088447944,9.882026176895124,19.764052353790248,-0.0,1.7502662537418303,TP,1,purple,False,10,7.819999999999709,3.180000000000291,2026-06-02 09:15:00,2026
2026-06-02 12:54:00,2026-06-02 13:21:00,BUY,4530.93,4526.45,4524.522034254687,4542.215931490626,6.407965745313049,-4.480000000000473,-8.960000000000946,-0.0,-0.6991298296619735,SL_purple,1,purple,False,27,0.6499999999996362,3.6900000000005093,2026-06-02 12:51:00,2026
2026-06-03 08:27:00,2026-06-03 08:37:00,SELL,4468.58,4468.61,4473.45265502198,4458.774689956042,4.872655021979881,-0.02999999999974534,-0.05999999999949068,0.0,-0.006156807708409366,SL_purple,1,purple,True,10,9.25,0.5900000000001455,2026-06-03 08:24:00,2026
2026-06-04 06:24:00,2026-06-04 06:47:00,SELL,4468.9,4459.464650069841,4473.60267496508,4459.464650069841,4.702674965080405,9.435349930158736,18.870699860317472,0.0,2.0063793479712486,TP,1,purple,False,23,9.089999999999236,2.1500000000005457,2026-06-04 06:21:00,2026
2026-06-05 18:15:00,2026-06-05 19:49:00,SELL,4352.77,4334.65,4367.80647146795,4322.967057064098,15.036471467949923,18.1200000000008,36.2400000000016,0.0,1.2050699553165372,SL_purple,1,purple,False,94,29.300000000000182,5.3400000000001455,2026-06-05 18:12:00,2026
2026-06-08 05:18:00,2026-06-08 05:44:00,SELL,4313.4,4317.99,4326.548144735299,4286.983710529402,13.148144735298956,-4.5900000000001455,-9.180000000000291,0.0,-0.34909868216443696,SL_purple,1,purple,False,26,5.6899999999996,3.9200000000009823,2026-06-08 05:15:00,2026
2026-06-08 23:57:00,2026-06-08 23:59:00,BUY,4330.26,4326.016281901937,4326.016281901937,4337.217436196126,4.243718098063255,-4.243718098063255,-8.48743619612651,-0.0,-1.0,SL,1,purple,False,2,0.0,1.0600000000004002,2026-06-08 23:54:00,2026
2026-06-09 03:06:00,2026-06-09 03:21:00,BUY,4319.59,4317.58,4313.271457678938,4331.057084642124,6.318542321062523,-2.0100000000002183,-4.020000000000437,-0.0,-0.3181113456026069,SL_purple,1,purple,False,15,3.9700000000002547,1.4899999999997817,2026-06-09 03:03:00,2026
2026-06-09 18:30:00,2026-06-09 18:45:00,SELL,4278.58,4281.56,4293.204897120679,4249.210205758643,14.624897120678725,-2.980000000000473,-5.960000000000946,0.0,-0.20376211712196815,SL_purple,1,purple,False,15,15.210000000000036,3.740000000000691,2026-06-09 18:27:00,2026
2026-06-09 19:06:00,2026-06-09 20:01:00,SELL,4268.99,4255.85,4286.522321733333,4234.135356533335,17.532321733333447,13.139999999999418,26.279999999998836,0.0,0.7494728992462477,SL_purple,1,purple,False,55,32.23999999999978,3.7200000000002547,2026-06-09 19:03:00,2026
2026-06-10 03:33:00,2026-06-10 03:55:00,SELL,4208.16,4211.45,4223.397470174563,4178.585059650874,15.237470174562986,-3.2899999999999636,-6.579999999999927,0.0,-0.2159151067932654,SL_purple,1,purple,False,22,8.949999999999818,1.75,2026-06-10 03:30:00,2026
2026-06-10 04:42:00,2026-06-10 05:30:00,SELL,4192.44,4192.1,4212.13087290319,4153.71825419362,19.69087290319021,0.339999999999236,0.679999999998472,0.0,0.01726688307170735,SL_purple,1,purple,False,48,14.009999999999309,3.4500000000007276,2026-06-10 04:39:00,2026
2026-06-10 15:57:00,2026-06-10 16:30:00,SELL,4144.0,4151.41,4164.820065415766,4102.359869168467,20.820065415766294,-7.4099999999998545,-14.819999999999709,0.0,-0.35590666273260246,SL_purple,1,purple,False,33,10.80999999999949,14.3100000000004,2026-06-10 15:54:00,2026
2026-06-10 23:00:00,2026-06-10 23:25:00,SELL,4082.4,4078.09,4090.395670079192,4066.7086598416163,7.995670079191768,4.309999999999945,8.61999999999989,0.0,0.5390417510117697,SL_purple,1,purple,True,25,12.86999999999989,1.050000000000182,2026-06-10 22:57:00,2026
2026-06-11 06:21:00,2026-06-11 06:39:00,SELL,4061.38,4070.32,4075.7850362931204,4032.1499274137586,14.405036293120247,-8.940000000000055,-17.88000000000011,0.0,-0.6206162773966589,SL_purple,1,purple,False,18,4.210000000000036,7.630000000000109,2026-06-11 06:18:00,2026
2026-06-11 15:45:00,2026-06-11 16:14:00,BUY,4073.4900000000002,4071.97,4060.246973826105,4098.866052347789,13.243026173895032,-1.5200000000004366,-3.040000000000873,-0.0,-0.11477739151468995,SL_purple,1,purple,False,29,12.4699999999998,3.730000000000018,2026-06-11 15:42:00,2026
2026-06-12 13:18:00,2026-06-12 13:31:00,SELL,4216.12,4212.48,4225.596616527056,4197.22676694589,9.47661652705574,3.6400000000003274,7.280000000000655,0.0,0.38410333367485405,SL_purple,1,purple,False,13,13.029999999999745,2.0100000000002183,2026-06-12 13:15:00,2026
2026-06-15 04:24:00,2026-06-15 05:38:00,BUY,4305.01,4332.518539411789,4290.250730294106,4332.518539411789,14.75926970589444,27.50853941178866,55.01707882357732,-0.0,1.8638144000310883,TP,1,purple,False,74,26.909999999999854,8.470000000000255,2026-06-15 04:21:00,2026
2026-06-16 12:21:00,2026-06-16 12:30:00,SELL,4340.2,4344.52,4346.735540806482,4327.428918387036,6.535540806482459,-4.3200000000006185,-8.640000000001237,0.0,-0.6610011516898044,SL_purple,1,purple,False,9,1.4099999999998545,1.9700000000002547,2026-06-16 12:18:00,2026
2026-06-16 20:03:00,2026-06-16 20:20:00,SELL,4338.52,4327.881804056998,4343.749097971501,4327.881804056998,5.229097971500778,10.638195943002756,21.276391886005513,0.0,2.034422762966428,TP,1,purple,False,17,7.610000000000582,3.0900000000001455,2026-06-16 20:00:00,2026
2026-06-17 08:15:00,2026-06-17 08:18:00,SELL,4322.56,4326.480592440587,4326.480592440587,4313.9988151188245,3.9205924405869155,-3.9205924405869155,-7.841184881173831,0.0,-1.0,SL,1,purple,True,3,1.0299999999997453,2.5299999999997453,2026-06-17 08:12:00,2026
2026-06-17 14:06:00,2026-06-17 14:56:00,SELL,4329.02,4322.086094993911,4332.486952503045,4322.086094993911,3.466952503044922,6.933905006089844,13.867810012179689,0.0,2.0,TP,1,purple,False,50,5.130000000000109,3.0900000000001455,2026-06-17 14:03:00,2026
2026-06-17 18:21:00,2026-06-17 19:36:00,BUY,4355.650000000001,4360.4,4345.677876481751,4374.094247036497,9.972123518249646,4.7499999999990905,9.499999999998181,-0.0,0.47632783441824367,SL_purple,1,purple,False,75,10.699999999999818,1.4400000000005093,2026-06-17 18:18:00,2026
2026-06-17 19:39:00,2026-06-17 20:10:00,SELL,4359.55,4360.84,4364.617466681394,4349.625066637212,5.067466681393853,-1.2899999999999636,-2.5799999999999272,0.0,-0.25456506793353745,SL_purple,1,purple,False,31,4.140000000000327,1.3100000000004002,2026-06-17 19:36:00,2026
2026-06-18 13:09:00,2026-06-18 13:15:00,SELL,4264.8,4269.27,4272.210655005708,4249.738689988585,7.410655005707667,-4.470000000000255,-8.94000000000051,0.0,-0.6031855479114157,SL_purple,1,purple,False,6,2.649999999999636,4.390000000000327,2026-06-18 13:06:00,2026
2026-06-18 13:51:00,2026-06-18 14:01:00,SELL,4262.56,4250.898524637441,4268.420737681279,4250.898524637441,5.860737681278806,11.661475362559031,23.322950725118062,0.0,1.9897623809046698,TP,1,purple,False,10,9.489999999999782,0.8299999999999272,2026-06-18 13:48:00,2026
2026-06-19 03:51:00,2026-06-19 04:05:00,BUY,4191.6900000000005,4185.9,4184.66449933443,4203.79100133114,7.025500665570689,-5.790000000000873,-11.580000000001746,-0.0,-0.8241405524841047,SL_purple,1,purple,False,14,2.649999999999636,4.190000000000509,2026-06-19 03:48:00,2026
2026-06-19 16:18:00,2026-06-19 17:57:00,SELL,4165.94,4151.06,4177.881852710654,4142.17629457869,11.94185271065453,14.8799999999992,29.7599999999984,0.0,1.246037810089824,SL_purple,1,purple,False,99,22.969999999999345,2.6300000000010186,2026-06-19 16:15:00,2026
2026-06-19 18:09:00,2026-06-19 18:43:00,BUY,4151.47,4147.76,4144.24324576402,4164.933508471961,7.226754235980479,-3.7100000000000364,-7.420000000000073,-0.0,-0.5133701629880717,SL_purple,1,purple,False,34,2.389999999999418,3.630000000000109,2026-06-19 18:06:00,2026
2026-06-22 13:48:00,2026-06-22 14:04:00,SELL,4204.9,4208.47,4210.896522985251,4192.666954029497,5.996522985251431,-3.5700000000006185,-7.140000000001237,0.0,-0.5953450038932737,SL_purple,1,purple,False,16,0.9499999999998181,4.830000000000837,2026-06-22 13:45:00,2026
2026-06-22 14:06:00,2026-06-22 14:11:00,BUY,4213.95,4207.51,4204.407985893196,4231.624028213606,9.542014106803435,-6.4399999999996,-12.8799999999992,-0.0,-0.6749099223619774,SL_purple,1,purple,False,5,1.050000000000182,5.029999999999745,2026-06-22 14:03:00,2026
2026-06-22 14:27:00,2026-06-22 14:40:00,SELL,4206.34,4208.52,4211.43927300604,4195.421453987921,5.099273006039766,-2.180000000000291,-4.360000000000582,0.0,-0.427511921291176,SL_purple,1,purple,False,13,3.869999999999891,2.050000000000182,2026-06-22 14:24:00,2026
2026-06-22 19:12:00,2026-06-22 19:21:00,SELL,4175.04,4182.91,4183.269542740377,4158.640914519247,8.229542740376928,-7.869999999999891,-15.739999999999782,0.0,-0.9563107268872912,SL_purple,1,purple,True,9,0.0,5.5700000000006185,2026-06-22 19:09:00,2026
2026-06-22 19:33:00,2026-06-22 20:28:00,BUY,4184.2,4186.31,4177.104143134361,4196.951713731279,7.09585686563878,2.110000000000582,4.220000000001164,-0.0,0.2973566180876785,SL_purple,1,purple,False,55,8.529999999999745,3.649999999999636,2026-06-22 19:30:00,2026
2026-06-23 08:33:00,2026-06-23 08:34:00,SELL,4119.73,4128.637845324187,4128.637845324187,4102.004309351627,8.907845324187292,-8.907845324187292,-17.815690648374584,0.0,-1.0,SL,1,purple,False,1,1.1999999999989086,5.140000000000327,2026-06-23 08:30:00,2026
2026-06-23 08:54:00,2026-06-23 09:12:00,SELL,4118.66,4124.11,4128.187786321738,4099.484427356524,9.527786321737949,-5.449999999999818,-10.899999999999636,0.0,-0.5720111488610391,SL_trail_purple,1,purple,False,18,7.329999999999927,8.590000000000146,2026-06-23 08:51:00,2026
2026-06-23 14:36:00,2026-06-23 14:57:00,SELL,4122.57,4125.95,4130.817977121244,4106.044045757512,8.24797712124473,-3.380000000000109,-6.760000000000218,0.0,-0.4097974509766853,SL_purple,1,purple,False,21,4.089999999999236,4.3200000000006185,2026-06-23 14:33:00,2026
2026-06-24 01:21:00,2026-06-24 01:26:00,SELL,4106.96,4110.7,4113.59191046323,4093.5161790735383,6.63191046323027,-3.7399999999997817,-7.479999999999563,0.0,-0.5639400623298076,SL_purple,1,purple,True,5,1.9700000000002547,2.0900000000001455,2026-06-24 01:18:00,2026
2026-06-24 02:06:00,2026-06-24 02:39:00,SELL,4096.73,4081.6359042800204,4104.6070478599895,4081.6359042800204,7.877047859989943,15.094095719979123,30.188191439958246,0.0,1.9162122648317124,TP,1,purple,False,33,12.699999999999363,5.050000000001091,2026-06-24 02:03:00,2026
2026-06-24 03:24:00,2026-06-24 04:03:00,SELL,4100.84,4082.082783542208,4110.428608228895,4082.082783542208,9.588608228895282,18.75721645779231,37.51443291558462,0.0,1.9561980226981657,TP,1,purple,False,39,18.230000000000018,0.8299999999999272,2026-06-24 03:21:00,2026
2026-06-24 06:39:00,2026-06-24 07:01:00,BUY,4061.8300000000004,4061.07,4052.7084790636895,4078.033041872621,9.121520936310844,-0.7600000000002183,-1.5200000000004366,-0.0,-0.08331943820627755,SL_purple,1,purple,False,22,8.729999999999563,0.9500000000002728,2026-06-24 06:36:00,2026
2026-06-24 09:09:00,2026-06-24 09:18:00,BUY,4089.9700000000003,4087.11,4076.773001620507,4114.593996758987,13.19699837949338,-2.8600000000001273,-5.720000000000255,-0.0,-0.21671594689624565,SL_purple,1,purple,False,9,7.369999999999891,1.6300000000001091,2026-06-24 09:06:00,2026
2026-06-24 21:48:00,2026-06-24 22:26:00,SELL,3980.88,3981.8,3989.633500195385,3963.3129996092307,8.753500195384731,-0.9200000000000728,-1.8400000000001455,0.0,-0.10510081447020944,SL_purple,1,purple,False,38,7.150000000000091,4.5300000000002,2026-06-24 21:45:00,2026
2026-06-25 16:33:00,2026-06-25 17:03:00,SELL,4016.38,4016.78,4031.6795893229255,3985.6008213541495,15.299589322925385,-0.40000000000009095,-0.8000000000001819,0.0,-0.02614449261070808,SL_purple,1,purple,False,30,16.909999999999854,10.710000000000036,2026-06-25 16:30:00,2026
2026-06-29 02:45:00,2026-06-29 03:00:00,BUY,4062.9300000000003,4058.39,4055.251073292662,4076.877853414676,7.678926707338178,-4.540000000000418,-9.080000000000837,-0.0,-0.5912284584852046,SL_purple,1,purple,False,15,3.149999999999636,1.9700000000002547,2026-06-29 02:42:00,2026
2026-06-29 14:24:00,2026-06-29 14:31:00,SELL,4030.64,4033.6,4036.715495813177,4018.429008373646,6.075495813176985,-2.9600000000000364,-5.920000000000073,0.0,-0.4872030351136395,SL_purple,1,purple,False,7,3.049999999999727,2.6900000000005093,2026-06-29 14:21:00,2026
2026-06-29 16:27:00,2026-06-29 17:03:00,SELL,4040.62,4024.5824526716187,4048.6987736641904,4024.5824526716187,8.078773664190521,16.03754732838115,32.0750946567623,0.0,1.9851462604365566,TP,1,purple,False,36,11.989999999999782,4.330000000000382,2026-06-29 16:24:00,2026
2026-06-29 22:51:00,2026-06-29 22:59:00,SELL,4014.12,4017.14,4019.1324685774207,4002.715062845158,5.012468577420805,-3.019999999999982,-6.039999999999964,0.0,-0.602497542548973,SL_purple,1,purple,False,8,1.3099999999994907,2.1900000000005093,2026-06-29 22:48:00,2026
2026-06-30 04:51:00,2026-06-30 05:50:00,SELL,3963.44,3967.05,3975.4743106695996,3939.7913786608005,12.034310669599563,-3.6100000000001273,-7.220000000000255,0.0,-0.29997563625472273,SL_purple,1,purple,False,59,10.909999999999854,10.190000000000055,2026-06-30 04:48:00,2026
2026-06-30 05:54:00,2026-06-30 05:57:00,BUY,3967.8500000000004,3959.3315377389627,3959.3315377389627,3983.356924522075,8.518462261037712,-8.518462261037712,-17.036924522075424,-0.0,-1.0,SL,1,purple,False,3,0.0,7.650000000000546,2026-06-30 05:51:00,2026
2026-07-01 01:42:00,2026-07-01 01:47:00,BUY,4017.65,4013.241446036789,4013.241446036789,4025.0571079264214,4.408553963211034,-4.408553963211034,-8.817107926422068,-0.0,-1.0,SL,1,purple,False,5,0.0,4.050000000000182,2026-07-01 01:39:00,2026
2026-07-01 10:21:00,2026-07-01 10:30:00,BUY,3969.71,3962.62,3960.502568272224,3986.294863455552,9.207431727776111,-7.0900000000001455,-14.180000000000291,-0.0,-0.770030146258017,SL_purple,1,purple,False,9,1.1300000000001091,5.829999999999927,2026-07-01 10:18:00,2026
2026-07-01 13:45:00,2026-07-01 13:50:00,SELL,3987.04,3992.0018159025844,3992.0018159025844,3977.176368194831,4.961815902584476,-4.961815902584476,-9.923631805168952,0.0,-1.0,SL,1,purple,True,5,0.0,4.370000000000346,2026-07-01 13:42:00,2026
2026-07-01 17:45:00,2026-07-01 18:50:00,SELL,4092.6,4088.48,4109.634472064351,4058.8310558712974,17.03447206435112,4.119999999999891,8.239999999999782,0.0,0.24186250001971107,SL_purple,1,purple,False,65,15.529999999999745,2.850000000000364,2026-07-01 17:42:00,2026
2026-07-02 03:09:00,2026-07-02 03:41:00,BUY,4039.2900000000004,4040.27,4033.453513153241,4050.0929736935177,5.836486846759271,0.9799999999995634,1.9599999999991269,-0.0,0.1679092278848725,SL_purple,1,purple,False,32,8.9699999999998,1.6900000000005093,2026-07-02 03:06:00,2026
2026-07-02 17:12:00,2026-07-02 17:56:00,SELL,4127.1,4127.28,4139.8707543781575,4101.618491243685,12.770754378157108,-0.17999999999938154,-0.3599999999987631,0.0,-0.014094703779382888,SL_purple,1,purple,False,44,12.789999999999964,9.529999999999745,2026-07-02 17:09:00,2026
2026-07-02 20:36:00,2026-07-02 21:04:00,SELL,4111.92,4112.04,4117.755047286994,4100.30990542601,5.835047286994268,-0.11999999999989086,0.15580000000021826,0.3958,-0.02056538603677793,SL_purple,1,purple,False,28,6.029999999999745,1.75,2026-07-02 20:33:00,2026
2026-07-03 02:09:00,2026-07-03 02:34:00,BUY,4126.41,4126.72,4122.763616741705,4131.902766516591,3.646383258294918,0.3100000000004002,0.6200000000008004,-0.0,0.08501574794563943,SL_purple,1,purple,False,25,5.489999999999782,2.389999999999418,2026-07-03 02:06:00,2026
2026-07-03 09:36:00,2026-07-03 10:13:00,BUY,4171.030000000001,4174.04,4163.440223991553,4184.559552016894,7.589776008448098,3.009999999999309,6.019999999998618,-0.0,0.3965861438662894,SL_purple,1,purple,False,37,9.869999999998981,2.5500000000010914,2026-07-03 09:33:00,2026
2026-07-03 15:39:00,2026-07-03 16:00:00,SELL,4172.84,4177.89,4179.144317025602,4160.231365948797,6.304317025601449,-5.050000000000182,-10.100000000000364,0.0,-0.801038396307235,SL_purple,1,purple,True,21,0.4499999999998181,4.989999999999782,2026-07-03 15:36:00,2026
2026-07-03 17:30:00,2026-07-03 18:25:00,BUY,4166.47,4168.89,4160.215243720863,4177.329512558274,6.254756279136927,2.4200000000000728,4.8400000000001455,-0.0,0.38690556306280255,SL_purple,1,purple,False,55,7.800000000000182,3.3299999999999272,2026-07-03 17:27:00,2026
2026-07-06 02:48:00,2026-07-06 03:32:00,SELL,4180.48,4180.86,4194.927018967227,4151.645962065546,14.44701896722745,-0.38000000000010914,-0.7600000000002183,0.0,-0.026303004160382545,SL_purple,1,purple,False,44,9.699999999998909,5.300000000001091,2026-07-06 02:45:00,2026
2026-07-06 08:36:00,2026-07-06 08:39:00,BUY,4160.01,4153.42,4151.562176234663,4175.3756475306745,8.447823765337489,-6.5900000000001455,-13.180000000000291,-0.0,-0.7800825612674078,SL_trail_purple,1,purple,False,3,0.18999999999959982,6.8100000000004,2026-07-06 08:33:00,2026
2026-07-06 15:03:00,2026-07-06 15:20:00,BUY,4157.83,4153.5,4151.914884072626,4168.010231854748,5.915115927374245,-4.329999999999927,-8.659999999999854,-0.0,-0.7320228467478304,SL_purple,1,purple,False,17,0.3999999999996362,4.25,2026-07-06 15:00:00,2026
2026-07-07 16:00:00,2026-07-07 16:06:00,BUY,4172.81,4164.39,4163.932490043202,4188.375019913596,8.877509956798349,-8.420000000000073,-16.840000000000146,-0.0,-0.9484641572890699,SL_purple,1,purple,False,6,5.25,8.230000000000473,2026-07-07 15:57:00,2026
2026-07-08 06:57:00,2026-07-08 07:07:00,SELL,4123.38,4126.64,4129.5925876978545,4110.954824604291,6.21258769785436,-3.2600000000002183,-6.520000000000437,0.0,-0.5247410835143822,SL_purple,1,purple,False,10,1.5299999999997453,1.8900000000003274,2026-07-08 06:54:00,2026
2026-07-08 20:57:00,2026-07-08 21:01:00,SELL,4065.1,4070.24,4071.5055777146877,4052.4088445706243,6.405577714687752,-5.139999999999873,-9.884199999999746,0.3958,-0.8024256716477022,SL_purple,1,purple,False,4,1.5099999999997635,4.830000000000382,2026-07-08 20:54:00,2026
2026-07-09 10:00:00,2026-07-09 10:14:00,BUY,4108.13,4101.89,4100.259824275773,4122.220351448454,7.8701757242270105,-6.239999999999782,-12.479999999999563,-0.0,-0.7928666676134044,SL_purple,1,purple,False,14,1.6899999999995998,5.4099999999998545,2026-07-09 09:57:00,2026
2026-07-09 10:30:00,2026-07-09 11:46:00,BUY,4109.17,4109.4,4101.325279314768,4123.269441370466,7.84472068523246,0.22999999999956344,0.4599999999991269,-0.0,0.029319080847905032,SL_purple,1,purple,False,76,8.350000000000364,5.630000000000109,2026-07-09 10:27:00,2026
2026-07-09 19:06:00,2026-07-09 19:13:00,SELL,4125.96,4131.13,4131.5642828732925,4114.631434253415,5.6042828732925045,-5.170000000000073,-10.340000000000146,0.0,-0.9225087521256237,SL_purple,1,purple,False,7,0.0,4.930000000000291,2026-07-09 19:03:00,2026
2026-07-09 19:18:00,2026-07-09 19:49:00,BUY,4132.33,4130.91,4126.513487006833,4142.613025986334,5.816512993166725,-1.4200000000000728,-2.8400000000001455,-0.0,-0.2441325243609526,SL_purple,1,purple,True,31,5.850000000000364,3.8099999999994907,2026-07-09 19:15:00,2026
2026-07-09 21:06:00,2026-07-09 22:00:00,SELL,4129.9,4126.28,4135.435595237563,4118.468809524874,5.5355952375630295,3.619999999999891,7.239999999999782,0.0,0.6539495473649455,SL_purple,1,purple,False,54,8.169999999999163,2.610000000000582,2026-07-09 21:03:00,2026
2026-07-10 14:00:00,2026-07-10 14:42:00,SELL,4104.4,4101.95,4108.811227426232,4095.5775451475347,4.411227426232472,2.449999999999818,4.899999999999636,0.0,0.5554009719449688,SL_purple,1,purple,False,42,8.009999999999309,4.170000000000982,2026-07-10 13:57:00,2026
2026-07-13 02:42:00,2026-07-13 03:16:00,BUY,4078.3700000000003,4082.26,4070.7424764579287,4091.735047084142,7.627523542071685,3.8899999999998727,7.779999999999745,-0.0,0.5099951482999059,SL_purple,1,purple,False,34,12.429999999999836,2.930000000000291,2026-07-13 02:39:00,2026
2026-07-13 04:57:00,2026-07-13 05:35:00,SELL,4070.5,4074.0,4082.745971020019,4046.0080579599617,12.24597102001917,-3.5,-7.0,0.0,-0.28580828700952793,SL_purple,1,purple,False,38,5.869999999999891,4.710000000000036,2026-07-13 04:54:00,2026
2026-07-13 09:27:00,2026-07-13 09:50:00,BUY,4058.9100000000003,4055.43,4049.689481747496,4075.6410365050087,9.220518252504462,-3.480000000000473,-6.960000000000946,-0.0,-0.3774191324934736,SL_purple,1,purple,False,23,4.4099999999998545,3.0300000000002,2026-07-13 09:24:00,2026
2026-07-13 13:57:00,2026-07-13 14:23:00,BUY,4060.3100000000004,4058.69,4051.866187737576,4075.847624524848,8.443812262424217,-1.6200000000003456,-3.240000000000691,-0.0,-0.19185646834066913,SL_purple,1,purple,False,26,7.369999999999436,2.550000000000182,2026-07-13 13:54:00,2026
2026-07-14 02:00:00,2026-07-14 02:46:00,SELL,4000.52,3993.3282044718435,4003.9658977640784,3993.3282044718435,3.4458977640783814,7.19179552815649,14.38359105631298,0.0,2.087060040819279,TP,1,purple,False,46,6.6899999999996,2.0100000000002183,2026-07-14 01:57:00,2026
2026-07-14 03:21:00,2026-07-14 03:28:00,SELL,3987.24,3995.21,3996.4624760741444,3968.6750478517106,9.222476074144652,-7.970000000000255,-15.94000000000051,0.0,-0.8641930795943475,SL_purple,1,purple,True,7,1.669999999999618,5.650000000000546,2026-07-14 03:18:00,2026
2026-07-14 07:51:00,2026-07-14 07:58:00,SELL,4016.4,4021.5549633829305,4021.5549633829305,4005.8500732341395,5.1549633829304184,-5.1549633829304184,-10.309926765860837,0.0,-1.0,SL,1,purple,False,7,0.0,3.9700000000002547,2026-07-14 07:48:00,2026
2026-07-14 15:33:00,2026-07-14 15:53:00,BUY,4094.25,4075.4,4047.5699549112046,4185.78009017759,46.680045088795396,-18.84999999999991,-37.69999999999982,-0.0,-0.4038128061818105,SL_purple,1,purple,False,20,6.529999999999745,17.5300000000002,2026-07-14 15:30:00,2026
2026-07-14 18:36:00,2026-07-14 20:01:00,SELL,4078.52,4064.12,4089.9446690338714,4055.910661932257,11.424669033871396,14.400000000000091,28.800000000000182,0.0,1.260430385975082,SL_purple,1,purple,False,85,21.049999999999727,1.4100000000003092,2026-07-14 18:33:00,2026
2026-07-14 20:27:00,2026-07-14 20:45:00,BUY,4062.8300000000004,4058.12,4055.5875905008284,4075.364818998343,7.242409499172027,-4.710000000000491,-9.420000000000982,-0.0,-0.650336051909099,SL_purple,1,purple,False,18,1.9299999999998363,4.370000000000346,2026-07-14 20:24:00,2026
2026-07-14 22:30:00,2026-07-14 22:45:00,SELL,4051.42,4053.32,4055.818965103245,4042.7420697935104,4.398965103244791,-1.900000000000091,-3.800000000000182,0.0,-0.4319197709930914,SL_purple,1,purple,False,15,3.549999999999727,1.6900000000000546,2026-07-14 22:27:00,2026
2026-07-15 08:42:00,2026-07-15 08:45:00,BUY,4033.3900000000003,4027.14,4026.1295994128727,4046.020801174255,7.260400587127606,-6.250000000000455,-12.50000000000091,-0.0,-0.8608340442098263,SL_trail_purple,1,purple,False,3,3.1299999999996544,6.250000000000455,2026-07-15 08:39:00,2026
2026-07-15 17:27:00,2026-07-15 17:34:00,SELL,4056.9,4063.322588469744,4063.322588469744,4044.114823060512,6.422588469743914,-6.422588469743914,-12.845176939487828,0.0,-1.0,SL,1,purple,False,7,1.150000000000091,4.950000000000273,2026-07-15 17:24:00,2026
2026-07-16 01:39:00,2026-07-16 01:57:00,SELL,4059.62,4061.19,4062.6420888009534,4053.515822398093,3.0220888009534974,-1.5700000000001637,-3.1400000000003274,0.0,-0.519508228714131,SL_purple,1,purple,False,18,1.3499999999994543,1.5100000000002183,2026-07-16 01:36:00,2026
2026-07-16 05:06:00,2026-07-16 05:56:00,SELL,4034.32,4031.43,4041.2930046851748,4020.253990629651,6.973004685174601,2.8900000000003274,5.780000000000655,0.0,0.4144554794498841,SL_purple,1,purple,False,50,10.230000000000018,2.230000000000018,2026-07-16 05:03:00,2026
2026-07-16 20:09:00,2026-07-16 20:51:00,SELL,3988.92,3986.7,3994.4435960120836,3977.872807975833,5.523596012083544,2.2200000000002547,4.440000000000509,0.0,0.40191208682599744,SL_purple,1,purple,False,42,8.629999999999654,0.5300000000002001,2026-07-16 20:06:00,2026
2026-07-17 09:42:00,2026-07-17 11:02:00,SELL,3996.86,3997.63,4004.4920730376703,3981.175853924659,7.632073037670125,-0.7699999999999818,-1.5399999999999636,0.0,-0.10089001981498895,SL_purple,1,purple,False,80,4.25,6.110000000000127,2026-07-17 09:39:00,2026
2026-07-17 19:39:00,2026-07-17 19:49:00,SELL,4014.5,4019.38,4020.2906491576214,4002.198701684758,5.790649157621374,-4.880000000000109,-9.760000000000218,0.0,-0.8427379844930318,SL_purple,1,purple,False,10,1.5299999999997453,3.75,2026-07-17 19:36:00,2026
2026-07-17 22:42:00,2026-07-17 23:14:00,BUY,4008.8500000000004,4011.81,4004.0340717954614,4017.0118564090776,4.815928204538977,2.9599999999995816,5.919999999999163,-0.0,0.6146271028728799,SL_purple,1,purple,False,32,7.389999999999418,1.2700000000004366,2026-07-17 22:39:00,2026
2026-07-20 03:15:00,2026-07-20 04:01:00,BUY,3996.4500000000003,4012.415766984159,3987.432116507921,4012.415766984159,9.017883492079363,15.965766984158563,31.931533968317126,-0.0,1.7704561162474213,TP,1,purple,True,46,15.329999999999927,2.9100000000003092,2026-07-20 03:12:00,2026
2026-07-20 04:21:00,2026-07-20 05:02:00,SELL,4003.74,4004.85,4013.625965078277,3984.0280698434462,9.885965078277422,-1.1100000000001273,-2.2200000000002547,0.0,-0.1122803885317324,SL_purple,1,purple,False,41,7.709999999999582,2.210000000000491,2026-07-20 04:18:00,2026
2026-07-20 22:42:00,2026-07-21 01:00:00,SELL,4009.88,4009.81,4014.718876461614,4000.1422470767725,4.838876461613836,0.07000000000016371,0.14000000000032742,0.0,0.014466168036209317,SL_purple,1,purple,False,78,4.369999999999891,1.4100000000003092,2026-07-20 22:39:00,2026
2026-07-21 07:27:00,2026-07-21 07:42:00,SELL,4043.68,4047.72,4048.452318627503,4034.3153627449938,4.772318627502955,-4.039999999999964,-8.079999999999927,0.0,-0.8465486727389436,SL_purple,1,purple,False,15,0.0,3.3700000000003456,2026-07-21 07:24:00,2026
2026-07-21 11:03:00,2026-07-21 11:52:00,SELL,4067.0,4063.16,4073.351238136483,4054.057523727034,6.351238136483062,3.8400000000001455,7.680000000000291,0.0,0.6046065219854139,SL_purple,1,purple,False,49,7.529999999999745,3.0300000000002,2026-07-21 11:00:00,2026
2026-07-21 18:12:00,2026-07-21 18:45:00,BUY,4071.7900000000004,4075.02,4064.345899179842,4085.3882016403163,7.444100820158383,3.2299999999995634,6.459999999999127,-0.0,0.43390062521088224,SL_purple,1,purple,False,33,11.509999999999764,1.1300000000005639,2026-07-21 18:09:00,2026
2026-07-21 21:09:00,2026-07-21 21:24:00,BUY,4071.03,4078.8251549074353,4066.3674225462823,4078.8251549074353,4.662577453717859,7.795154907435062,15.590309814870125,-0.0,1.6718553171099262,TP,1,purple,False,15,7.329999999999927,0.5100000000002183,2026-07-21 21:06:00,2026
2026-07-21 23:21:00,2026-07-21 23:30:00,SELL,4082.08,4084.69,4085.7046842286964,4074.2306315426076,3.624684228696424,-2.6100000000001273,-5.220000000000255,0.0,-0.7200627241779856,SL_trail_purple,1,purple,False,9,0.0,2.8700000000003456,2026-07-21 23:18:00,2026
2026-07-21 23:42:00,2026-07-22 01:00:00,SELL,4080.98,4079.99,4084.2646454310643,4074.4107091378714,3.284645431064291,0.9900000000002365,1.980000000000473,0.0,0.30140239510705924,SL_purple,1,purple,True,18,4.089999999999691,0.8700000000003456,2026-07-21 23:39:00,2026
2026-07-22 04:03:00,2026-07-22 05:32:00,BUY,4106.45,4126.440025821245,4095.449987089377,4126.440025821245,11.0000129106229,19.99002582124558,39.98005164249116,-0.0,1.817272941738175,TP,1,purple,False,89,19.670000000000073,2.9099999999998545,2026-07-22 04:00:00,2026
2026-07-22 10:21:00,2026-07-22 10:38:00,BUY,4119.63,4116.54,4114.236593057328,4128.976813885343,5.3934069426723,-3.0900000000001455,-6.180000000000291,-0.0,-0.572921723290015,SL_purple,1,purple,False,17,3.269999999999527,2.980000000000473,2026-07-22 10:18:00,2026
2026-07-22 23:45:00,2026-07-23 01:00:00,SELL,4130.86,4131.95,4135.739437759936,4121.221124480127,4.879437759936081,-1.0900000000001455,-2.180000000000291,0.0,-0.22338639278276684,SL_purple,1,purple,False,15,2.789999999999054,0.5500000000001819,2026-07-22 23:42:00,2026
2026-07-23 03:27:00,2026-07-23 03:42:00,BUY,4133.13,4126.932399960412,4126.932399960412,4144.115200079175,6.197600039587996,-6.197600039587996,-12.395200079175993,-0.0,-1.0,SL,1,purple,False,15,1.269999999999527,5.670000000000073,2026-07-23 03:24:00,2026
2026-07-23 11:57:00,2026-07-23 12:24:00,BUY,4094.59,4092.9,4088.618760080271,4105.002479839458,5.971239919729214,-1.6900000000000546,-3.380000000000109,-0.0,-0.2830232954492797,SL_purple,1,purple,False,27,4.720000000000255,2.0700000000001637,2026-07-23 11:54:00,2026
2026-07-23 15:18:00,2026-07-23 16:01:00,SELL,4075.56,4058.4760985555686,4084.1319507222156,4058.4760985555686,8.57195072221566,17.083901444431376,34.16780288886275,0.0,1.9930004263971741,TP,1,purple,False,43,14.58999999999969,3.8700000000003456,2026-07-23 15:15:00,2026
2026-07-23 17:27:00,2026-07-23 18:09:00,BUY,4054.7900000000004,4052.01,4042.1974381820205,4078.0851236359586,12.592561817979913,-2.7800000000002,-5.5600000000004,-0.0,-0.22076524540311251,SL_purple,1,purple,False,42,6.789999999999509,3.3100000000004,2026-07-23 17:24:00,2026
2026-07-24 13:45:00,2026-07-24 14:01:00,SELL,4058.3,4060.86,4061.9776445011407,4050.704710997718,3.6776445011405485,-2.5599999999999454,-5.119999999999891,0.0,-0.6960977329934995,SL_purple,1,purple,False,16,0.7300000000000182,2.349999999999909,2026-07-24 13:42:00,2026
2026-07-24 14:36:00,2026-07-24 14:58:00,SELL,4058.3,4055.07,4061.7729980064314,4051.234003987138,3.472998006431226,3.230000000000018,6.460000000000036,0.0,0.9300322067616426,SL_purple,1,purple,False,22,6.529999999999745,2.0100000000002183,2026-07-24 14:33:00,2026
2026-07-24 22:36:00,2026-07-24 22:55:00,BUY,4055.65,4053.5,4050.761072616409,4064.3778547671827,4.888927383591181,-2.150000000000091,-4.300000000000182,-0.0,-0.4397692645663311,SL_purple,1,purple,False,19,2.0899999999996908,2.1100000000001273,2026-07-24 22:33:00,2026
2026-07-27 01:03:00,2026-07-27 01:25:00,BUY,4096.610000000001,4082.61,4082.3745108577255,4124.630978284549,14.235489142275128,-14.000000000000455,-28.00000000000091,-0.0,-0.9834576009351628,SL_purple,1,purple,True,22,0.0,12.8700000000008,2026-07-27 01:00:00,2026
2026-07-27 07:36:00,2026-07-27 08:00:00,BUY,4092.09,4088.77,4087.6318345888426,4099.116330822315,4.458165411157552,-3.3200000000001637,-6.640000000000327,-0.0,-0.7447009461988836,SL_purple,1,purple,False,24,0.009999999999763531,3.150000000000091,2026-07-27 07:33:00,2026
2026-07-27 10:39:00,2026-07-27 11:05:00,SELL,4098.69,4087.657022355226,4104.431488822387,4087.657022355226,5.74148882238751,11.032977644773382,22.065955289546764,0.0,1.921623116595303,TP,1,purple,False,26,10.179999999999382,1.4200000000009823,2026-07-27 10:36:00,2026
2026-07-27 21:06:00,2026-07-27 21:15:00,BUY,4078.8100000000004,4074.96,4074.5889947788173,4085.782010442366,4.221005221183077,-3.850000000000364,-7.700000000000728,-0.0,-0.912105007754829,SL_purple,1,purple,False,9,0.0,2.6900000000005093,2026-07-27 21:03:00,2026
2026-07-28 03:00:00,2026-07-28 03:02:00,BUY,4073.4700000000003,4070.2809310784946,4070.2809310784946,4078.6781378430105,3.1890689215056227,-3.1890689215056227,-6.378137843011245,-0.0,-1.0,SL,1,purple,False,2,0.38999999999987267,2.7700000000004366,2026-07-28 02:57:00,2026
2026-07-28 03:06:00,2026-07-28 03:34:00,SELL,4062.96,4064.94,4069.9837458264196,4048.552508347161,7.023745826419599,-1.9800000000000182,-3.9600000000000364,0.0,-0.2819008615819084,SL_purple,1,purple,True,28,3.649999999999636,4.970000000000255,2026-07-28 03:03:00,2026
2026-07-28 03:51:00,2026-07-28 04:33:00,SELL,4058.64,4045.8558088558766,4065.0020955720615,4045.8558088558766,6.362095572061662,12.78419114412327,25.56838228824654,0.0,2.009430854868548,TP,1,purple,True,42,12.009999999999764,3.210000000000491,2026-07-28 03:48:00,2026
2026-07-28 10:48:00,2026-07-28 11:02:00,SELL,4047.76,4050.49,4051.34821287352,4040.2235742529597,3.588212873519751,-2.7299999999995634,-5.459999999999127,0.0,-0.7608244260384839,SL_purple,1,purple,False,14,1.3699999999998909,2.4099999999998545,2026-07-28 10:45:00,2026
2026-07-28 19:48:00,2026-07-28 20:05:00,SELL,4039.1,4040.47,4043.143510698699,4031.1329786026013,4.043510698699265,-1.3699999999998909,-2.7399999999997817,0.0,-0.3388144862435009,SL_purple,1,purple,False,17,2.1899999999996,1.0700000000001637,2026-07-28 19:45:00,2026
2026-07-29 10:51:00,2026-07-29 11:17:00,SELL,4043.98,4042.36,4047.2496570335516,4036.6006859328963,3.269657033551539,1.6199999999998909,3.2399999999997817,0.0,0.4954648097266117,SL_purple,1,purple,False,26,4.609999999999673,1.0300000000002,2026-07-29 10:48:00,2026
2026-07-29 18:06:00,2026-07-29 19:16:00,BUY,4008.7700000000004,4008.07,4001.3685697607452,4022.10286047851,7.401430239255205,-0.7000000000002728,-1.4000000000005457,-0.0,-0.09457631530290729,SL_purple,1,purple,False,70,6.729999999999563,5.250000000000455,2026-07-29 18:03:00,2026
2026-07-29 20:51:00,2026-07-29 21:00:00,BUY,4046.9900000000002,4059.902192776102,4039.768903611949,4059.902192776102,7.221096388051137,12.91219277610162,25.82438555220324,-0.0,1.7881208174242944,TP,1,purple,False,9,0.0,5.870000000000346,2026-07-29 20:48:00,2026
2026-07-30 04:33:00,2026-07-30 05:14:00,BUY,4086.59,4082.35,4074.9365327952096,4107.28693440958,11.653467204790559,-4.2400000000002365,-8.480000000000473,-0.0,-0.3638402138598921,SL_purple,1,purple,False,41,4.089999999999691,3.130000000000109,2026-07-30 04:30:00,2026
2026-07-30 07:12:00,2026-07-30 08:18:00,SELL,4053.14,4039.7671668985863,4059.646416550707,4039.7671668985863,6.506416550706945,13.372833101413562,26.745666202827124,0.0,2.0553299957348345,TP,1,purple,False,66,11.30999999999949,2.350000000000364,2026-07-30 07:09:00,2026
2026-07-30 12:21:00,2026-07-30 12:30:00,BUY,4068.19,4064.42,4060.6399595551948,4081.94008088961,7.5500404448052905,-3.769999999999982,-7.539999999999964,-0.0,-0.4993350734424055,SL_purple,1,purple,False,9,4.049999999999727,1.5100000000002183,2026-07-30 12:18:00,2026
2026-07-30 17:42:00,2026-07-30 17:55:00,BUY,4106.51,4097.33,4094.5547465974814,4128.770506805037,11.955253402518792,-9.180000000000291,-18.360000000000582,-0.0,-0.7678632723975723,SL_purple,1,purple,False,13,6.260000000000218,8.210000000000036,2026-07-30 17:39:00,2026
2026-07-31 18:30:00,2026-07-31 18:51:00,SELL,4041.0,4044.02,4048.4487705787465,4026.222458842507,7.448770578746462,-3.019999999999982,-6.039999999999964,0.0,-0.40543603378212933,SL_purple,1,purple,False,21,3.949999999999818,2.930000000000291,2026-07-31 18:27:00,2026
2026-08-03 08:00:00,2026-08-03 08:25:00,SELL,4063.54,4059.94,4068.9455866220987,4052.7288267558024,5.405586622098781,3.599999999999909,7.199999999999818,0.0,0.6659776730397057,SL_purple,1,purple,False,25,9.169999999999618,2.1100000000001273,2026-08-03 07:57:00,2026
2026-08-03 14:24:00,2026-08-03 14:33:00,SELL,4046.2,4050.5626799789925,4050.5626799789925,4037.8946400420155,4.362679978992674,-4.362679978992674,-8.725359957985347,0.0,-1.0,SL,1,purple,False,9,0.0,4.050000000000182,2026-08-03 14:21:00,2026
2026-08-03 18:06:00,2026-08-03 18:20:00,SELL,4030.96,4038.0326712190704,4038.0326712190704,4016.8746575618593,7.072671219070344,-7.072671219070344,-14.145342438140688,0.0,-1.0,SL,1,purple,False,14,0.2699999999999818,6.970000000000255,2026-08-03 18:03:00,2026
2026-08-03 23:54:00,2026-08-04 01:31:00,SELL,4054.48,4052.97,4057.927529582486,4046.6849408350276,3.447529582485913,1.5100000000002183,3.0200000000004366,0.0,0.43799479130543134,SL_purple,1,purple,False,37,5.529999999999745,1.7100000000000364,2026-08-03 23:51:00,2026
2026-08-04 06:00:00,2026-08-04 06:17:00,SELL,4058.56,4061.07,4063.207314155978,4049.5653716880433,4.647314155978165,-2.5100000000002183,-5.020000000000437,0.0,-0.5400969066770384,SL_purple,1,purple,False,17,1.8699999999998909,2.550000000000182,2026-08-04 05:57:00,2026
2026-08-04 15:33:00,2026-08-04 15:53:00,BUY,4074.53,4074.49,4064.369876972741,4092.720246054518,10.160123027259033,-0.04000000000041837,-0.08000000000083674,-0.0,-0.00393696020147597,SL_purple,1,purple,False,20,9.730000000000018,2.0300000000002,2026-08-04 15:30:00,2026
2026-08-04 17:24:00,2026-08-04 18:38:00,SELL,4081.64,4081.94,4090.487074956505,4063.2258500869907,8.847074956504912,-0.3000000000001819,-0.6000000000003638,0.0,-0.03390951263271524,SL_purple,1,purple,False,74,6.9099999999998545,5.570000000000164,2026-08-04 17:21:00,2026
2026-08-04 20:27:00,2026-08-04 21:33:00,SELL,4097.3,4083.8694622784024,4103.910268860798,4083.8694622784024,6.610268860797987,13.43053772159783,28.04847544319566,1.1874,2.031768753196599,TP,1,purple,False,66,12.610000000000127,0.9099999999998545,2026-08-04 20:24:00,2026
2026-08-05 02:27:00,2026-08-05 02:49:00,SELL,4065.7,4071.96,4072.255822493953,4052.9483550120945,6.555822493953201,-6.260000000000218,-12.520000000000437,0.0,-0.9548763722285287,SL_purple,1,purple,True,22,0.0,5.710000000000491,2026-08-05 02:24:00,2026
2026-08-05 03:00:00,2026-08-05 03:28:00,BUY,4072.8300000000004,4078.3828523082325,4069.1385738458835,4078.3828523082325,3.6914261541169253,5.552852308232104,11.105704616464209,-0.0,1.5042566413089944,TP,1,purple,False,28,5.349999999999454,2.610000000000582,2026-08-05 02:57:00,2026
2026-08-06 07:51:00,2026-08-06 08:11:00,BUY,4262.66,4257.7,4256.049502134823,4274.350995730352,6.610497865176512,-4.960000000000036,-9.920000000000073,-0.0,-0.7503217005982038,SL_purple,1,purple,False,20,2.5299999999997453,4.579999999999927,2026-08-06 07:48:00,2026
2026-08-06 19:39:00,2026-08-06 21:33:00,BUY,4235.25,4244.36,4226.137569265517,4252.0348614689665,9.112430734482587,9.109999999999673,16.483199999999346,-1.7368000000000001,0.9997332507040393,SL_purple,1,purple,False,114,14.229999999999563,3.630000000000109,2026-08-06 19:36:00,2026
2026-08-07 05:57:00,2026-08-07 06:59:00,BUY,4255.110000000001,4266.02372247476,4248.7081387626195,4266.02372247476,6.401861237381127,10.913722474759197,21.827444949518394,-0.0,1.7047733573219064,TP,1,purple,False,62,9.969999999999345,5.8400000000001455,2026-08-07 05:54:00,2026
2026-08-07 12:42:00,2026-08-07 13:06:00,BUY,4312.51,4313.12,4304.067037229043,4327.7459255419135,8.44296277095691,0.6099999999996726,1.2199999999993452,-0.0,0.07224951910223054,SL_purple,1,purple,True,24,8.069999999999709,1.1599999999998545,2026-08-07 12:39:00,2026
2026-08-07 16:03:00,2026-08-07 16:29:00,SELL,4352.28,4357.62,4372.064913213558,4312.890173572885,19.784913213557957,-5.3400000000001455,-10.680000000000291,0.0,-0.26990262440680396,SL_purple,1,purple,False,26,12.909999999999854,4.670000000000073,2026-08-07 16:00:00,2026
2026-08-10 13:42:00,2026-08-10 14:18:00,SELL,4338.3,4329.3697326139,4342.8551336930495,4329.3697326139,4.555133693049356,8.93026738610024,17.86053477220048,0.0,1.9604841455535909,TP,1,purple,False,36,8.6899999999996,2.5200000000004366,2026-08-10 13:39:00,2026
2026-08-11 01:12:00,2026-08-11 01:51:00,BUY,4391.77,4398.910796422247,4387.344601788876,4398.910796422247,4.4253982111240475,7.14079642224624,14.28159284449248,-0.0,1.6135940951701346,TP,1,purple,False,39,6.729999999999563,1.3300000000008367,2026-08-11 01:09:00,2026
2026-08-11 04:12:00,2026-08-11 05:04:00,BUY,4415.280000000001,4423.28,4400.850315682626,4442.6093686347485,14.429684317374267,7.9999999999990905,15.999999999998181,-0.0,0.5544126831913139,SL_purple,1,purple,True,52,18.599999999999454,3.480000000000473,2026-08-11 04:09:00,2026
2026-08-11 11:06:00,2026-08-11 11:18:00,BUY,4365.75,4360.57,4358.169111487385,4379.38177702523,7.5808885126152745,-5.180000000000291,-10.360000000000582,-0.0,-0.6832972139585365,SL_purple,1,purple,False,12,0.8500000000003638,4.770000000000437,2026-08-11 11:03:00,2026
2026-08-11 14:39:00,2026-08-11 14:46:00,SELL,4384.27,4388.65,4390.142293989351,4372.795412021297,5.87229398935051,-4.3799999999992,-8.7599999999984,0.0,-0.7458754633099761,SL_purple,1,purple,False,7,0.9099999999998545,4.300000000000182,2026-08-11 14:36:00,2026
2026-08-11 15:45:00,2026-08-11 16:16:00,BUY,4398.85,4390.92,4388.73228808854,4417.615423822918,10.117711911459992,-7.930000000000291,-15.860000000000582,-0.0,-0.783774045890578,SL_purple,1,purple,False,31,1.9200000000000728,7.770000000000437,2026-08-11 15:42:00,2026
2026-08-11 16:36:00,2026-08-11 16:39:00,SELL,4390.02,4399.9151863759635,4399.9151863759635,4370.349627248074,9.895186375963021,-9.895186375963021,-19.790372751926043,0.0,-1.0,SL,1,purple,False,3,0.23999999999978172,9.789999999999964,2026-08-11 16:33:00,2026
2026-08-12 07:45:00,2026-08-12 08:14:00,BUY,4400.110000000001,4400.37,4395.460098707832,4407.699802584336,4.649901292168579,0.2599999999993088,0.5199999999986176,-0.0,0.05591516543312521,SL_purple,1,purple,False,29,4.669999999999163,1.2100000000009459,2026-08-12 07:42:00,2026
2026-08-12 10:36:00,2026-08-12 10:58:00,BUY,4405.1900000000005,4404.79,4400.111083727215,4413.337832545571,5.078916272785136,-0.4000000000005457,-0.8000000000010914,-0.0,-0.07875695887012464,SL_purple,1,purple,False,22,4.6899999999996,0.9500000000007276,2026-08-12 10:33:00,2026
2026-08-12 13:12:00,2026-08-12 13:35:00,BUY,4418.91,4416.22,4412.42232092732,4430.535358145361,6.487679072680294,-2.6899999999996,-5.3799999999992,-0.0,-0.4146321003033623,SL_purple,1,purple,False,23,1.9099999999998545,2.1099999999996726,2026-08-12 13:09:00,2026
2026-08-13 19:09:00,2026-08-13 19:25:00,SELL,4360.7,4359.8,4368.260963222,4345.578073555999,7.560963222000282,0.8999999999996362,1.7999999999992724,0.0,0.11903245308493085,SL_purple,1,purple,False,16,9.269999999999527,0.5100000000002183,2026-08-13 19:06:00,2026
2026-08-14 15:21:00,2026-08-14 15:39:00,BUY,4376.7300000000005,4375.94,4367.77807716428,4393.7638456714385,8.951922835720325,-0.7900000000008731,-1.5800000000017462,-0.0,-0.0882491967925129,SL_purple,1,purple,True,18,9.929999999999382,1.1900000000005093,2026-08-14 15:18:00,2026
2026-08-17 17:57:00,2026-08-17 18:17:00,SELL,4414.73,4423.03,4423.429677104508,4396.9406457909845,8.699677104508737,-8.300000000000182,-16.600000000000364,0.0,-0.9540583978339361,SL_purple,1,purple,False,20,0.0,8.260000000000218,2026-08-17 17:54:00,2026
2026-08-17 18:24:00,2026-08-17 18:45:00,BUY,4423.85,4418.35,4416.68152344023,4437.076953119538,7.16847655977017,-5.5,-11.0,-0.0,-0.7672480971572483,SL_purple,1,purple,False,21,2.3799999999991996,5.289999999999964,2026-08-17 18:21:00,2026
2026-08-17 19:33:00,2026-08-17 19:38:00,SELL,4422.7,4427.24,4427.635645993627,4412.408708012747,4.935645993627077,-4.539999999999964,-9.079999999999927,0.0,-0.9198390658207715,SL_purple,1,purple,False,5,0.0,3.9600000000000364,2026-08-17 19:30:00,2026
2026-08-18 06:03:00,2026-08-18 06:17:00,BUY,4403.55,4397.23,4396.498024655692,4416.183950688618,7.05197534430863,-6.3200000000006185,-12.640000000001237,-0.0,-0.8962027930374488,SL_purple,1,purple,False,14,0.36999999999989086,5.8200000000006185,2026-08-18 06:00:00,2026
2026-08-18 11:51:00,2026-08-18 12:33:00,SELL,4392.26,4392.75,4397.696188865733,4381.327622268533,5.436188865733129,-0.4899999999997817,-0.9799999999995634,0.0,-0.09013667701806381,SL_purple,1,purple,False,42,3.350000000000364,2.7100000000000364,2026-08-18 11:48:00,2026
2026-08-19 11:57:00,2026-08-19 12:04:00,SELL,4356.06,4359.11,4361.215201493812,4346.019597012375,5.155201493811546,-3.0499999999992724,-6.099999999998545,0.0,-0.5916354586063379,SL_purple,1,purple,False,7,1.1300000000001091,2.5999999999994543,2026-08-19 11:54:00,2026
2026-08-20 02:36:00,2026-08-20 03:01:00,SELL,4514.23,4515.29,4519.54815591341,4502.543688173181,5.31815591341001,-1.0600000000004002,-2.1200000000008004,0.0,-0.19931721018700382,SL_purple,1,purple,False,25,4.059999999999491,3.460000000000946,2026-08-20 02:33:00,2026
2026-08-24 01:42:00,2026-08-24 02:21:00,SELL,4607.12,4610.77,4617.241368646507,4586.037262706986,10.121368646507108,-3.6500000000005457,-7.300000000001091,0.0,-0.3606231654510641,SL_purple,1,purple,False,39,3.339999999999236,5.470000000000255,2026-08-24 01:39:00,2026
2026-08-24 21:27:00,2026-08-24 21:34:00,BUY,4640.610000000001,4631.66,4629.387470552453,4661.645058895095,11.222529447547458,-8.950000000000728,-17.900000000001455,-0.0,-0.7975029196253646,SL_purple,1,purple,False,7,1.2499999999990905,5.8100000000004,2026-08-24 21:24:00,2026
2026-08-24 22:03:00,2026-08-24 23:26:00,BUY,4640.16,4649.15,4631.446300469256,4656.057399061487,8.713699530743725,8.989999999999782,17.979999999999563,-0.0,1.0317087441770527,SL_purple,1,purple,False,83,15.520000000000437,4.5,2026-08-24 22:00:00,2026
2026-08-25 04:00:00,2026-08-25 04:55:00,SELL,4683.92,4662.279360561161,4695.19031971942,4662.279360561161,11.270319719419604,21.64063943883866,43.28127887767732,0.0,1.920144235265147,TP,1,purple,False,55,20.099999999999454,3.2399999999997817,2026-08-25 03:57:00,2026
2026-08-25 22:51:00,2026-08-25 23:27:00,BUY,4664.16,4662.52,4658.1376308357585,4675.244738328483,6.022369164241354,-1.639999999999418,-3.279999999998836,-0.0,-0.2723180786951992,SL_purple,1,purple,False,36,4.640000000000327,3.619999999999891,2026-08-25 22:48:00,2026
2026-08-26 03:39:00,2026-08-26 04:01:00,SELL,4639.52,4641.38,4647.745938835864,4622.708122328271,8.225938835863417,-1.8599999999996726,-3.719999999999345,0.0,-0.22611400803157589,SL_purple,1,purple,True,22,9.780000000000655,1.269999999999527,2026-08-26 03:36:00,2026
2026-08-26 08:39:00,2026-08-26 09:41:00,SELL,4639.14,4632.3,4646.957738612371,4624.014522775259,7.817738612370704,6.8400000000001455,13.680000000000291,0.0,0.8749333201261813,SL_purple,1,purple,False,62,14.400000000000546,5.720000000000255,2026-08-26 08:36:00,2026
2026-08-26 09:45:00,2026-08-26 10:20:00,BUY,4633.71,4632.33,4626.937882879396,4645.424234241209,6.77211712060398,-1.3800000000001091,-2.7600000000002183,-0.0,-0.20377674742238244,SL_purple,1,purple,False,35,5.430000000000291,3.350000000000364,2026-08-26 09:42:00,2026
2026-08-27 04:06:00,2026-08-27 04:38:00,BUY,4613.49,4629.026869030222,4604.716565484889,4629.026869030222,8.773434515111148,15.536869030222078,31.073738060444157,-0.0,1.7708992987252319,TP,1,purple,False,32,13.909999999999854,1.6899999999995998,2026-08-27 04:03:00,2026
2026-08-27 06:42:00,2026-08-27 07:28:00,SELL,4631.0,4621.313890679033,4635.903054660484,4621.313890679033,4.903054660483576,9.686109320967262,19.372218641934523,0.0,1.9755254615113642,TP,1,purple,False,46,9.329999999999927,0.9099999999998545,2026-08-27 06:39:00,2026
2026-08-27 09:51:00,2026-08-27 10:05:00,SELL,4604.02,4604.62,4609.844079841012,4592.371840317977,5.824079841011553,-0.5999999999994543,-1.1999999999989086,0.0,-0.10302056571656537,SL_purple,1,purple,False,14,5.789999999999964,1.6700000000000728,2026-08-27 09:48:00,2026
2026-08-28 04:06:00,2026-08-28 04:12:00,BUY,4593.820000000001,4592.99,4587.401880037602,4605.456239924797,6.418119962399032,-0.8300000000008367,-1.6600000000016735,-0.0,-0.12932135966037483,SL_trail_purple,1,purple,False,6,8.319999999999709,2.550000000000182,2026-08-28 04:03:00,2026
2026-08-28 05:24:00,2026-08-28 05:45:00,BUY,4582.95,4582.31,4576.229210461378,4595.491579077243,6.72078953862183,-0.6399999999994179,-1.2799999999988358,-0.0,-0.09522690694621228,SL_purple,1,purple,False,21,6.430000000000291,0.5900000000001455,2026-08-28 05:21:00,2026
2026-08-28 17:36:00,2026-08-28 18:13:00,BUY,4575.71,4558.42,4544.167658207589,4636.1246835848215,31.542341792411207,-17.289999999999964,-34.57999999999993,-0.0,-0.5481520717069833,SL_purple,1,purple,False,37,7.109999999999673,25.359999999999673,2026-08-28 17:33:00,2026
2026-08-31 09:42:00,2026-08-31 10:58:00,BUY,4440.51,4441.59,4433.152136750368,4454.115726499264,7.357863249631919,1.0799999999999272,2.1599999999998545,-0.0,0.14678174401433117,SL_purple,1,purple,False,76,7.5900000000001455,5.630000000000109,2026-08-31 09:39:00,2026
2026-08-31 16:33:00,2026-08-31 16:52:00,SELL,4438.73,4419.836130148804,4447.831934925598,4419.836130148804,9.10193492559847,18.893869851195632,37.787739702391264,0.0,2.0758080568185693,TP,1,purple,False,19,16.279999999999745,4.680000000000291,2026-08-31 16:30:00,2026
2026-09-01 08:21:00,2026-09-01 08:30:00,SELL,4426.7,4430.89,4431.262636288727,4418.114727422547,4.562636288726935,-4.190000000000509,-8.380000000001019,0.0,-0.9183287325252921,SL_purple,1,purple,True,9,0.6699999999991633,2.050000000000182,2026-09-01 08:18:00,2026
2026-09-01 13:12:00,2026-09-01 13:46:00,BUY,4376.71,4378.61,4366.431865108585,4396.186269782831,10.278134891414993,1.8999999999996362,3.7999999999992724,-0.0,0.18485844173797011,SL_purple,1,purple,False,34,8.909999999999854,0.6300000000001091,2026-09-01 13:09:00,2026
2026-09-01 15:33:00,2026-09-01 15:44:00,SELL,4362.92,4363.7,4373.3758758251315,4341.948248349736,10.455875825131443,-0.7799999999997453,-1.5599999999994907,0.0,-0.07459920269184526,SL_purple,1,purple,True,11,10.710000000000036,1.3500000000003638,2026-09-01 15:30:00,2026
2026-09-01 22:33:00,2026-09-01 22:51:00,SELL,4329.12,4330.56,4336.242098556616,4314.995802886768,7.122098556616038,-1.4400000000005093,-2.8800000000010186,0.0,-0.20218759801671496,SL_purple,1,purple,False,18,6.089999999999236,1.8500000000003638,2026-09-01 22:30:00,2026
2026-09-02 09:51:00,2026-09-02 09:57:00,SELL,4315.73,4321.96,4324.48697295604,4298.2160540879195,8.756972956040045,-6.230000000000473,-12.460000000000946,0.0,-0.711433052411494,SL_purple,1,purple,True,6,0.839999999999236,5.550000000001091,2026-09-02 09:48:00,2026
2026-09-02 10:45:00,2026-09-02 11:04:00,SELL,4322.52,4327.55,4330.081438013697,4307.097123972606,7.561438013696716,-5.029999999999745,-10.05999999999949,0.0,-0.6652173820493472,SL_purple,1,purple,False,19,1.949999999999818,3.8299999999999272,2026-09-02 10:42:00,2026
2026-09-02 17:48:00,2026-09-02 18:33:00,SELL,4379.98,4375.47,4391.587495802229,4357.0650083955425,11.607495802229096,4.509999999999309,9.019999999998618,0.0,0.3885420315321769,SL_purple,1,purple,False,45,14.239999999999782,2.3300000000008367,2026-09-02 17:45:00,2026
2026-09-02 21:21:00,2026-09-02 22:00:00,BUY,4378.610000000001,4371.74,4369.782579502771,4394.434840994458,8.827420497229468,-6.8700000000008,-13.7400000000016,-0.0,-0.7782567967796465,SL_purple,1,purple,True,39,0.8499999999994543,7.030000000000655,2026-09-02 21:18:00,2026
2026-09-03 15:27:00,2026-09-03 15:30:00,BUY,4448.83,4462.307569128843,4441.116215435579,4462.307569128843,7.713784564421076,13.477569128843243,26.955138257686485,-0.0,1.7472057997324615,TP,1,purple,True,3,0.0,3.1700000000000728,2026-09-03 15:24:00,2026
2026-09-04 04:06:00,2026-09-04 04:12:00,SELL,4475.44,4482.71,4484.194151221444,4458.651697557112,8.754151221444772,-7.270000000000437,-14.540000000000873,0.0,-0.8304631501214353,SL_purple,1,purple,False,6,0.3499999999994543,7.230000000000473,2026-09-04 04:03:00,2026
2026-09-04 07:30:00,2026-09-04 08:02:00,BUY,4472.070000000001,4471.2,4467.31086457874,4479.45827084252,4.759135421260908,-0.8700000000008004,-1.7400000000016007,-0.0,-0.18280631312027226,SL_purple,1,purple,False,32,2.659999999998945,0.6900000000005093,2026-09-04 07:27:00,2026
2026-09-04 16:24:00,2026-09-04 16:58:00,BUY,4403.81,4414.89,4382.579318699362,4444.651362601277,21.230681300638025,11.079999999999927,22.159999999999854,-0.0,0.5218862194340862,SL_purple,1,purple,False,34,30.669999999999163,1.7899999999999636,2026-09-04 16:21:00,2026
2026-09-07 07:15:00,2026-09-07 07:18:00,BUY,4407.05,4402.489107579093,4402.489107579093,4414.161784841815,4.560892420907294,-4.560892420907294,-9.121784841814588,-0.0,-1.0,SL,1,purple,False,3,0.0,4.170000000000073,2026-09-07 07:12:00,2026
2026-09-07 08:06:00,2026-09-07 08:11:00,BUY,4403.17,4398.5,4396.237620776914,4415.0847584461735,6.932379223086173,-4.670000000000073,-9.340000000000146,-0.0,-0.6736503947227906,SL_purple,1,purple,False,5,0.8900000000003274,3.1900000000005093,2026-09-07 08:03:00,2026
2026-09-07 15:00:00,2026-09-07 15:06:00,SELL,4385.08,4390.5327398337695,4390.5327398337695,4373.87452033246,5.452739833769556,-5.452739833769556,-10.905479667539112,0.0,-1.0,SL,1,purple,True,6,0.0,4.510000000000218,2026-09-07 14:57:00,2026
2026-09-08 08:03:00,2026-09-08 08:05:00,BUY,4437.35,4433.158212656443,4433.158212656443,4444.563574687115,4.191787343557735,-4.191787343557735,-8.38357468711547,-0.0,-1.0,SL,1,purple,False,2,0.0,3.4700000000002547,2026-09-08 08:00:00,2026
2026-09-08 10:18:00,2026-09-08 10:54:00,SELL,4401.62,4391.03602392392,4407.0019880380405,4391.03602392392,5.3819880380406175,10.583976076080035,21.16795215216007,0.0,1.9665551096121106,TP,1,purple,False,36,10.420000000000073,4.110000000000582,2026-09-08 10:15:00,2026
2026-09-08 22:33:00,2026-09-08 23:49:00,SELL,4364.27,4346.600155167614,4372.759922416193,4346.600155167614,8.489922416192712,17.669844832386843,35.33968966477369,0.0,2.0812728274978567,TP,1,purple,False,76,8.340000000000146,5.760000000000218,2026-09-08 22:30:00,2026
2026-09-09 02:27:00,2026-09-09 02:46:00,BUY,4356.51,4355.73,4351.7343784584245,4363.63124308315,4.775621541575674,-0.7800000000006548,-1.5600000000013097,-0.0,-0.1633295254261921,SL_purple,1,purple,False,19,3.2899999999999636,0.8900000000003274,2026-09-09 02:24:00,2026
2026-09-09 05:36:00,2026-09-09 05:44:00,SELL,4367.5,4373.53,4373.629359908579,4355.361280182841,6.129359908579318,-6.029999999999745,-12.05999999999949,0.0,-0.9837895130875742,SL_purple,1,purple,False,8,0.06999999999970896,4.030000000000655,2026-09-09 05:33:00,2026
2026-09-09 10:15:00,2026-09-09 11:03:00,BUY,4406.780000000001,4407.21,4401.251009145929,4416.697981708141,5.528990854071708,0.42999999999938154,0.8599999999987631,-0.0,0.07777187760813842,SL_purple,1,purple,False,48,5.799999999999272,4.010000000000218,2026-09-09 10:12:00,2026
2026-09-09 15:06:00,2026-09-09 15:45:00,SELL,4403.4,4397.37,4410.187898092688,4389.824203814624,6.78789809268801,6.029999999999745,12.05999999999949,0.0,0.8883456878198156,SL_purple,1,purple,False,39,12.289999999999054,1.5300000000006548,2026-09-09 15:03:00,2026
2026-09-09 17:21:00,2026-09-09 17:27:00,SELL,4414.14,4421.99,4424.599254551992,4393.401490896015,10.459254551991762,-7.849999999999454,-15.699999999998909,0.0,-0.7505314992553245,SL_purple,1,purple,False,6,4.289999999999964,6.210000000000036,2026-09-09 17:18:00,2026
2026-09-09 18:33:00,2026-09-09 19:19:00,BUY,4397.780000000001,4391.66,4380.577673397783,4430.654653204436,17.20232660221791,-6.1200000000008,-12.2400000000016,-0.0,-0.35576582990883016,SL_purple,1,purple,False,46,9.219999999999345,6.090000000001055,2026-09-09 18:30:00,2026
2026-09-10 22:27:00,2026-09-10 22:49:00,BUY,4330.25,4320.79,4319.354288372105,4350.51142325579,10.895711627895253,-9.460000000000036,-18.920000000000073,-0.0,-0.868231495387644,SL_purple,1,purple,False,22,0.2899999999999636,8.909999999999854,2026-09-10 22:24:00,2026
2026-09-11 10:27:00,2026-09-11 11:00:00,SELL,4347.42,4346.18,4355.17332514747,4331.823349705061,7.753325147469695,1.2399999999997817,2.4799999999995634,0.0,0.15993138123511522,SL_purple,1,purple,False,33,6.529999999999745,1.7399999999997817,2026-09-11 10:24:00,2026
2026-09-11 22:15:00,2026-09-11 22:29:00,BUY,4352.070000000001,4347.51,4345.8734986091185,4363.533002781764,6.1965013908820765,-4.5600000000004,-9.1200000000008,-0.0,-0.7358991328090836,SL_purple,1,purple,False,14,1.5299999999997453,3.340000000001055,2026-09-11 22:12:00,2026
2026-09-14 11:51:00,2026-09-14 12:00:00,SELL,4307.92,4309.85,4313.7792897816125,4296.201420436775,5.8592897816124605,-1.930000000000291,-3.860000000000582,0.0,-0.3293914573156954,SL_purple,1,purple,False,9,4.289999999999964,0.5900000000001455,2026-09-14 11:48:00,2026
2026-09-14 13:27:00,2026-09-14 14:15:00,BUY,4292.530000000001,4290.87,4283.396838451816,4309.26632309637,9.133161548184944,-1.660000000000764,-3.320000000001528,-0.0,-0.1817552433779801,SL_purple,1,purple,False,48,4.169999999999163,3.430000000000291,2026-09-14 13:24:00,2026
2026-09-14 19:12:00,2026-09-14 19:48:00,BUY,4296.95,4314.702921289295,4287.308539355352,4314.702921289295,9.64146064464785,17.752921289295045,35.50584257859009,-0.0,1.841310351575206,TP,1,purple,False,36,15.670000000000073,2.8499999999994543,2026-09-14 19:09:00,2026
2026-09-15 04:03:00,2026-09-15 04:04:00,SELL,4290.15,4296.237141951052,4296.237141951052,4277.975716097895,6.087141951052217,-6.087141951052217,-12.174283902104435,0.0,-1.0,SL,1,purple,False,1,0.5999999999994543,3.9400000000005093,2026-09-15 04:00:00,2026
2026-09-15 09:51:00,2026-09-15 10:02:00,BUY,4293.24,4289.95,4287.467576083783,4303.254847832433,5.772423916217122,-3.2899999999999636,-6.579999999999927,-0.0,-0.5699512107482259,SL_purple,1,purple,False,11,2.1400000000003274,1.300000000000182,2026-09-15 09:48:00,2026
2026-09-16 15:51:00,2026-09-16 16:20:00,BUY,4347.570000000001,4350.32,4340.039874063877,4361.100251872248,7.530125936124023,2.7499999999990905,5.499999999998181,-0.0,0.3651997354794037,SL_purple,1,purple,False,29,12.609999999999673,5.3100000000004,2026-09-16 15:48:00,2026
2026-09-17 17:21:00,2026-09-17 18:13:00,SELL,4365.88,4359.93,4376.10277668902,4345.494446621959,10.222776689020066,5.949999999999818,11.899999999999636,0.0,0.5820336471196235,SL_purple,1,purple,False,52,14.269999999999527,7.289999999999964,2026-09-17 17:18:00,2026
2026-09-17 23:12:00,2026-09-18 01:00:00,SELL,4342.86,4344.26,4347.7536809136045,4332.71263817279,4.89368091360484,-1.4000000000005457,-2.8000000000010914,0.0,-0.2860832213453945,SL_purple,1,purple,False,48,2.3099999999994907,2.790000000000873,2026-09-17 23:09:00,2026
2026-09-18 08:33:00,2026-09-18 08:36:00,SELL,4363.1,4367.235227541212,4367.235227541212,4355.009544917575,4.1352275412118615,-4.1352275412118615,-8.270455082423723,0.0,-1.0,SL,1,purple,False,3,0.6300000000001091,2.889999999999418,2026-09-18 08:30:00,2026
2026-09-18 14:15:00,2026-09-18 14:17:00,BUY,4388.51,4381.083769421149,4381.083769421149,4401.952461157703,7.426230578851573,-7.426230578851573,-14.852461157703146,-0.0,-1.0,SL,1,purple,True,2,0.0,4.489999999999782,2026-09-18 14:12:00,2026
2026-09-18 22:12:00,2026-09-18 22:25:00,BUY,4385.66,4380.49,4380.284115208449,4394.431769583101,5.375884791550561,-5.170000000000073,-10.340000000000146,-0.0,-0.9617021570339298,SL_purple,1,purple,False,13,0.19000000000050932,4.279999999999745,2026-09-18 22:09:00,2026
2026-09-21 04:48:00,2026-09-21 05:01:00,BUY,4382.95,4374.402315651634,4374.402315651634,4398.575368696732,8.547684348365692,-8.547684348365692,-17.095368696731384,-0.0,-1.0,SL,1,purple,False,13,0.0,7.869999999999891,2026-09-21 04:45:00,2026
2026-09-21 08:36:00,2026-09-21 09:40:00,SELL,4353.16,4352.88,4359.301917259212,4340.996165481575,6.141917259212278,0.27999999999974534,0.5599999999994907,0.0,0.04558837056617339,SL_purple,1,purple,True,64,6.670000000000073,5.350000000000364,2026-09-21 08:33:00,2026
2026-09-21 10:27:00,2026-09-21 10:38:00,SELL,4347.3,4354.5731631095705,4354.5731631095705,4332.90367378086,7.273163109570305,-7.273163109570305,-14.54632621914061,0.0,-1.0,SL,1,purple,False,11,0.0,6.930000000000291,2026-09-21 10:24:00,2026
2026-09-21 11:18:00,2026-09-21 11:54:00,BUY,4353.79,4351.37,4345.518733163966,4368.622533672068,8.271266836033647,-2.4200000000000728,-4.8400000000001455,-0.0,-0.292579123364438,SL_purple,1,purple,False,36,3.7100000000000364,3.0600000000004,2026-09-21 11:15:00,2026
2026-09-21 18:03:00,2026-09-21 18:52:00,BUY,4344.24,4347.18,4333.05376898209,4364.992462035819,11.18623101790945,2.9400000000005093,5.880000000001019,-0.0,0.26282310773785134,SL_purple,1,purple,False,49,11.61999999999989,1.199999999999818,2026-09-21 18:00:00,2026
2026-09-21 19:12:00,2026-09-21 19:25:00,BUY,4355.1900000000005,4348.71,4346.970495667296,4370.099008665409,8.219504332704673,-6.480000000000473,-12.960000000000946,-0.0,-0.7883687066405126,SL_purple,1,purple,False,13,1.7099999999991269,5.5900000000001455,2026-09-21 19:09:00,2026
2026-09-22 10:18:00,2026-09-22 10:29:00,BUY,4323.360000000001,4317.49,4315.830698679137,4337.278602641725,7.529301320863851,-5.8700000000008,-11.7400000000016,-0.0,-0.779620810729796,SL_purple,1,purple,False,11,0.7199999999993452,5.440000000000509,2026-09-22 10:15:00,2026
2026-09-23 17:18:00,2026-09-23 17:33:00,SELL,4279.74,4288.09,4293.368013283697,4252.4539734326045,13.628013283697328,-8.350000000000364,-16.700000000000728,0.0,-0.6127085310365195,SL_purple,1,purple,True,15,1.569999999999709,7.190000000000509,2026-09-23 17:15:00,2026
2026-09-23 17:36:00,2026-09-23 18:28:00,BUY,4291.030000000001,4287.36,4279.074172037499,4313.231655925002,11.955827962501644,-3.6700000000009823,-7.3400000000019645,-0.0,-0.30696326607505564,SL_purple,1,purple,False,52,7.549999999999272,9.050000000001091,2026-09-23 17:33:00,2026
2026-09-24 02:15:00,2026-09-24 02:26:00,BUY,4291.47,4288.43,4287.4749109504055,4297.570178099189,3.9950890495947533,-3.0399999999999636,-6.079999999999927,-0.0,-0.7609342275632954,SL_purple,1,purple,False,11,1.4899999999997817,2.8100000000004,2026-09-24 02:12:00,2026
2026-09-24 03:24:00,2026-09-24 03:26:00,SELL,4285.98,4290.128483850877,4290.128483850877,4278.0430322982465,4.14848385087771,-4.14848385087771,-8.29696770175542,0.0,-1.0,SL,1,purple,False,2,0.0,3.4500000000007276,2026-09-24 03:21:00,2026
2026-09-24 04:06:00,2026-09-24 04:07:00,SELL,4289.92,4296.973865396172,4296.973865396172,4276.112269207657,7.053865396172114,-7.053865396172114,-14.107730792344228,0.0,-1.0,SL,1,purple,False,1,0.0,5.650000000000546,2026-09-24 04:03:00,2026
2026-09-24 05:54:00,2026-09-24 07:00:00,SELL,4288.18,4286.22,4294.395433885436,4275.869132229128,6.215433885436141,1.9600000000000364,3.9200000000000728,0.0,0.3153440348859092,SL_purple,1,purple,False,66,7.510000000000218,5.850000000000364,2026-09-24 05:51:00,2026
2026-09-24 10:06:00,2026-09-24 10:41:00,BUY,4283.01,4280.28,4273.553230624308,4300.753538751384,9.456769375692602,-2.730000000000473,-5.460000000000946,-0.0,-0.2886820954963313,SL_purple,1,purple,False,35,4.800000000000182,2.5100000000002183,2026-09-24 10:03:00,2026
