entry_time,exit_time,side,entry,exit,initial_sl,tp,risk,pnl_px,pnl,swap,r_multiple,exit_reason,delta,bars
2021-09-29 12:45:00,2021-09-29 13:17:00,SELL,1742.51,1743.6757119189958,1743.6757119189958,1733.365,1.1657119189958394,-1.1657119189958394,-2.3314238379916787,0.0,-1.0,SL,-0.26880368740826255,32
2021-09-29 14:30:00,2021-09-29 17:05:00,SELL,1741.26,1733.365,1744.4185255884884,1733.365,3.1585255884883736,7.894999999999982,15.789999999999964,0.0,2.49958399221911,TP,-0.3536303219681581,155
2022-04-04 02:00:00,2022-04-04 05:15:00,BUY,1923.33,1920.4506115466882,1920.4506115466882,1931.875,2.879388453311776,-2.879388453311776,-5.758776906623552,0.0,-1.0,SL,0.3827965235169999,195
2022-04-04 09:30:00,2022-04-04 11:01:00,BUY,1923.78,1931.875,1917.6317766455682,1931.875,6.1482233544318206,8.095000000000027,16.190000000000055,0.0,1.3166405209018492,TP,0.2584126777096467,91
2022-04-06 11:30:00,2022-04-06 12:07:00,BUY,1924.46,1928.385,1920.4818500853935,1928.385,3.978149914606547,3.9249999999999545,7.849999999999909,0.0,0.9866395395479084,TP,0.2859475698381173,37
2022-04-06 22:15:00,2022-04-06 23:59:00,BUY,1924.62,1924.97,1920.7787727029056,1928.385,3.8412272970942922,0.3500000000001364,0.7000000000002728,0.0,0.09111671164705483,session_end,0.2019783341040628,104
2022-04-08 02:15:00,2022-04-08 02:44:00,SELL,1931.29,1933.5151924868633,1933.5151924868633,1927.125,2.225192486863307,-2.225192486863307,-4.450384973726614,0.0,-1.0,SL,-0.27849023608260987,29
2022-04-08 05:30:00,2022-04-08 13:13:00,SELL,1930.72,1933.8298767029867,1933.8298767029867,1927.125,3.1098767029866394,-3.1098767029866394,-6.219753405973279,0.0,-1.0,SL,-0.3403924686491962,463
2022-04-08 14:15:00,2022-04-08 15:00:00,SELL,1931.9,1934.7047619514117,1934.7047619514117,1927.125,2.8047619514115922,-2.8047619514115922,-5.6095239028231845,0.0,-1.0,SL,-0.23841587379064633,45
2022-04-12 10:45:00,2022-04-12 13:32:00,SELL,1954.52,1957.7754562980967,1957.7754562980967,1942.4450000000002,3.2554562980967603,-3.2554562980967603,-6.510912596193521,0.0,-1.0,SL,-0.2810674591036958,167
2022-04-12 14:45:00,2022-04-12 15:01:00,SELL,1952.81,1957.1909236618585,1957.1909236618585,1942.4450000000002,4.38092366185856,-4.38092366185856,-8.76184732371712,0.0,-1.0,SL,-0.4219008981989919,16
2022-04-13 08:00:00,2022-04-13 08:33:00,SELL,1968.22,1970.42393353041,1970.42393353041,1956.22,2.2039335304100405,-2.2039335304100405,-4.407867060820081,0.0,-1.0,SL,-0.6002614469024767,33
2022-04-13 09:30:00,2022-04-13 10:55:00,SELL,1967.64,1972.083742257157,1972.083742257157,1956.22,4.443742257156828,-4.443742257156828,-8.887484514313655,0.0,-1.0,SL,-0.27651375015402113,85
2022-04-14 09:30:00,2022-04-14 09:36:00,BUY,1973.83,1972.1755518617035,1972.1755518617035,1978.82,1.6544481382964022,-1.6544481382964022,-3.3088962765928045,0.0,-1.0,SL,0.27363418561732367,6
2022-04-14 10:00:00,2022-04-14 12:04:00,BUY,1973.71,1969.645679921571,1969.645679921571,1978.82,4.064320078429091,-4.064320078429091,-8.128640156858182,0.0,-1.0,SL,0.2266609622621622,124
2022-04-14 14:00:00,2022-04-14 14:47:00,BUY,1974.46,1978.82,1968.619582798981,1978.82,5.840417201019136,4.3599999999999,8.7199999999998,0.0,0.7465220120300811,TP,0.46833855799364105,47
2022-04-14 21:15:00,2022-04-14 22:00:00,BUY,1974.85,1970.3088180878065,1970.3088180878065,1978.82,4.541181912193451,-4.541181912193451,-9.082363824386903,0.0,-1.0,SL,0.4173456731228692,45
2022-08-04 09:00:00,2022-08-04 10:15:00,SELL,1769.7,1773.64617600069,1773.64617600069,1765.27,3.946176000690002,-3.946176000690002,-7.892352001380004,0.0,-1.0,SL,-0.2441389331317706,75
2022-08-09 03:00:00,2022-08-09 03:14:00,SELL,1789.04,1790.3312573478734,1790.3312573478734,1787.3899999999999,1.2912573478733975,-1.2912573478733975,-2.582514695746795,0.0,-1.0,SL,-0.27228978344108523,14
2022-08-10 16:15:00,2022-08-10 17:34:00,SELL,1796.61,1800.266825823069,1800.266825823069,1791.4099999999999,3.6568258230690844,-3.6568258230690844,-7.313651646138169,0.0,-1.0,SL,-0.2735546686020618,79
2022-08-10 19:15:00,2022-08-10 19:34:00,SELL,1797.49,1799.6407012796365,1799.6407012796365,1791.4099999999999,2.1507012796364506,-2.1507012796364506,-4.301402559272901,0.0,-1.0,SL,-0.2296980918423262,19
2022-08-10 20:15:00,2022-08-10 21:25:00,SELL,1797.58,1791.4099999999999,1799.8476782915375,1791.4099999999999,2.2676782915375497,6.170000000000073,12.340000000000146,0.0,2.7208444967811722,TP,-0.3719639020194213,70
2022-08-11 03:45:00,2022-08-11 04:04:00,BUY,1790.86,1788.6714942889841,1788.6714942889841,1797.47,2.1885057110157504,-2.1885057110157504,-4.377011422031501,0.0,-1.0,SL,0.32717325228320365,19
2022-08-11 13:15:00,2022-08-11 15:20:00,BUY,1791.32,1797.47,1788.0038176626979,1797.47,3.3161823373020525,6.150000000000091,12.300000000000182,0.0,1.8545421736379997,TP,0.520222417325642,125
2022-08-11 20:30:00,2022-08-11 21:04:00,BUY,1791.57,1788.620315432489,1788.620315432489,1797.47,2.9496845675109853,-2.9496845675109853,-5.899369135021971,0.0,-1.0,SL,0.44913774285132535,34
2022-08-12 17:30:00,2022-08-12 18:20:00,SELL,1791.83,1796.0696367133617,1796.0696367133617,1787.0700000000002,4.239636713361733,-4.239636713361733,-8.479273426723466,0.0,-1.0,SL,-0.27456565081185613,50
2022-08-17 13:15:00,2022-08-17 13:27:00,BUY,1774.3999999999999,1772.3509789325742,1772.3509789325742,1775.6,2.049021067425656,-2.049021067425656,-4.098042134851312,0.0,-1.0,SL,0.4492987264234745,12
2022-08-23 05:45:00,2022-08-23 08:15:00,SELL,1738.36,1736.085,1740.121379449314,1736.085,1.761379449314063,2.2749999999998636,4.549999999999727,0.0,1.2916013076488548,TP,-0.230441014700036,150
2022-10-06 11:30:00,2022-10-06 17:28:00,SELL,1715.8,1709.2150000000001,1723.2799577403646,1709.2150000000001,7.479957740364625,6.584999999999809,13.169999999999618,0.0,0.8803525672965647,TP,-0.33387532180507723,358
2022-10-12 12:45:00,2022-10-12 15:30:00,SELL,1670.27,1666.095,1674.020741506274,1666.095,3.7507415062739256,4.1749999999999545,8.349999999999909,0.0,1.1131132318813133,TP,-0.41291708796808185,165
2022-10-12 17:45:00,2022-10-12 21:09:00,SELL,1669.82,1673.797988264087,1673.797988264087,1666.095,3.9779882640871165,-3.9779882640871165,-7.955976528174233,0.0,-1.0,SL,-0.23075596702636866,204
2022-10-20 19:15:00,2022-10-20 21:13:00,SELL,1638.97,1629.01,1642.90006257437,1629.01,3.930062574369913,9.960000000000036,19.920000000000073,0.0,2.5343107931549596,TP,-0.34862891001740753,118
2022-10-25 03:15:00,2022-10-25 03:30:00,SELL,1652.2,1653.8990417530354,1653.8990417530354,1648.255,1.699041753035317,-1.699041753035317,-3.398083506070634,0.0,-1.0,SL,-0.23769695511748928,15
2022-10-25 07:00:00,2022-10-25 08:47:00,SELL,1651.39,1648.255,1653.015796169991,1648.255,1.6257961699909629,3.134999999999991,6.269999999999982,0.0,1.9282860040305156,TP,-0.35890084924646853,107
2022-10-28 01:00:00,2022-10-28 04:59:00,BUY,1662.28,1666.3049999999998,1659.8438039773328,1666.3049999999998,2.436196022667218,4.024999999999864,8.049999999999727,0.0,1.6521659023123996,TP,0.2506946884286725,239
2022-10-28 06:30:00,2022-10-28 07:01:00,SELL,1663.36,1665.084558037054,1665.084558037054,1661.2150000000001,1.7245580370540665,-1.7245580370540665,-3.449116074108133,0.0,-1.0,SL,-0.2009930692043552,31
2022-10-28 08:15:00,2022-10-28 08:43:00,SELL,1663.77,1661.2150000000001,1665.8544694195969,1661.2150000000001,2.0844694195968714,2.5549999999998363,5.109999999999673,0.0,1.2257315823294561,TP,-0.20466611289718534,28
2022-10-31 03:30:00,2022-10-31 10:03:00,BUY,1642.6599999999999,1640.0592342313862,1640.0592342313862,1650.9050000000002,2.6007657686136554,-2.6007657686136554,-5.201531537227311,0.0,-1.0,SL,0.2213794207083884,393
2022-10-31 13:15:00,2022-10-31 13:53:00,BUY,1641.49,1638.4653542165647,1638.4653542165647,1650.9050000000002,3.0246457834352896,-3.0246457834352896,-6.049291566870579,0.0,-1.0,SL,0.5507718563334121,38
2022-11-02 05:30:00,2022-11-02 10:16:00,SELL,1651.0,1654.0561196268031,1654.0561196268031,1644.96,3.056119626803138,-3.056119626803138,-6.112239253606276,0.0,-1.0,SL,-0.3083848900949837,286
2022-11-02 11:00:00,2022-11-02 11:07:00,SELL,1652.15,1654.2439755542293,1654.2439755542293,1644.96,2.093975554229246,-2.093975554229246,-4.187951108458492,0.0,-1.0,SL,-0.4029208301316411,7
2022-11-02 16:15:00,2022-11-02 20:00:00,SELL,1650.95,1654.5895923296903,1654.5895923296903,1644.96,3.639592329690231,-3.639592329690231,-7.279184659380462,0.0,-1.0,SL,-0.3788783984952138,225
2022-11-09 02:15:00,2022-11-09 10:01:00,SELL,1710.44,1713.1275997294063,1713.1275997294063,1670.2549999999999,2.6875997294062017,-2.6875997294062017,-5.3751994588124035,0.0,-1.0,SL,-0.3529423479037168,466
2022-11-09 17:45:00,2022-11-09 23:59:00,SELL,1710.65,1706.87,1715.7231105678181,1670.2549999999999,5.073110567818048,3.7800000000002,7.5600000000004,0.0,0.7451049902162852,session_end,-0.3227903464669641,374
2022-11-16 06:30:00,2022-11-16 07:22:00,BUY,1771.51,1775.68,1769.167871164602,1775.68,2.3421288353979435,4.170000000000073,8.340000000000146,0.0,1.7804315189567963,TP,0.24649420959453944,52
2022-11-18 09:30:00,2022-11-18 09:45:00,SELL,1764.19,1766.8363889928926,1766.8363889928926,1760.3,2.6463889928925255,-2.6463889928925255,-5.292777985785051,0.0,-1.0,SL,-0.3966239725955043,15
2022-11-18 10:15:00,2022-11-18 11:32:00,SELL,1763.62,1766.606556711875,1766.606556711875,1760.3,2.9865567118752097,-2.9865567118752097,-5.973113423750419,0.0,-1.0,SL,-0.580472557745682,77
2022-11-18 12:00:00,2022-11-18 13:46:00,SELL,1764.07,1760.3,1767.8512949960998,1760.3,3.7812949960998594,3.769999999999982,7.539999999999964,0.0,0.9970129291389517,TP,-0.45547331046553075,106
2022-12-05 08:45:00,2022-12-05 09:11:00,SELL,1803.2,1798.13,1807.012700797496,1798.13,3.8127007974960634,5.069999999999936,10.139999999999873,0.0,1.3297660291963078,TP,-0.5873776655278584,26
2022-12-12 03:30:00,2022-12-12 03:49:00,BUY,1792.3899999999999,1790.1728741393413,1790.1728741393413,1798.29,2.217125860658598,-2.217125860658598,-4.434251721317196,0.0,-1.0,SL,0.33421503033911165,19
2022-12-12 12:00:00,2022-12-12 14:56:00,BUY,1792.48,1789.3554605133904,1789.3554605133904,1798.29,3.124539486609592,-3.124539486609592,-6.249078973219184,0.0,-1.0,SL,0.2813456088657227,176
2022-12-16 05:00:00,2022-12-16 08:49:00,SELL,1781.78,1784.2313202394585,1784.2313202394585,1778.02,2.4513202394584823,-2.4513202394584823,-4.902640478916965,0.0,-1.0,SL,-0.4616141496082284,229
2022-12-16 14:00:00,2022-12-16 14:39:00,SELL,1782.38,1784.107388114148,1784.107388114148,1778.02,1.7273881141479706,-1.7273881141479706,-3.454776228295941,0.0,-1.0,SL,-0.25506838079363703,39
2022-12-19 03:00:00,2022-12-19 04:32:00,SELL,1793.1,1795.887612364264,1795.887612364264,1789.23,2.7876123642640778,-2.7876123642640778,-5.5752247285281555,0.0,-1.0,SL,-0.5175066071257141,92
2022-12-19 05:45:00,2022-12-19 10:12:00,SELL,1792.92,1795.77656320266,1795.77656320266,1789.23,2.856563202660027,-2.856563202660027,-5.713126405320054,0.0,-1.0,SL,-0.31105083559682356,267
2022-12-28 11:45:00,2022-12-28 12:00:00,BUY,1800.9399999999998,1799.1537130940271,1799.1537130940271,1808.06,1.7862869059727018,-1.7862869059727018,-3.5725738119454036,0.0,-1.0,SL,0.3161888177124664,15
2022-12-28 18:30:00,2022-12-28 20:11:00,BUY,1801.4199999999998,1808.06,1795.6837797674627,1808.06,5.736220232537107,6.6400000000001,13.2800000000002,0.0,1.1575566716104368,TP,0.3378747113927606,101
2022-12-29 08:30:00,2022-12-29 10:33:00,SELL,1808.16,1810.5726401282545,1810.5726401282545,1803.1100000000001,2.412640128254452,-2.412640128254452,-4.825280256508904,0.0,-1.0,SL,-0.5090479586388594,123
2022-12-29 12:00:00,2022-12-29 15:37:00,SELL,1808.62,1811.3581278381516,1811.3581278381516,1803.1100000000001,2.7381278381517404,-2.7381278381517404,-5.476255676303481,0.0,-1.0,SL,-0.23431126688043433,217
2022-12-30 14:00:00,2022-12-30 14:19:00,SELL,1818.82,1820.3966957993914,1820.3966957993914,1816.01,1.576695799391473,-1.576695799391473,-3.153391598782946,0.0,-1.0,SL,-0.49209900144377744,19
2022-12-30 21:00:00,2022-12-30 21:26:00,SELL,1819.05,1820.9722286504118,1820.9722286504118,1816.01,1.9222286504118529,-1.9222286504118529,-3.8444573008237057,0.0,-1.0,SL,-0.22776620463115949,26
2023-02-13 13:15:00,2023-02-13 15:23:00,BUY,1860.98,1857.3360500179433,1857.3360500179433,1864.0849999999998,3.6439499820567107,-3.6439499820567107,-7.2878999641134214,0.0,-1.0,SL,0.271789610109556,128
2023-02-16 11:00:00,2023-02-16 11:07:00,SELL,1837.54,1839.5548919713478,1839.5548919713478,1835.6100000000001,2.014891971347879,-2.014891971347879,-4.029783942695758,0.0,-1.0,SL,-0.3044045290161752,7
2023-02-16 17:30:00,2023-02-16 17:38:00,BUY,1832.7,1835.6100000000001,1828.9097324024074,1835.6100000000001,3.790267597592674,2.910000000000082,5.820000000000164,0.0,0.7677558180452273,TP,0.2411758277775033,8
2023-02-17 17:30:00,2023-02-17 17:32:00,BUY,1834.3999999999999,1836.29,1831.7580634629862,1836.29,2.6419365370136347,1.8900000000001,3.7800000000002,0.0,0.7153843302142674,TP,0.2292539039057057,2
2023-02-17 21:15:00,2023-02-17 23:59:00,SELL,1842.06,1842.22,1844.710865059762,1836.29,2.6508650597620544,-0.16000000000008185,-0.3200000000001637,0.0,-0.06035765547962056,session_end,-0.2217110659381984,164
2023-03-01 05:45:00,2023-03-01 07:15:00,SELL,1830.2,1831.946051818973,1831.946051818973,1827.0,1.746051818973001,-1.746051818973001,-3.492103637946002,0.0,-1.0,SL,-0.6654412625562134,90
2023-03-01 08:00:00,2023-03-01 08:10:00,SELL,1830.98,1832.3273072382556,1832.3273072382556,1827.0,1.3473072382555529,-1.3473072382555529,-2.6946144765111057,0.0,-1.0,SL,-0.2845377422744148,10
2023-03-02 12:30:00,2023-03-02 17:01:00,BUY,1832.6,1838.15,1829.8951263345218,1838.15,2.7048736654780896,5.550000000000182,11.100000000000364,0.0,2.051851837235146,TP,0.23635472464104246,271
2023-03-08 03:00:00,2023-03-08 03:09:00,BUY,1813.58,1811.6513210671046,1811.6513210671046,1814.73,1.9286789328953091,-1.9286789328953091,-3.8573578657906182,0.0,-1.0,SL,0.20024645716810419,9
2023-03-08 03:45:00,2023-03-08 04:43:00,BUY,1813.3799999999999,1811.2156167581738,1811.2156167581738,1814.73,2.1643832418260445,-2.1643832418260445,-4.328766483652089,0.0,-1.0,SL,0.23160501717816095,58
2023-03-08 08:15:00,2023-03-08 09:41:00,BUY,1813.1799999999998,1814.73,1811.1706994000158,1814.73,2.0093005999840443,1.550000000000182,3.100000000000364,0.0,0.7714126995296225,TP,0.3153925878278155,86
2023-03-08 12:30:00,2023-03-08 12:55:00,BUY,1813.72,1814.73,1811.951975163368,1814.73,1.7680248366320939,1.009999999999991,2.019999999999982,0.0,0.5712589433550818,TP,0.2865846333384576,25
2023-03-09 11:00:00,2023-03-09 11:37:00,SELL,1817.06,1819.3335435207248,1819.3335435207248,1813.84,2.273543520724843,-2.273543520724843,-4.547087041449686,0.0,-1.0,SL,-0.2099576271175869,37
2023-03-09 14:30:00,2023-03-09 15:30:00,SELL,1818.1,1819.7128570311256,1819.7128570311256,1813.84,1.6128570311257135,-1.6128570311257135,-3.225714062251427,0.0,-1.0,SL,-0.25852384062405964,60
2023-03-10 10:30:00,2023-03-10 11:34:00,SELL,1833.4,1836.959135598321,1836.959135598321,1830.43,3.559135598320836,-3.559135598320836,-7.118271196641672,0.0,-1.0,SL,-0.3669477012260976,64
2023-03-21 11:45:00,2023-03-21 12:38:00,BUY,1969.26,1965.3583697987465,1965.3583697987465,1976.45,3.9016302012535107,-3.9016302012535107,-7.803260402507021,0.0,-1.0,SL,0.3232692151619644,53
2023-03-28 18:30:00,2023-03-28 20:18:00,SELL,1967.05,1971.5018139069875,1971.5018139069875,1957.0,4.4518139069875815,-4.4518139069875815,-8.903627813975163,0.0,-1.0,SL,-0.24040788579131903,108
2023-03-30 08:30:00,2023-03-30 09:17:00,BUY,1962.74,1967.8799999999999,1959.790429921979,1967.8799999999999,2.9495700780209972,5.139999999999873,10.279999999999745,0.0,1.7426268452819864,TP,0.5239789383781005,47
2023-04-05 09:45:00,2023-04-05 10:06:00,SELL,2023.46,2026.0115906785857,2026.0115906785857,2020.52,2.551590678585626,-2.551590678585626,-5.103181357171252,0.0,-1.0,SL,-0.4603895603957157,21
2023-04-05 12:00:00,2023-04-05 15:15:00,SELL,2023.94,2027.2583582619716,2027.2583582619716,2020.52,3.3183582619715253,-3.3183582619715253,-6.636716523943051,0.0,-1.0,SL,-0.20097859327059153,195
2023-04-06 01:45:00,2023-04-06 03:38:00,BUY,2020.54,2018.1383939461252,2018.1383939461252,2022.98,2.4016060538747297,-2.4016060538747297,-4.803212107749459,0.0,-1.0,SL,0.5862068965595607,113
2023-04-06 13:30:00,2023-04-06 15:20:00,BUY,2019.72,2016.8371168324807,2016.8371168324807,2022.98,2.882883167519367,-2.882883167519367,-5.765766335038734,0.0,-1.0,SL,0.2601607860644967,110
2023-04-13 04:30:00,2023-04-13 04:44:00,SELL,2016.64,2019.1854957242156,2019.1854957242156,2007.72,2.5454957242154705,-2.5454957242154705,-5.090991448430941,0.0,-1.0,SL,-0.3365943945033992,14
2023-04-13 08:45:00,2023-04-13 09:19:00,SELL,2015.92,2019.1699999999998,2019.141191879537,2007.72,3.2211918795369456,-3.2499999999997726,-6.499999999999545,0.0,-1.0089433109048345,SL,-0.3369298675787101,34
2023-04-19 19:45:00,2023-04-19 23:59:00,BUY,1996.08,1994.6,1991.0281125366605,2004.1000000000001,5.051887463339426,-1.4800000000000182,-2.9600000000000364,0.0,-0.29295981170208024,session_end,0.291297801866299,254
2023-04-20 12:00:00,2023-04-20 12:11:00,SELL,1996.51,1993.8600000000001,1999.3034738991319,1993.8600000000001,2.793473899131868,2.6499999999998636,5.299999999999727,0.0,0.948639613501815,TP,-0.47967515268298044,11
2023-04-28 10:00:00,2023-04-28 10:05:00,BUY,1986.06,1982.536177373443,1982.536177373443,1998.76,3.523822626556921,-3.523822626556921,-7.047645253113842,0.0,-1.0,SL,0.24956452144333569,5
2023-06-07 01:45:00,2023-06-07 03:18:00,SELL,1963.52,1964.6840065916058,1964.6840065916058,1959.76,1.164006591605812,-1.164006591605812,-2.328013183211624,0.0,-1.0,SL,-0.8329961970971222,93
2023-06-07 09:00:00,2023-06-07 09:32:00,SELL,1963.01,1959.76,1965.097533371382,1959.76,2.087533371382051,3.25,6.5,0.0,1.5568613391068036,TP,-0.3718091010015349,32
2023-06-07 12:45:00,2023-06-07 13:00:00,SELL,1962.25,1964.8838533813212,1964.8838533813212,1959.76,2.6338533813211598,-2.6338533813211598,-5.2677067626423195,0.0,-1.0,SL,-0.3141959656364964,15
2023-06-07 14:15:00,2023-06-07 15:15:00,SELL,1962.54,1959.76,1966.0156086949635,1959.76,3.475608694963512,2.7799999999999727,5.559999999999945,0.0,0.7998598933270186,TP,-0.41779824591303705,60
2023-06-07 16:30:00,2023-06-07 16:32:00,BUY,1959.2,1959.76,1957.910067188944,1959.76,1.2899328110561328,0.5599999999999454,1.1199999999998909,0.0,0.43413113861445646,TP,0.2045445610706071,2
2023-06-13 12:45:00,2023-06-13 13:36:00,SELL,1962.72,1964.7209253674798,1964.7209253674798,1956.02,2.0009253674797947,-2.0009253674797947,-4.001850734959589,0.0,-1.0,SL,-0.2760769439217258,51
2023-06-19 07:00:00,2023-06-19 09:52:00,BUY,1955.96,1953.2973249322558,1953.2973249322558,1960.66,2.6626750677442033,-2.6626750677442033,-5.3253501354884065,0.0,-1.0,SL,0.4872633889727794,172
2023-06-19 11:15:00,2023-06-19 12:30:00,BUY,1956.2,1954.2656360215985,1954.2656360215985,1960.66,1.9343639784015068,-1.9343639784015068,-3.8687279568030135,0.0,-1.0,SL,0.24794116520014536,75
2023-06-26 04:00:00,2023-06-26 04:01:00,SELL,1926.34,1927.6823795102812,1927.6823795102812,1917.565,1.342379510281262,-1.342379510281262,-2.684759020562524,0.0,-1.0,SL,-0.5749750913252389,1
2023-06-26 16:45:00,2023-06-26 23:59:00,SELL,1924.8,1922.2,1929.2659518456046,1917.565,4.46595184560465,2.599999999999909,5.199999999999818,0.0,0.582182721598041,session_end,-0.42709234968623766,431
2023-06-27 03:30:00,2023-06-27 03:54:00,BUY,1923.78,1921.7204362830485,1921.7204362830485,1925.505,2.0595637169515157,-2.0595637169515157,-4.1191274339030315,0.0,-1.0,SL,0.3492822966588727,24
2023-06-29 13:30:00,2023-06-29 14:12:00,BUY,1906.72,1910.015,1904.66476082397,1910.015,2.0552391760299997,3.2950000000000728,6.5900000000001455,0.0,1.6032197315179908,TP,0.42127053952931576,42
2023-07-04 19:30:00,2023-07-04 21:28:00,SELL,1925.44,1926.04,1926.7579351784382,1918.2250000000001,1.3179351784381197,-0.599999999999909,-1.199999999999818,0.0,-0.4552575952263198,session_end,-0.20683627888128778,118
2023-07-05 06:15:00,2023-07-05 09:12:00,BUY,1925.1,1923.6732488243845,1923.6732488243845,1926.385,1.4267511756154363,-1.4267511756154363,-2.8535023512308726,0.0,-1.0,SL,0.4208794495962525,177
2023-07-10 16:15:00,2023-07-10 19:36:00,BUY,1918.54,1925.085,1912.7922209012952,1925.085,5.747779098704768,6.545000000000073,13.090000000000146,0.0,1.1387006855352102,TP,0.34456241955867495,201
2023-07-12 09:45:00,2023-07-12 15:30:00,SELL,1934.86,1938.36445125933,1938.36445125933,1931.875,3.5044512593301533,-3.5044512593301533,-7.008902518660307,0.0,-1.0,SL,-0.5615634763747046,345
2023-07-14 02:30:00,2023-07-14 02:31:00,SELL,1960.84,1961.7427851126283,1961.7427851126283,1959.94,0.9027851126284077,-0.9027851126284077,-1.8055702252568153,0.0,-1.0,SL,-0.3661477232802448,1
2023-07-14 14:15:00,2023-07-14 15:11:00,BUY,1958.04,1959.94,1955.300919554915,1959.94,2.7390804450849373,1.900000000000091,3.800000000000182,0.0,0.6936634531524951,TP,0.37560274088646933,56
2023-09-11 14:45:00,2023-09-11 15:18:00,SELL,1924.7,1926.9884163046463,1926.9884163046463,1919.785,2.288416304646262,-2.288416304646262,-4.576832609292524,0.0,-1.0,SL,-0.2603863170428401,33
2023-09-11 17:15:00,2023-09-11 17:17:00,SELL,1925.18,1926.7569175277831,1926.7569175277831,1919.785,1.5769175277830527,-1.5769175277830527,-3.1538350555661054,0.0,-1.0,SL,-0.2545819571306693,2
2023-09-11 17:30:00,2023-09-11 23:59:00,SELL,1924.34,1922.37,1927.4789234186555,1919.785,3.1389234186556223,1.9700000000000273,3.9400000000000546,0.0,0.6276037154304847,session_end,-0.25243836879130954,384
2023-09-18 15:45:00,2023-09-18 16:17:00,SELL,1925.52,1927.7643967814781,1927.7643967814781,1918.365,2.2443967814781445,-2.2443967814781445,-4.488793562956289,0.0,-1.0,SL,-0.20792825381637203,32
2023-09-22 09:45:00,2023-09-22 10:15:00,SELL,1924.68,1926.9399999999998,1926.4634806070624,1919.7949999999998,1.7834806070623017,-2.2599999999997635,-4.519999999999527,0.0,-1.2671850711751618,SL,-0.349220006727091,30
2023-09-22 12:45:00,2023-09-22 14:39:00,SELL,1925.38,1926.9809255154503,1926.9809255154503,1919.7949999999998,1.6009255154501716,-1.6009255154501716,-3.201851030900343,0.0,-1.0,SL,-0.4112690890255143,114
2023-09-22 15:00:00,2023-09-22 16:12:00,SELL,1925.36,1927.2365634736948,1927.2365634736948,1919.7949999999998,1.8765634736948869,-1.8765634736948869,-3.7531269473897737,0.0,-1.0,SL,-0.30985630438353456,72
2023-09-22 20:00:00,2023-09-22 23:59:00,SELL,1925.22,1925.1399999999999,1927.1946275810296,1919.7949999999998,1.9746275810296083,0.08000000000015461,0.16000000000030923,0.0,0.040513968694006135,session_end,-0.2702456778927802,237
2023-09-28 17:00:00,2023-09-28 17:31:00,BUY,1873.1799999999998,1870.1234118660736,1870.1234118660736,1876.905,3.0565881339261978,-3.0565881339261978,-6.1131762678523955,0.0,-1.0,SL,0.2319174590570756,31
2023-10-03 11:30:00,2023-10-03 11:59:00,BUY,1829.06,1826.1118615137966,1826.1118615137966,1832.01,2.9481384862033337,-2.9481384862033337,-5.8962769724066675,0.0,-1.0,SL,0.330880725824209,29
2023-10-03 17:00:00,2023-10-03 17:00:00,BUY,1829.1399999999999,1825.0551934936125,1825.0551934936125,1832.01,4.084806506387395,-4.084806506387395,-8.16961301277479,0.0,-1.0,SL,0.21181516953381438,0
2023-10-05 17:30:00,2023-10-05 17:34:00,BUY,1819.96,1816.7165184702249,1816.7165184702249,1822.69,3.243481529775181,-3.243481529775181,-6.486963059550362,0.0,-1.0,SL,0.3073994518929079,4
2023-10-05 21:30:00,2023-10-05 23:59:00,BUY,1819.72,1819.99,1817.800938382072,1822.69,1.9190616179280369,0.2699999999999818,0.5399999999999636,0.0,0.14069376276281015,session_end,0.21363923384041586,149
2023-10-06 13:45:00,2023-10-06 15:24:00,SELL,1823.36,1819.8500000000001,1824.801635421499,1819.8500000000001,1.441635421499086,3.5099999999997635,7.019999999999527,0.0,2.4347348488079508,TP,-0.28770523100845474,99
2023-10-11 04:00:00,2023-10-11 05:50:00,SELL,1860.82,1862.1622458245108,1862.1622458245108,1856.9750000000001,1.3422458245108828,-1.3422458245108828,-2.6844916490217656,0.0,-1.0,SL,-0.7068536530263665,110
2023-10-17 06:30:00,2023-10-17 10:06:00,BUY,1915.3999999999999,1919.0049999999999,1913.450058544815,1919.0049999999999,1.9499414551848986,3.605000000000018,7.210000000000036,0.0,1.848773454410293,TP,0.23387350534350002,216
2023-10-17 16:15:00,2023-10-17 16:46:00,SELL,1923.55,1928.101761990455,1928.101761990455,1919.0049999999999,4.551761990455134,-4.551761990455134,-9.103523980910268,0.0,-1.0,SL,-0.3876562653804872,31
2023-10-17 20:30:00,2023-10-17 23:59:00,SELL,1922.7,1923.12,1925.9033722826382,1919.0049999999999,3.2033722826381563,-0.4199999999998454,-0.8399999999996908,0.0,-0.13111182932941903,session_end,-0.5517840438280307,209
2023-10-19 03:45:00,2023-10-19 11:09:00,SELL,1948.98,1953.6143787044416,1953.6143787044416,1937.965,4.634378704441588,-4.634378704441588,-9.268757408883175,0.0,-1.0,SL,-0.48446979987031275,444
2023-10-19 11:30:00,2023-10-19 15:21:00,SELL,1949.92,1954.6273883606857,1954.6273883606857,1937.965,4.707388360685627,-4.707388360685627,-9.414776721371254,0.0,-1.0,SL,-0.2135272014380391,231
2023-10-24 22:00:00,2023-10-24 23:53:00,BUY,1973.9199999999998,1970.764706976087,1970.764706976087,1977.3799999999999,3.155293023912918,-3.155293023912918,-6.310586047825836,0.0,-1.0,SL,0.29850899743610676,113
2023-10-25 04:15:00,2023-10-25 04:54:00,SELL,1974.2,1976.163059217027,1976.163059217027,1964.1000000000001,1.9630592170269665,-1.9630592170269665,-3.926118434053933,0.0,-1.0,SL,-0.29502038206863646,39
2023-10-25 06:00:00,2023-10-25 09:23:00,SELL,1972.6,1975.760078402826,1975.760078402826,1964.1000000000001,3.1600784028260023,-3.1600784028260023,-6.3201568056520046,0.0,-1.0,SL,-0.468846773199988,203
2023-10-25 09:45:00,2023-10-25 14:36:00,SELL,1973.82,1975.5858236699544,1975.5858236699544,1964.1000000000001,1.7658236699544432,-1.7658236699544432,-3.5316473399088864,0.0,-1.0,SL,-0.3417398696487514,291
2023-10-25 15:30:00,2023-10-25 16:12:00,SELL,1974.16,1977.4468875509197,1977.4468875509197,1964.1000000000001,3.286887550919573,-3.286887550919573,-6.573775101839146,0.0,-1.0,SL,-0.3201882785123949,42
2023-10-27 18:45:00,2023-10-27 20:06:00,BUY,1981.46,1984.96,1978.1300716962833,1984.96,3.3299283037167697,3.5,7.0,0.0,1.051073681104005,TP,0.2813030590830953,81
2023-10-31 07:15:00,2023-10-31 10:18:00,BUY,1994.3999999999999,1998.9399999999998,1991.7817557313333,1998.9399999999998,2.618244268666558,4.539999999999964,9.079999999999927,0.0,1.7339864176661155,TP,0.47968589962265,183
2023-11-02 04:00:00,2023-11-02 10:39:00,SELL,1986.1,1987.9153814856031,1987.9153814856031,1978.52,1.8153814856032113,-1.8153814856032113,-3.6307629712064227,0.0,-1.0,SL,-0.3919912830448273,399
2023-11-03 09:45:00,2023-11-03 09:46:00,SELL,1987.04,1984.8799999999999,1989.1166127782428,1984.8799999999999,2.076612778242861,2.160000000000082,4.320000000000164,0.0,1.0401554024086181,TP,-0.4475993804864541,1
2023-11-08 13:00:00,2023-11-08 17:01:00,BUY,1962.28,1959.3618300403125,1959.3618300403125,1967.8999999999999,2.918169959687475,-2.918169959687475,-5.83633991937495,0.0,-1.0,SL,0.4583281977964615,241
2023-11-10 02:15:00,2023-11-10 02:29:00,SELL,1958.58,1960.2425030511492,1960.2425030511492,1949.235,1.662503051149315,-1.662503051149315,-3.32500610229863,0.0,-1.0,SL,-0.2792122874998993,14
2023-11-10 03:30:00,2023-11-10 13:27:00,SELL,1958.92,1949.235,1961.5302465218556,1949.235,2.6102465218555153,9.685000000000173,19.370000000000346,0.0,3.710377513735948,TP,-0.663652802892925,597
2023-11-10 16:00:00,2023-11-10 16:52:00,BUY,1946.36,1943.42,1943.4299414704271,1949.235,2.9300585295727615,-2.939999999999827,-5.879999999999654,0.0,-1.003392925542861,SL,0.24695475905514955,52
2023-11-15 03:30:00,2023-11-15 04:01:00,SELL,1962.88,1963.9640949453365,1963.9640949453365,1945.4850000000001,1.0840949453363464,-1.0840949453363464,-2.168189890672693,0.0,-1.0,SL,-0.3329451809431064,31
2023-11-15 16:45:00,2023-11-15 23:59:00,SELL,1962.02,1959.37,1966.0658626163508,1945.4850000000001,4.04586261635086,2.650000000000091,5.300000000000182,0.0,0.6549901099682524,session_end,-0.22807017543753177,434
2023-11-17 21:15:00,2023-11-17 23:59:00,SELL,1981.16,1980.72,1982.8484753157584,1965.26,1.6884753157582963,0.44000000000005457,0.8800000000001091,0.0,0.2605901287946576,session_end,-0.28854532675583267,164
2023-11-22 01:45:00,2023-11-22 06:52:00,SELL,1999.16,2000.1980884777502,2000.1980884777502,1991.74,1.0380884777500796,-1.0380884777500796,-2.0761769555001592,0.0,-1.0,SL,-0.25432098762936917,307
2023-11-28 04:15:00,2023-11-28 04:26:00,SELL,2014.28,2016.2097137961166,2016.2097137961166,2012.7,1.92971379611663,-1.92971379611663,-3.85942759223326,0.0,-1.0,SL,-0.32024236982903015,11
2023-11-28 12:45:00,2023-11-28 13:01:00,SELL,2013.78,2015.124913435907,2015.124913435907,2012.7,1.344913435907074,-1.344913435907074,-2.689826871814148,0.0,-1.0,SL,-0.3283294016734707,16
2023-11-28 15:00:00,2023-11-28 15:14:00,SELL,2014.34,2012.7,2016.1471894903093,2012.7,1.8071894903093835,1.6399999999998727,3.2799999999997453,0.0,0.9074864638124425,TP,-0.3946624803763895,14
2023-11-30 03:15:00,2023-11-30 03:53:00,SELL,2045.98,2043.9,2047.2490405614717,2043.9,1.2690405614716838,2.0799999999999272,4.1599999999998545,0.0,1.6390335054285328,TP,-0.2305340882175122,38
2023-11-30 06:15:00,2023-11-30 06:44:00,SELL,2045.8,2043.9,2047.2739448906143,2043.9,1.473944890614348,1.8999999999998636,3.799999999999727,0.0,1.2890576927933401,TP,-0.40193960952972435,29
2023-11-30 12:45:00,2023-11-30 13:19:00,BUY,2040.1,2036.5190042063555,2036.5190042063555,2043.9,3.5809957936444334,-3.5809957936444334,-7.161991587288867,0.0,-1.0,SL,0.6751651849036212,34
2023-11-30 15:15:00,2023-11-30 15:30:00,BUY,2041.26,2043.9,2037.3740185940242,2043.9,3.8859814059758264,2.6400000000001,5.2800000000002,0.0,0.6793650623084125,TP,0.5494372449616413,15
2023-11-30 18:30:00,2023-11-30 20:46:00,BUY,2039.76,2034.9112209324014,2034.9112209324014,2043.9,4.848779067598571,-4.848779067598571,-9.697558135197141,0.0,-1.0,SL,0.23347024644545483,136
2023-12-01 13:15:00,2023-12-01 14:49:00,SELL,2042.58,2035.36,2045.028818474639,2035.36,2.4488184746389834,7.220000000000027,14.440000000000055,0.0,2.948360637904953,TP,-0.2729299513515455,94
2023-12-06 10:45:00,2023-12-06 16:34:00,SELL,2027.06,2033.198610093718,2033.198610093718,2018.76,6.1386100937179435,-6.1386100937179435,-12.277220187435887,0.0,-1.0,SL,-0.7776944236084284,349
2023-12-06 17:00:00,2023-12-06 17:47:00,SELL,2025.06,2031.5187647627897,2031.5187647627897,2018.76,6.4587647627897695,-6.4587647627897695,-12.917529525579539,0.0,-1.0,SL,-0.39166307625943353,47
2023-12-06 18:15:00,2023-12-06 23:59:00,SELL,2029.02,2025.54,2032.8253382613466,2018.76,3.8053382613466056,3.480000000000018,6.960000000000036,0.0,0.9145047722429125,session_end,-0.3312771811506506,344
2023-12-08 04:30:00,2023-12-08 10:05:00,SELL,2031.94,2028.58,2034.4751369784303,2028.58,2.5351369784302733,3.3600000000001273,6.720000000000255,0.0,1.3253721706511494,TP,-0.28092725754418824,335
2023-12-26 07:45:00,2023-12-26 08:33:00,SELL,2061.5,2064.6802073219465,2064.6802073219465,2048.605,3.1802073219464546,-3.1802073219464546,-6.360414643892909,0.0,-1.0,SL,-0.3126466753619987,48
2023-12-26 11:00:00,2023-12-26 12:49:00,SELL,2061.39,2063.4808782859723,2063.4808782859723,2048.605,2.0908782859723942,-2.0908782859723942,-4.1817565719447884,0.0,-1.0,SL,-0.29292359739720814,109
2023-12-26 15:15:00,2023-12-26 15:24:00,SELL,2061.92,2063.6234037154973,2063.6234037154973,2048.605,1.7034037154971884,-1.7034037154971884,-3.4068074309943768,0.0,-1.0,SL,-0.28961422723428604,9
2023-12-26 15:45:00,2023-12-26 22:06:00,SELL,2061.25,2063.347807285301,2063.347807285301,2048.605,2.09780728530086,-2.09780728530086,-4.19561457060172,0.0,-1.0,SL,-0.3205744209900434,381
2023-12-28 12:00:00,2023-12-28 12:08:00,SELL,2076.89,2078.940637581227,2078.940637581227,2065.065,2.0506375812269653,-2.0506375812269653,-4.1012751624539305,0.0,-1.0,SL,-0.3469543147183468,8
2023-12-28 12:45:00,2023-12-28 16:57:00,SELL,2075.07,2079.504761576514,2079.504761576514,2065.065,4.434761576513665,-4.434761576513665,-8.86952315302733,0.0,-1.0,SL,-0.42407591726492255,252
2023-12-28 18:15:00,2023-12-28 23:36:00,SELL,2075.02,2065.065,2078.663408642403,2065.065,3.6434086424028465,9.954999999999927,19.909999999999854,0.0,2.732331444829245,TP,-0.4842687564837219,321
2024-02-14 15:00:00,2024-02-14 15:55:00,BUY,1990.56,1989.0538343548405,1989.0538343548405,1993.68,1.506165645159399,-1.506165645159399,-3.012331290318798,0.0,-1.0,SL,0.21463022508125762,55
2024-02-14 22:45:00,2024-02-14 23:59:00,BUY,1991.1999999999998,1992.1,1988.5310222155745,1993.68,2.6689777844253513,0.900000000000091,1.800000000000182,0.0,0.3372077524406472,session_end,0.2562913907327648,74
2024-02-15 01:30:00,2024-02-15 01:58:00,SELL,1992.86,1994.0809489975654,1994.0809489975654,1991.1899999999998,1.2209489975655288,-1.2209489975655288,-2.4418979951310575,0.0,-1.0,SL,-0.26755852843428235,28
2024-02-15 05:15:00,2024-02-15 05:45:00,SELL,1992.78,1991.1899999999998,1993.708609734448,1991.1899999999998,0.9286097344479458,1.5900000000001455,3.180000000000291,0.0,1.7122370582787323,TP,-0.29521441890285144,30
2024-02-20 01:30:00,2024-02-20 01:46:00,BUY,2017.08,2015.7992605300349,2015.7992605300349,2019.8400000000001,1.2807394699650558,-1.2807394699650558,-2.5614789399301117,0.0,-1.0,SL,0.26682134568421,16
2024-02-21 08:15:00,2024-02-21 10:38:00,SELL,2029.44,2027.04,2031.726251487814,2027.04,2.2862514878138427,2.400000000000091,4.800000000000182,0.0,1.0497532807709693,TP,-0.25892703121981675,143
2024-02-21 20:00:00,2024-02-21 20:02:00,BUY,2024.56,2021.611579825808,2021.611579825808,2027.04,2.9484201741920515,-2.9484201741920515,-5.896840348384103,0.0,-1.0,SL,0.5430434782546573,2
2024-02-21 20:15:00,2024-02-21 21:00:00,BUY,2023.8,2020.512895552536,2020.512895552536,2027.04,3.2871044474638893,-3.2871044474638893,-6.574208894927779,0.0,-1.0,SL,0.2060867931611102,45
2024-02-22 16:30:00,2024-02-22 16:31:00,BUY,2025.58,2023.2750043516241,2023.2750043516241,2028.42,2.3049956483757796,-2.3049956483757796,-4.609991296751559,0.0,-1.0,SL,0.2866737464477799,1
2024-02-27 12:15:00,2024-02-27 13:21:00,SELL,2035.28,2037.2315600856482,2037.2315600856482,2032.68,1.9515600856482251,-1.9515600856482251,-3.9031201712964503,0.0,-1.0,SL,-0.2548872180356523,66
2024-02-29 06:45:00,2024-02-29 08:17:00,SELL,2035.36,2036.393403115684,2036.393403115684,2033.4599999999998,1.0334031156839956,-1.0334031156839956,-2.066806231367991,0.0,-1.0,SL,-0.22965024350484445,92
2024-02-29 14:45:00,2024-02-29 15:27:00,BUY,2030.49,2033.4599999999998,2027.7702374410349,2033.4599999999998,2.719762558965158,2.9699999999998,5.9399999999996,0.0,1.092007090916736,TP,0.547835151605163,42
2024-05-02 02:45:00,2024-05-02 02:51:00,SELL,2321.78,2324.7133374692094,2324.7133374692094,2304.6349999999998,2.933337469209164,-2.933337469209164,-5.866674938418328,0.0,-1.0,SL,-0.20815098469327883,6
2024-05-02 05:30:00,2024-05-02 11:29:00,SELL,2322.18,2304.6349999999998,2326.6923805996485,2304.6349999999998,4.512380599648623,17.545000000000073,35.090000000000146,0.0,3.8881915238635445,TP,-0.36034896401823485,359
2024-05-07 15:45:00,2024-05-07 23:59:00,BUY,2317.1600000000003,2313.8,2310.9063403496766,2324.875,6.253659650323698,-3.3600000000001273,-6.720000000000255,0.0,-0.5372853957324347,session_end,0.24798154556179106,494
2024-05-08 01:00:00,2024-05-08 04:32:00,BUY,2314.1400000000003,2311.479474757118,2311.479474757118,2324.875,2.6605252428821586,-2.6605252428821586,-5.321050485764317,0.0,-1.0,SL,0.2353039691881743,211
2024-05-13 03:30:00,2024-05-13 04:12:00,BUY,2362.3900000000003,2360.5139194229346,2360.5139194229346,2366.6,1.8760805770657498,-1.8760805770657498,-3.7521611541314996,0.0,-1.0,SL,0.40274282482901075,42
2024-05-14 15:30:00,2024-05-14 15:49:00,SELL,2343.36,2349.5346142604844,2349.5346142604844,2336.695,6.174614260484304,-6.174614260484304,-12.349228520968609,0.0,-1.0,SL,-0.23244629202518724,19
2024-05-14 19:00:00,2024-05-14 19:49:00,SELL,2347.84,2354.0194151398173,2354.0194151398173,2336.695,6.179415139817138,-6.179415139817138,-12.358830279634276,0.0,-1.0,SL,-0.5357607982009976,49
2024-05-21 10:45:00,2024-05-21 12:41:00,BUY,2422.06,2414.160757754734,2414.160757754734,2435.58,7.899242245266123,-7.899242245266123,-15.798484490532246,0.0,-1.0,SL,0.22567462563485097,116
2024-05-21 14:45:00,2024-05-21 23:59:00,BUY,2421.1600000000003,2420.36,2417.1655517107292,2435.58,3.9944482892710766,-0.8000000000001819,-1.6000000000003638,0.0,-0.20027797134061015,session_end,0.3624052551803979,554
2024-05-28 05:15:00,2024-05-28 09:21:00,SELL,2353.68,2344.8849999999998,2356.850286562399,2344.8849999999998,3.1702865623992693,8.795000000000073,17.590000000000146,0.0,2.774197167004369,TP,-0.37149678222841975,246
2024-05-30 05:15:00,2024-05-30 05:39:00,BUY,2336.4100000000003,2331.9710491422093,2331.9710491422093,2343.525,4.438950857791042,-4.438950857791042,-8.877901715582084,0.0,-1.0,SL,0.2807913785919854,24
2024-05-30 07:15:00,2024-05-30 08:27:00,BUY,2336.4,2332.682077147197,2332.682077147197,2343.525,3.7179228528029853,-3.7179228528029853,-7.435845705605971,0.0,-1.0,SL,0.32907884180719743,72
2024-05-30 10:15:00,2024-05-30 13:16:00,BUY,2336.9100000000003,2330.5697882460354,2330.5697882460354,2343.525,6.3402117539649225,-6.3402117539649225,-12.680423507929845,0.0,-1.0,SL,0.5333706674125264,181
2024-05-30 17:30:00,2024-05-30 17:52:00,SELL,2348.42,2343.525,2353.684068623793,2343.525,5.264068623792809,4.894999999999982,9.789999999999964,0.0,0.9298890933669268,TP,-0.30495036960810146,22
2024-05-31 19:45:00,2024-05-31 20:18:00,BUY,2335.56,2330.593780595615,2330.593780595615,2343.045,4.966219404384901,-4.966219404384901,-9.932438808769803,0.0,-1.0,SL,0.35037331477293693,33
2024-06-05 17:15:00,2024-06-05 17:23:00,SELL,2336.18,2346.903507998018,2346.903507998018,2326.6650000000004,10.723507998018249,-10.723507998018249,-21.447015996036498,0.0,-1.0,SL,-0.2461363990126151,8
2024-06-18 04:00:00,2024-06-18 04:20:00,SELL,2324.05,2319.905,2326.339588115913,2319.905,2.2895881159129203,4.144999999999982,8.289999999999964,0.0,1.8103692848472264,TP,-0.3208724558268067,20
2024-06-19 05:15:00,2024-06-19 05:23:00,SELL,2329.64,2331.239600458742,2331.239600458742,2324.285,1.5996004587423158,-1.5996004587423158,-3.1992009174846316,0.0,-1.0,SL,-0.39056042538010927,8
2024-06-19 06:30:00,2024-06-19 10:05:00,SELL,2329.43,2332.2706216496986,2332.2706216496986,2324.285,2.8406216496987327,-2.8406216496987327,-5.681243299397465,0.0,-1.0,SL,-0.38464465280344706,215
2024-06-19 16:45:00,2024-06-19 19:21:00,SELL,2329.55,2331.436926608887,2331.436926608887,2324.285,1.8869266088868244,-1.8869266088868244,-3.773853217773649,0.0,-1.0,SL,-0.21075247524892057,156
2024-06-19 20:00:00,2024-06-19 21:29:00,SELL,2329.3,2328.06,2331.598191048282,2324.285,2.298191048281751,1.2400000000002365,2.480000000000473,0.0,0.5395547950320866,session_end,-0.4877036090681043,89
2024-06-25 01:30:00,2024-06-25 02:08:00,SELL,2333.22,2331.025,2334.565824264884,2331.025,1.3458242648844134,2.194999999999709,4.389999999999418,0.0,1.6309707420739863,TP,-0.20977467469452196,38
2024-06-25 11:15:00,2024-06-25 12:17:00,BUY,2326.9300000000003,2331.025,2321.6333713596446,2331.025,5.296628640355721,4.0949999999998,8.1899999999996,0.0,0.7731333038528411,TP,0.23060102651362016,62
2024-08-06 10:15:00,2024-08-06 15:33:00,BUY,2406.92,2399.0346486898393,2399.0346486898393,2424.7599999999998,7.885351310160786,-7.885351310160786,-15.770702620321572,0.0,-1.0,SL,0.27176068637823586,318
2024-08-14 07:15:00,2024-08-14 09:29:00,BUY,2462.52,2465.735,2458.9946909297455,2465.735,3.5253090702544796,3.2150000000001455,6.430000000000291,0.0,0.9119767759165769,TP,0.5107571947570185,134
2024-08-27 20:15:00,2024-08-27 21:28:00,BUY,2516.46,2524.455,2512.300139186679,2524.455,4.159860813320847,7.994999999999891,15.989999999999782,0.0,1.921939304891652,TP,0.4276008313366525,73
2024-08-30 07:30:00,2024-08-30 09:23:00,BUY,2514.7000000000003,2517.645,2511.896640077404,2517.645,2.803359922596428,2.944999999999709,5.889999999999418,0.0,1.0505251131906372,TP,0.20036496349708488,113
2024-08-30 13:15:00,2024-08-30 13:40:00,SELL,2521.52,2517.645,2526.0421158802146,2517.645,4.522115880214642,3.875,7.75,0.0,0.8568997572472807,TP,-0.25411546986122574,25
2024-12-03 09:00:00,2024-12-03 10:00:00,SELL,2646.74,2643.97,2649.1844076900366,2643.97,2.444407690036769,2.769999999999982,5.539999999999964,0.0,1.1331988568397586,TP,-0.306863585967659,60
2024-12-04 09:30:00,2024-12-04 10:14:00,SELL,2644.78,2639.81,2648.082919685326,2639.81,3.3029196853258327,4.970000000000255,9.94000000000051,0.0,1.5047292921111295,TP,-0.27769697426423723,44
2024-12-04 14:15:00,2024-12-04 14:49:00,SELL,2644.94,2639.81,2647.7237452040436,2639.81,2.7837452040434982,5.130000000000109,10.260000000000218,0.0,1.8428410734389715,TP,-0.3991166392693793,34
2024-12-10 15:15:00,2024-12-10 15:49:00,SELL,2673.63,2679.5141041435504,2679.5141041435504,2668.635,5.884104143550303,-5.884104143550303,-11.768208287100606,0.0,-1.0,SL,-0.47194173889707713,34
2024-12-23 09:30:00,2024-12-23 12:02:00,SELL,2630.46,2625.4900000000002,2633.529877717275,2625.4900000000002,3.069877717275176,4.9699999999998,9.9399999999996,0.0,1.6189569936392034,TP,-0.2989419279356778,152
2024-12-27 01:30:00,2024-12-27 01:47:00,SELL,2632.55,2634.3240434124264,2634.3240434124264,2626.6,1.774043412426181,-1.774043412426181,-3.548086824852362,0.0,-1.0,SL,-0.25168882110087065,17
2024-12-27 02:30:00,2024-12-27 05:34:00,SELL,2632.22,2634.833530010993,2634.833530010993,2626.6,2.613530010993145,-2.613530010993145,-5.22706002198629,0.0,-1.0,SL,-0.2373952819133399,184
2024-12-27 08:00:00,2024-12-27 08:13:00,SELL,2631.24,2633.6933489915777,2633.6933489915777,2626.6,2.4533489915779683,-2.4533489915779683,-4.9066979831559365,0.0,-1.0,SL,-0.44885610557521516,13
2024-12-30 01:00:00,2024-12-30 03:41:00,BUY,2620.51,2626.6,2617.360924022453,2626.6,3.1490759775469996,6.089999999999691,12.179999999999382,0.0,1.9339006246345156,TP,0.33431681352834847,161
2024-12-30 11:15:00,2024-12-30 11:19:00,BUY,2613.1200000000003,2615.57,2609.9249988971274,2615.57,3.195001102872993,2.449999999999818,4.899999999999636,0.0,0.7668228964918795,TP,0.4927945101000267,4
2024-12-31 11:00:00,2024-12-31 17:15:00,SELL,2616.35,2618.74605872505,2618.74605872505,2602.02,2.3960587250498975,-2.3960587250498975,-4.792117450099795,0.0,-1.0,SL,-0.3119486768231124,375
2025-02-06 11:15:00,2025-02-06 14:04:00,BUY,2859.52,2869.355,2853.6749602854443,2869.355,5.845039714555696,9.835000000000036,19.670000000000073,0.0,1.6826232977525,TP,0.2077009039125271,169
2025-02-07 06:00:00,2025-02-07 11:05:00,SELL,2867.02,2869.8943298856593,2869.8943298856593,2855.565,2.8743298856593356,-2.8743298856593356,-5.748659771318671,0.0,-1.0,SL,-0.20914780934042979,305
2025-02-07 14:15:00,2025-02-07 15:30:00,SELL,2865.56,2869.242687473797,2869.242687473797,2855.565,3.6826874737971593,-3.6826874737971593,-7.365374947594319,0.0,-1.0,SL,-0.401601113815849,75
2025-02-11 15:45:00,2025-02-11 17:46:00,BUY,2895.2400000000002,2905.055,2884.886439515065,2905.055,10.353560484935315,9.8149999999996,19.6299999999992,0.0,0.9479830647901913,TP,0.46302633978621743,121
2025-02-12 10:45:00,2025-02-12 11:30:00,BUY,2893.4,2889.1200640136985,2889.1200640136985,2905.565,4.2799359863015525,-4.2799359863015525,-8.559871972603105,0.0,-1.0,SL,0.22263286658454468,45
2025-02-18 04:30:00,2025-02-18 04:38:00,BUY,2897.38,2899.335,2895.000981593885,2899.335,2.3790184061149375,1.9549999999999272,3.9099999999998545,0.0,0.821767496617458,TP,0.32055386585807377,8
2025-02-20 06:15:00,2025-02-20 07:16:00,SELL,2940.32,2943.908810519631,2943.908810519631,2934.455,3.588810519630897,-3.588810519630897,-7.177621039261794,0.0,-1.0,SL,-0.40046751314375983,61
2025-02-21 14:30:00,2025-02-21 15:31:00,BUY,2933.52,2929.063597425824,2929.063597425824,2937.425,4.4564025741760815,-4.4564025741760815,-8.912805148352163,0.0,-1.0,SL,0.3652566539865437,61
2025-02-24 01:45:00,2025-02-24 02:58:00,SELL,2937.56,2930.685,2940.7024439859956,2930.685,3.142443985995669,6.875,13.75,0.0,2.187787604373698,TP,-0.32278678747373885,73
2025-02-24 08:00:00,2025-02-24 08:26:00,SELL,2936.18,2941.6026109678037,2941.6026109678037,2930.685,5.422610967803848,-5.422610967803848,-10.845221935607697,0.0,-1.0,SL,-0.2135369188703042,26
2025-02-24 18:00:00,2025-02-24 18:07:00,SELL,2936.36,2940.928995683946,2940.928995683946,2930.685,4.568995683946014,-4.568995683946014,-9.137991367892027,0.0,-1.0,SL,-0.5305872994322708,7
2025-02-26 09:45:00,2025-02-26 15:55:00,BUY,2914.62,2907.6355265039597,2907.6355265039597,2938.975,6.984473496040209,-6.984473496040209,-13.968946992080419,0.0,-1.0,SL,0.3602278120509882,370
2025-02-26 18:45:00,2025-02-26 23:59:00,BUY,2914.7000000000003,2916.02,2908.3064639450627,2938.975,6.393536054937613,1.319999999999709,2.639999999999418,0.0,0.20645852133426176,session_end,0.3124999999929537,314
2025-03-05 19:00:00,2025-03-05 19:47:00,SELL,2923.6,2916.015,2932.2681819962495,2916.015,8.668181996249587,7.585000000000036,15.170000000000073,0.0,0.8750393108130166,TP,-0.24548945728488183,47
2025-03-06 09:00:00,2025-03-06 09:23:00,SELL,2920.46,2917.1949999999997,2924.229892400033,2917.1949999999997,3.769892400032859,3.2650000000003274,6.530000000000655,0.0,0.8660724640236069,TP,-0.33557194413608243,23
2025-03-07 04:30:00,2025-03-07 09:48:00,BUY,2906.52,2915.905,2900.6550961769467,2915.905,5.864903823053282,9.385000000000218,18.770000000000437,0.0,1.6001967437403544,TP,0.3515521416604889,318
2025-03-07 12:00:00,2025-03-07 15:15:00,SELL,2921.32,2915.905,2924.2101801505783,2915.905,2.8901801505780895,5.414999999999964,10.829999999999927,0.0,1.8735856306109027,TP,-0.2675677843711637,195
2025-03-10 16:15:00,2025-03-10 18:46:00,BUY,2908.2000000000003,2898.169274353892,2898.169274353892,2918.7549999999997,10.030725646108294,-10.030725646108294,-20.06145129221659,0.0,-1.0,SL,0.5164622116633075,151
2025-03-17 01:45:00,2025-03-17 06:26:00,SELL,2991.64,2984.5299999999997,2995.595516032082,2984.5299999999997,3.9555160320819596,7.110000000000127,14.220000000000255,0.0,1.7974898704323607,TP,-0.20088557446123817,281
2025-03-17 14:30:00,2025-03-17 16:24:00,SELL,2992.58,2996.1451987519367,2996.1451987519367,2984.5299999999997,3.565198751936805,-3.565198751936805,-7.13039750387361,0.0,-1.0,SL,-0.3979091942986386,114
2025-03-19 08:30:00,2025-03-19 08:51:00,SELL,3036.4,3042.4094408101905,3042.4094408101905,3024.9100000000003,6.009440810190426,-6.009440810190426,-12.018881620380853,0.0,-1.0,SL,-0.37240139790431015,21
2025-03-19 10:00:00,2025-03-19 10:59:00,SELL,3035.68,3024.9100000000003,3041.095104203313,3024.9100000000003,5.415104203313149,10.769999999999527,21.539999999999054,0.0,1.9888813946387343,TP,-0.3002029678409964,59
2025-03-19 15:15:00,2025-03-19 20:13:00,SELL,3034.32,3039.7328370262885,3039.7328370262885,3024.9100000000003,5.412837026288344,-5.412837026288344,-10.825674052576687,0.0,-1.0,SL,-0.42203458317551923,298
2025-03-24 03:15:00,2025-03-24 04:45:00,BUY,3023.34,3016.6297719277077,3016.6297719277077,3031.22,6.710228072292466,-6.710228072292466,-13.420456144584932,0.0,-1.0,SL,0.4474744094274568,90
2025-03-24 16:00:00,2025-03-24 16:27:00,BUY,3022.6600000000003,3017.098742899566,3017.098742899566,3031.22,5.561257100434432,-5.561257100434432,-11.122514200868864,0.0,-1.0,SL,0.2735873428785036,27
2025-03-26 08:45:00,2025-03-26 09:06:00,SELL,3024.72,3026.8894439384358,3026.8894439384358,3022.17,2.169443938435961,-2.169443938435961,-4.338887876871922,0.0,-1.0,SL,-0.2356477505419816,21
2025-04-01 02:30:00,2025-04-01 02:53:00,SELL,3125.1,3121.895,3127.1787680401467,3121.895,2.0787680401467696,3.2049999999999272,6.4099999999998545,0.0,1.5417785621591724,TP,-0.21547099189919885,23
2025-04-01 20:30:00,2025-04-01 23:59:00,BUY,3114.12,3113.02,3105.4527399558406,3121.895,8.66726004415932,-1.099999999999909,-2.199999999999818,0.0,-0.1269143875221761,session_end,0.5499644334337042,209
2025-04-04 13:30:00,2025-04-04 14:10:00,BUY,3107.1400000000003,3128.495,3090.134890845224,3128.495,17.005109154776164,21.354999999999563,42.70999999999913,0.0,1.2557990546036373,TP,0.20072353349655897,40
2025-04-10 04:15:00,2025-04-10 05:09:00,SELL,3086.06,3105.2438850813164,3105.2438850813164,3043.85,19.183885081316475,-19.183885081316475,-38.36777016263295,0.0,-1.0,SL,-0.2436991342160631,54
2025-04-14 07:30:00,2025-04-14 11:12:00,SELL,3232.34,3217.82,3238.1422513813045,3217.82,5.802251381304359,14.519999999999982,29.039999999999964,0.0,2.5024768914331066,TP,-0.23167205307918992,222
2025-04-14 16:00:00,2025-04-14 16:10:00,BUY,3206.96,3199.4798457854963,3199.4798457854963,3217.82,7.480154214503727,-7.480154214503727,-14.960308429007455,0.0,-1.0,SL,0.3941560580497277,10
2025-04-14 17:30:00,2025-04-14 23:59:00,BUY,3204.62,3210.26,3195.4538124827404,3217.82,9.16618751725946,5.640000000000327,11.280000000000655,0.0,0.6153048897789292,session_end,0.36204479789597416,389
2025-04-24 06:15:00,2025-04-24 23:48:00,SELL,3333.74,3347.5471691913635,3347.5471691913635,3293.635,13.807169191363755,-13.807169191363755,-27.61433838272751,0.0,-1.0,SL,-0.47491851887994524,1053
2025-04-28 20:00:00,2025-04-28 21:24:00,SELL,3336.34,3341.7187455535045,3341.7187455535045,3282.4350000000004,5.378745553504359,-5.378745553504359,-10.757491107008718,0.0,-1.0,SL,-0.23699992108592638,84
2025-04-30 08:00:00,2025-04-30 08:28:00,BUY,3308.1800000000003,3313.675,3302.8408895747307,3313.675,5.3391104252696096,5.494999999999891,10.989999999999782,0.0,1.0291976682093833,TP,0.6671314415386708,28
2025-05-14 14:15:00,2025-05-14 14:42:00,BUY,3237.6,3231.497772198054,3231.497772198054,3254.1,6.102227801945901,-6.102227801945901,-12.204455603891802,0.0,-1.0,SL,0.4501906118896163,27
2025-05-19 09:45:00,2025-05-19 10:37:00,SELL,3222.26,3232.5430542141426,3232.5430542141426,3210.6,10.28305421414234,-10.28305421414234,-20.56610842828468,0.0,-1.0,SL,-0.2643799171953554,52
2025-05-19 17:15:00,2025-05-19 17:30:00,SELL,3222.68,3234.9107599815593,3234.9107599815593,3210.6,12.230759981559459,-12.230759981559459,-24.461519963118917,0.0,-1.0,SL,-0.20888252149281927,15
2025-05-20 02:45:00,2025-05-20 03:34:00,BUY,3222.4,3216.7307777431815,3216.7307777431815,3233.46,5.669222256818557,-5.669222256818557,-11.338444513637114,0.0,-1.0,SL,0.25217391303561876,49
2025-05-20 10:45:00,2025-05-20 11:56:00,BUY,3222.42,3233.46,3211.6452412346976,3233.46,10.774758765302522,11.039999999999964,22.079999999999927,0.0,1.0246169070208409,TP,0.2244124752956198,71
2025-05-23 11:30:00,2025-05-23 12:29:00,SELL,3322.74,3331.7127722543614,3331.7127722543614,3294.465,8.972772254361644,-8.972772254361644,-17.945544508723287,0.0,-1.0,SL,-0.6440000000062999,59
2025-05-23 13:15:00,2025-05-23 13:44:00,SELL,3326.32,3331.564277601283,3331.564277601283,3294.465,5.244277601282647,-5.244277601282647,-10.488555202565294,0.0,-1.0,SL,-0.2591400432430044,29
2025-05-23 14:15:00,2025-05-23 14:23:00,SELL,3326.52,3332.1967429604915,3332.1967429604915,3294.465,5.676742960491538,-5.676742960491538,-11.353485920983076,0.0,-1.0,SL,-0.3127138720695639,8
2025-05-27 05:15:00,2025-05-27 07:48:00,BUY,3339.78,3332.7574977546,3332.7574977546,3347.885,7.022502245400119,-7.022502245400119,-14.045004490800238,0.0,-1.0,SL,0.4475973920528534,153
2025-05-28 13:45:00,2025-05-28 18:03:00,SELL,3315.62,3296.535,3321.6442927291782,3296.535,6.024292729178342,19.085000000000036,38.17000000000007,0.0,3.1680067450180256,TP,-0.23288681333630687,258
2025-06-02 01:30:00,2025-06-02 01:52:00,SELL,3303.68,3311.1853895548306,3311.1853895548306,3293.705,7.505389554830799,-7.505389554830799,-15.010779109661598,0.0,-1.0,SL,-0.6357795236677816,22
2025-06-02 05:00:00,2025-06-02 05:16:00,SELL,3303.3,3309.5850589390175,3309.5850589390175,3293.705,6.28505893901729,-6.28505893901729,-12.57011787803458,0.0,-1.0,SL,-0.21581631148945674,16
2025-06-03 03:15:00,2025-06-03 04:00:00,SELL,3381.96,3372.56,3390.501614271394,3372.56,8.541614271393883,9.400000000000091,18.800000000000182,0.0,1.10049455540049,TP,-0.29122163173318794,45
2025-06-04 14:30:00,2025-06-04 16:07:00,BUY,3346.7000000000003,3361.99,3340.9716794207957,3361.99,5.728320579204592,15.289999999999509,30.579999999999018,0.0,2.669194188521238,TP,0.2774112264177661,97
2025-06-10 02:45:00,2025-06-10 03:35:00,SELL,3325.42,3317.785,3328.404750564235,3317.785,2.984750564235128,7.635000000000218,15.270000000000437,0.0,2.5580026992831018,TP,-0.251685179911383,50
2025-06-11 08:15:00,2025-06-11 10:50:00,SELL,3340.18,3344.8457510529543,3344.8457510529543,3328.595,4.66575105295442,-4.66575105295442,-9.33150210590884,0.0,-1.0,SL,-0.2153805811855489,155
2025-06-17 06:45:00,2025-06-17 11:54:00,BUY,3386.4,3380.2502280094322,3380.2502280094322,3414.65,6.149771990567842,-6.149771990567842,-12.299543981135685,0.0,-1.0,SL,0.21296396494460562,309
2025-06-17 13:00:00,2025-06-17 17:33:00,BUY,3385.88,3377.535628217522,3377.535628217522,3414.65,8.344371782477992,-8.344371782477992,-16.688743564955985,0.0,-1.0,SL,0.25666550644601666,273
2025-06-17 18:00:00,2025-06-17 23:59:00,BUY,3385.1600000000003,3387.38,3369.763983299688,3414.65,15.39601670031243,2.2199999999998,4.4399999999996,0.0,0.14419314055139662,session_end,0.44276185228764536,359
2025-06-18 08:00:00,2025-06-18 08:37:00,SELL,3395.0,3386.07,3402.0071194415173,3386.07,7.007119441517261,8.929999999999836,17.859999999999673,0.0,1.274418122101571,TP,-0.28205708680252567,37
2025-06-24 06:15:00,2025-06-24 07:11:00,BUY,3353.42,3348.527924269702,3348.527924269702,3363.5099999999998,4.892075730298075,-4.892075730298075,-9.78415146059615,0.0,-1.0,SL,0.2794503816821706,56
2025-06-30 20:45:00,2025-06-30 21:18:00,SELL,3293.52,3298.9750447243096,3298.9750447243096,3273.135,5.455044724309573,-5.455044724309573,-10.910089448619146,0.0,-1.0,SL,-0.22458254682781567,33
2025-07-02 06:00:00,2025-07-02 09:48:00,BUY,3336.86,3331.295131825726,3331.295131825726,3345.355,5.564868174274125,-5.564868174274125,-11.12973634854825,0.0,-1.0,SL,0.5017777162047761,228
2025-07-02 23:45:00,2025-07-02 23:59:00,SELL,3355.48,3357.58,3360.137327232383,3345.355,4.657327232383068,-2.099999999999909,-4.199999999999818,0.0,-0.4509023942741893,session_end,-0.4482947791963109,14
2025-07-07 21:45:00,2025-07-07 23:59:00,BUY,3335.03,3336.54,3327.8649660537303,3342.315,7.165033946269887,1.5099999999997635,3.019999999999527,0.0,0.21074568680667155,session_end,0.6931139293606109,134
2025-07-08 02:00:00,2025-07-08 03:24:00,SELL,3339.47,3332.665,3342.4657126480265,3332.665,2.9957126480267107,6.804999999999836,13.609999999999673,0.0,2.271579687218105,TP,-0.593931398421306,84
2025-07-11 03:00:00,2025-07-11 03:12:00,SELL,3323.5,3327.4712184158343,3327.4712184158343,3317.3250000000003,3.9712184158343007,-3.9712184158343007,-7.942436831668601,0.0,-1.0,SL,-0.23806228375783753,12
2025-07-14 12:45:00,2025-07-14 12:57:00,SELL,3365.18,3368.8286626544914,3368.8286626544914,3357.055,3.6486626544915453,-3.6486626544915453,-7.2973253089830905,0.0,-1.0,SL,-0.22808299833146736,12
2025-07-15 08:45:00,2025-07-15 11:23:00,SELL,3363.95,3356.9100000000003,3366.05723056246,3356.9100000000003,2.107230562460245,7.039999999999509,14.079999999999018,0.0,3.340877892251207,TP,-0.32773640261157555,158
2025-07-15 13:30:00,2025-07-15 14:35:00,SELL,3362.72,3356.9100000000003,3367.93285925004,3356.9100000000003,5.21285925004031,5.809999999999491,11.619999999998981,0.0,1.1145514815030855,TP,-0.2555150820614247,65
2025-07-16 22:00:00,2025-07-16 23:59:00,SELL,3350.05,3346.42,3356.4987853953776,3327.815,6.448785395377399,3.630000000000109,7.260000000000218,0.0,0.5628966971985385,session_end,-0.3878606691194967,119
2025-07-17 10:00:00,2025-07-17 10:46:00,BUY,3335.62,3326.9991978552616,3326.9991978552616,3347.385,8.620802144738263,-8.620802144738263,-17.241604289476527,0.0,-1.0,SL,0.46297003765961625,46
2025-07-18 02:15:00,2025-07-18 02:54:00,SELL,3342.12,3339.775,3344.455283445724,3339.775,2.3352834457241443,2.3449999999998,4.6899999999996,0.0,1.004160760139608,TP,-0.300000000013514,39
2025-07-23 21:00:00,2025-07-23 23:59:00,BUY,3393.42,3386.62,3384.2565340680676,3429.5299999999997,9.163465931932478,-6.800000000000182,-13.600000000000364,0.0,-0.7420772937348754,session_end,0.4375456373476111,179
2025-08-05 21:45:00,2025-08-05 23:59:00,SELL,3379.66,3380.38,3382.7696895859362,3376.2,3.109689585936394,-0.7200000000002547,-1.4400000000005093,0.0,-0.231534363833761,session_end,-0.4588005349266224,134
2025-08-06 17:00:00,2025-08-06 23:59:00,BUY,3371.83,3368.42,3363.4627101510146,3380.0699999999997,8.367289848985365,-3.4099999999998545,-6.819999999999709,0.0,-0.40753936597682916,session_end,0.23694036587872344,419
2025-08-07 01:00:00,2025-08-07 03:02:00,BUY,3368.88,3365.751227186423,3365.751227186423,3380.0699999999997,3.128772813577143,-3.128772813577143,-6.257545627154286,0.0,-1.0,SL,0.24458830671805454,122
2025-08-07 06:15:00,2025-08-07 08:09:00,SELL,3377.68,3381.1977509474686,3381.1977509474686,3371.79,3.5177509474688122,-3.5177509474688122,-7.0355018949376245,0.0,-1.0,SL,-0.3356098234089649,114
2025-08-14 16:00:00,2025-08-14 16:24:00,BUY,3350.7400000000002,3346.433207341204,3346.433207341204,3357.57,4.306792658796439,-4.306792658796439,-8.613585317592879,0.0,-1.0,SL,0.2389938572165529,24
2025-08-21 02:00:00,2025-08-21 03:03:00,SELL,3349.32,3345.4150000000004,3351.5878095736325,3345.4150000000004,2.2678095736323485,3.9049999999997453,7.809999999999491,0.0,1.7219258818742487,TP,-0.262907268169552,63
2025-08-26 10:30:00,2025-08-26 10:39:00,SELL,3370.58,3374.722399245801,3374.722399245801,3365.45,4.1423992458012435,-4.1423992458012435,-8.284798491602487,0.0,-1.0,SL,-0.21720493681273245,9
2025-08-26 17:15:00,2025-08-26 17:47:00,SELL,3371.34,3377.7087394825803,3377.7087394825803,3365.45,6.3687394825801675,-6.3687394825801675,-12.737478965160335,0.0,-1.0,SL,-0.32663720369975,32
2025-09-02 10:30:00,2025-09-02 14:51:00,SELL,3483.7,3488.0624179074775,3488.0624179074775,3469.9750000000004,4.36241790747772,-4.36241790747772,-8.72483581495544,0.0,-1.0,SL,-0.26857220534853093,261
2025-09-02 15:30:00,2025-09-02 16:46:00,SELL,3482.22,3493.1247711499145,3493.1247711499145,3469.9750000000004,10.904771149914723,-10.904771149914723,-21.809542299829445,0.0,-1.0,SL,-0.23574782025131205,76
2025-09-05 08:30:00,2025-09-05 08:36:00,SELL,3556.74,3559.9387074487777,3559.9387074487777,3545.5950000000003,3.1987074487778955,-3.1987074487778955,-6.397414897555791,0.0,-1.0,SL,-0.27695627341406853,6
2025-09-05 09:00:00,2025-09-05 11:16:00,SELL,3557.54,3545.5950000000003,3560.290722238997,3545.5950000000003,2.750722238997241,11.944999999999709,23.889999999999418,0.0,4.342495883682601,TP,-0.28704465716455496,136
2025-09-09 06:45:00,2025-09-09 07:23:00,SELL,3645.1,3651.1279725713343,3651.1279725713343,3635.48,6.0279725713344305,-6.0279725713344305,-12.055945142668861,0.0,-1.0,SL,-0.2631067961222412,38
2025-09-15 05:30:00,2025-09-15 09:42:00,BUY,3643.2200000000003,3638.5369959049603,3638.5369959049603,3649.2000000000003,4.683004095039905,-4.683004095039905,-9.36600819007981,0.0,-1.0,SL,0.4478631275125158,252
2025-09-15 11:00:00,2025-09-15 12:36:00,BUY,3643.98,3637.6404429166105,3637.6404429166105,3649.2000000000003,6.339557083389536,-6.339557083389536,-12.679114166779073,0.0,-1.0,SL,0.3322314049527022,96
2025-09-15 13:15:00,2025-09-15 13:55:00,BUY,3644.6400000000003,3639.0325269417663,3639.0325269417663,3649.2000000000003,5.6074730582340635,-5.6074730582340635,-11.214946116468127,0.0,-1.0,SL,0.4382957884424851,40
2025-09-15 14:15:00,2025-09-15 15:21:00,BUY,3643.28,3636.8412458867083,3636.8412458867083,3649.2000000000003,6.438754113291907,-6.438754113291907,-12.877508226583814,0.0,-1.0,SL,0.47519237580101276,66
2025-09-17 20:45:00,2025-09-17 21:00:00,BUY,3684.6,3687.965,3680.2816124266888,3687.965,4.318387573311156,3.3650000000002365,6.730000000000473,0.0,0.7792260288995083,TP,0.30314403494519976,15
2025-09-18 08:30:00,2025-09-18 08:39:00,BUY,3658.04,3652.0065408673813,3652.0065408673813,3669.9950000000003,6.0334591326186455,-6.0334591326186455,-12.066918265237291,0.0,-1.0,SL,0.47954233408835567,9
2025-09-18 10:45:00,2025-09-18 12:22:00,BUY,3658.94,3669.9950000000003,3644.723143511333,3669.9950000000003,14.216856488666963,11.055000000000291,22.110000000000582,0.0,0.7775980582495743,TP,0.46440454423054645,97
2025-09-19 07:30:00,2025-09-19 16:56:00,SELL,3659.1,3662.0323148675575,3662.0323148675575,3641.705,2.9323148675575794,-2.9323148675575794,-5.864629735115159,0.0,-1.0,SL,-0.34985525192919287,566
2025-09-23 05:15:00,2025-09-23 08:46:00,SELL,3743.58,3758.004776509129,3758.004776509129,3720.915,14.42477650912906,-14.42477650912906,-28.84955301825812,0.0,-1.0,SL,-0.31005866666613524,211
2025-09-26 12:15:00,2025-09-26 15:31:00,SELL,3750.72,3756.425019237713,3756.425019237713,3740.235,5.705019237713259,-5.705019237713259,-11.410038475426518,0.0,-1.0,SL,-0.21888834235729743,196
2025-10-01 01:15:00,2025-10-01 03:01:00,SELL,3859.5,3863.8686182207603,3863.8686182207603,3845.8900000000003,4.368618220760254,-4.368618220760254,-8.737236441520508,0.0,-1.0,SL,-0.26963866729277186,106
2025-10-01 04:00:00,2025-10-01 04:42:00,SELL,3860.25,3866.1512839914626,3866.1512839914626,3845.8900000000003,5.901283991462606,-5.901283991462606,-11.802567982925211,0.0,-1.0,SL,-0.41341967784719186,42
2025-10-01 07:45:00,2025-10-01 07:52:00,SELL,3858.66,3863.683363271133,3863.683363271133,3845.8900000000003,5.0233632711333485,-5.0233632711333485,-10.046726542266697,0.0,-1.0,SL,-0.2584960965846561,7
2025-10-01 18:30:00,2025-10-01 23:59:00,SELL,3859.54,3865.8,3873.5712906119425,3845.8900000000003,14.031290611942495,-6.260000000000218,-12.520000000000437,0.0,-0.4461457019977995,session_end,-0.5282463959024544,329
2025-10-02 09:45:00,2025-10-02 09:56:00,SELL,3870.37,3864.565,3875.8759190370033,3864.565,5.505919037003423,5.804999999999836,11.609999999999673,0.0,1.0543198984558966,TP,-0.4509475288057085,11
2025-10-03 08:15:00,2025-10-03 10:42:00,BUY,3850.9,3863.755,3841.2729824338244,3863.755,9.62701756617571,12.855000000000018,25.710000000000036,0.0,1.3353045127045104,TP,0.40720221608477797,147
2025-10-09 06:45:00,2025-10-09 07:23:00,BUY,4028.56,4036.55,4019.0841927969477,4036.55,9.475807203052227,7.9900000000002365,15.980000000000473,0.0,0.8431999331335698,TP,0.26031150849970364,38
2025-10-14 02:30:00,2025-10-14 02:33:00,SELL,4114.9,4119.602505338668,4119.602505338668,4074.955,4.702505338668743,-4.702505338668743,-9.405010677337486,0.0,-1.0,SL,-0.22304170015984226,3
2025-10-14 09:30:00,2025-10-14 10:26:00,SELL,4113.48,4125.595090752643,4125.595090752643,4074.955,12.115090752643482,-12.115090752643482,-24.230181505286964,0.0,-1.0,SL,-0.221776019806123,56
2025-10-22 13:30:00,2025-10-22 13:41:00,BUY,4084.54,4060.413094992798,4060.413094992798,4113.735000000001,24.126905007201913,-24.126905007201913,-48.253810014403825,0.0,-1.0,SL,0.20182446597398576,11
2025-10-22 22:15:00,2025-10-22 23:59:00,BUY,4092.62,4098.06,4067.9903123959693,4113.735000000001,24.62968760403055,5.440000000000509,10.880000000001019,0.0,0.22087166055286364,session_end,0.2775498675163226,104
2025-10-23 11:00:00,2025-10-23 11:05:00,SELL,4094.02,4110.571264224052,4110.571264224052,4074.4350000000004,16.551264224052375,-16.551264224052375,-33.10252844810475,0.0,-1.0,SL,-0.35905773181991496,5
2025-10-29 03:00:00,2025-10-29 04:32:00,SELL,3975.04,3955.6,3987.845052004742,3955.6,12.80505200474181,19.440000000000055,38.88000000000011,0.0,1.5181508042920304,TP,-0.20504157381349128,92
2025-11-05 22:45:00,2025-11-05 23:59:00,SELL,3984.3,3980.1400000000003,3990.744461241754,3930.68,6.444461241753743,4.1599999999998545,8.319999999999709,0.0,0.6455155588565207,session_end,-0.2693438508450088,74
2025-11-07 04:15:00,2025-11-07 08:50:00,SELL,3997.68,4006.035049213636,4006.035049213636,3983.36,8.355049213635994,-8.355049213635994,-16.710098427271987,0.0,-1.0,SL,-0.3015236567761734,275
2025-11-07 14:45:00,2025-11-07 15:22:00,SELL,3996.16,4001.991254770463,4001.991254770463,3983.36,5.831254770463147,-5.831254770463147,-11.662509540926294,0.0,-1.0,SL,-0.2803190646913408,37
2025-11-07 19:30:00,2025-11-07 19:57:00,SELL,3997.6,4005.865980706302,4005.865980706302,3983.36,8.265980706301889,-8.265980706301889,-16.531961412603778,0.0,-1.0,SL,-0.23637526684121926,27
2025-11-12 09:15:00,2025-11-12 17:07:00,BUY,4125.14,4142.965,4111.8887576338275,4142.965,13.251242366172846,17.824999999999818,35.649999999999636,0.0,1.3451568922701653,TP,0.21429823024931546,472
2025-11-13 06:30:00,2025-11-13 10:00:00,SELL,4209.42,4222.057608189052,4222.057608189052,4194.805,12.637608189052116,-12.637608189052116,-25.275216378104233,0.0,-1.0,SL,-0.28989095679451393,210
2025-11-20 03:00:00,2025-11-20 04:01:00,SELL,4102.82,4073.495,4110.051708254778,4073.495,7.231708254777914,29.324999999999818,58.649999999999636,0.0,4.055058496120208,TP,-0.3007408185798497,61
2025-11-20 04:45:00,2025-11-20 05:00:00,BUY,4061.86,4073.495,4047.6885765616994,4073.495,14.171423438300735,11.634999999999764,23.269999999999527,0.0,0.8210184425478497,TP,0.25843577316441135,15
2025-11-21 23:30:00,2025-11-21 23:59:00,BUY,4062.34,4064.28,4051.878821588114,4076.525,10.461178411886067,1.9400000000000546,3.880000000000109,0.0,0.18544755892852496,session_end,0.26498177690420044,29
2025-11-27 15:45:00,2025-11-27 21:28:00,BUY,4156.14,4157.45,4149.427326658319,4162.55,6.712673341681693,1.3099999999994907,2.6199999999989814,0.0,0.19515324719663818,session_end,0.36539671129678863,343
2026-01-05 06:15:00,2026-01-05 07:16:00,SELL,4399.74,4409.442028628475,4409.442028628475,4387.72,9.702028628475091,-9.702028628475091,-19.404057256950182,0.0,-1.0,SL,-0.41632985556424773,61
2026-01-13 09:15:00,2026-01-13 15:41:00,BUY,4585.09,4616.089999999999,4575.050064672153,4616.089999999999,10.03993532784716,30.99999999999909,61.99999999999818,0.0,3.087669291456118,TP,0.3020144317541064,386
2026-01-16 12:15:00,2026-01-16 13:41:00,BUY,4607.280000000001,4615.54,4596.959711492751,4615.54,10.320288507249643,8.259999999999309,16.519999999998618,0.0,0.8003652217858974,TP,0.389366001513055,86
2026-01-21 01:15:00,2026-01-21 01:44:00,SELL,4758.02,4769.370892572298,4769.370892572298,4731.385,11.350892572297198,-11.350892572297198,-22.701785144594396,0.0,-1.0,SL,-0.2907612943754567,29
2026-01-22 08:00:00,2026-01-22 17:34:00,BUY,4821.66,4864.54,4795.0755084119255,4864.54,26.584491588074343,42.88000000000011,85.76000000000022,0.0,1.6129704740803033,TP,0.4185660561249259,574
2026-01-30 01:15:00,2026-01-30 03:11:00,BUY,5421.77,5353.68262582801,5353.68262582801,5521.995000000001,68.08737417199063,-68.08737417199063,-136.17474834398126,0.0,-1.0,SL,0.289300194295027,116
2026-02-04 17:15:00,2026-02-04 17:34:00,SELL,4989.8,4916.345,5020.673776457534,4916.345,30.873776457533495,73.45499999999993,146.90999999999985,0.0,2.3792035969761067,TP,-0.2344274413114806,19
2026-02-05 04:30:00,2026-02-05 04:45:00,BUY,4936.97,4877.93129812832,4877.93129812832,5050.91,59.03870187168013,-59.03870187168013,-118.07740374336026,0.0,-1.0,SL,0.29881605615678913,15
2026-02-05 10:15:00,2026-02-05 11:01:00,BUY,4940.93,4896.605963527761,4896.605963527761,5050.91,44.32403647223964,-44.32403647223964,-88.64807294447928,0.0,-1.0,SL,0.26750083220473553,46
2026-02-11 07:00:00,2026-02-11 07:35:00,SELL,5046.0,5060.923479271776,5060.923479271776,5023.5,14.92347927177616,-14.92347927177616,-29.84695854355232,0.0,-1.0,SL,-0.40688437775116415,35
2026-02-18 11:00:00,2026-02-18 14:17:00,SELL,4917.39,4926.426181201425,4926.426181201425,4878.5650000000005,9.03618120142437,-9.03618120142437,-18.07236240284874,0.0,-1.0,SL,-0.3686539357116916,197
2026-03-05 02:45:00,2026-03-05 03:10:00,SELL,5171.24,5182.767769239497,5182.767769239497,5148.49,11.527769239497502,-11.527769239497502,-23.055538478995004,0.0,-1.0,SL,-0.3524864187131803,25
2026-03-05 04:45:00,2026-03-05 05:00:00,SELL,5175.23,5192.915392728685,5192.915392728685,5148.49,17.685392728685656,-17.685392728685656,-35.37078545737131,0.0,-1.0,SL,-0.20760146084075617,15
2026-03-05 06:45:00,2026-03-05 07:59:00,SELL,5174.23,5148.49,5185.6456818607885,5148.49,11.415681860788936,25.73999999999978,51.47999999999956,0.0,2.2547930394252327,TP,-0.24441162651040715,74
2026-03-06 14:15:00,2026-03-06 15:07:00,BUY,5090.13,5069.269485261471,5069.269485261471,5164.26,20.860514738528764,-20.860514738528764,-41.72102947705753,0.0,-1.0,SL,0.2932861342734139,52
2026-03-06 15:30:00,2026-03-06 17:24:00,BUY,5082.650000000001,5164.26,5065.25229051918,5164.26,17.397709480820595,81.60999999999967,163.21999999999935,0.0,4.690847383672393,TP,0.2818705588636036,114
2026-03-11 04:00:00,2026-03-11 10:38:00,SELL,5208.24,5178.68,5223.050584488434,5178.68,14.81058448843396,29.55999999999949,59.11999999999898,0.0,1.995869914727795,TP,-0.2804366743169048,398
2026-03-20 07:45:00,2026-03-20 10:20:00,SELL,4709.04,4727.466014106506,4727.466014106506,4606.214999999999,18.426014106506045,-18.426014106506045,-36.85202821301209,0.0,-1.0,SL,-0.3511398933415123,155
2026-03-20 10:45:00,2026-03-20 16:08:00,SELL,4707.16,4606.214999999999,4730.843871085765,4606.214999999999,23.68387108576553,100.94500000000062,201.89000000000124,0.0,4.262183307553575,TP,-0.2735829058341077,323
2026-03-24 08:15:00,2026-03-24 09:00:00,BUY,4366.63,4408.6900000000005,4328.948377796093,4408.6900000000005,37.681622203906954,42.0600000000004,84.1200000000008,0.0,1.1161939836984907,TP,0.3655866205452651,45
2026-03-30 01:15:00,2026-03-30 03:08:00,SELL,4496.31,4430.009999999999,4524.0234453751145,4430.009999999999,27.713445375114134,66.30000000000109,132.60000000000218,0.0,2.3923405806315428,TP,-0.203455504033133,113
2026-03-30 07:15:00,2026-03-30 08:13:00,SELL,4487.4,4508.004538231017,4508.004538231017,4430.009999999999,20.604538231017614,-20.604538231017614,-41.20907646203523,0.0,-1.0,SL,-0.5261059190048373,58
2026-04-06 13:00:00,2026-04-06 15:22:00,SELL,4693.38,4663.375,4711.073798577879,4663.375,17.693798577878624,30.00500000000011,60.01000000000022,0.0,1.695791882558975,TP,-0.2236551954500266,142
2026-04-07 07:00:00,2026-04-07 08:26:00,BUY,4649.74,4640.859288935843,4640.859288935843,4666.885,8.880711064156458,-8.880711064156458,-17.761422128312915,0.0,-1.0,SL,0.20150497178156224,86
2026-04-10 01:30:00,2026-04-10 04:36:00,SELL,4764.38,4775.793475124424,4775.793475124424,4713.355,11.413475124423712,-11.413475124423712,-22.826950248847425,0.0,-1.0,SL,-0.20446046101610316,186
2026-04-10 20:30:00,2026-04-10 23:59:00,SELL,4762.68,4747.45,4774.170059052548,4713.355,11.490059052547622,15.230000000000473,30.460000000000946,0.0,1.3254936228220355,session_end,-0.21979900900151478,209
2026-04-23 03:00:00,2026-04-23 03:01:00,BUY,4728.01,4721.190299856856,4721.190299856856,4736.445000000001,6.819700143144473,-6.819700143144473,-13.639400286288947,0.0,-1.0,SL,0.244283236062059,1
2026-04-27 04:00:00,2026-04-27 05:53:00,BUY,4698.070000000001,4722.575,4676.477581638696,4722.575,21.592418361304226,24.5049999999992,49.0099999999984,0.0,1.1348890888440089,TP,0.643630712445947,113
2026-04-28 06:00:00,2026-04-28 08:03:00,BUY,4669.24,4663.092098541848,4663.092098541848,4679.045,6.147901458151864,-6.147901458151864,-12.295802916303728,0.0,-1.0,SL,0.23178726035950425,123
2026-04-29 13:15:00,2026-04-29 15:51:00,BUY,4568.320000000001,4550.244397475558,4550.244397475558,4596.31,18.07560252444273,-18.07560252444273,-36.15120504888546,0.0,-1.0,SL,0.46450535576127894,156
2026-04-29 19:15:00,2026-04-29 21:00:00,BUY,4559.45,4540.5807153487385,4540.5807153487385,4596.31,18.869284651261296,-18.869284651261296,-37.73856930252259,0.0,-1.0,SL,0.30018079044356943,105
2026-04-30 05:00:00,2026-04-30 07:30:00,SELL,4578.76,4544.150000000001,4586.5885834132605,4544.150000000001,7.828583413260276,34.60999999999967,69.21999999999935,0.0,4.420978633423804,TP,-0.22437203885897544,150
2026-05-01 10:15:00,2026-05-01 10:22:00,BUY,4596.17,4586.444642018989,4586.444642018989,4616.59,9.725357981011257,-9.725357981011257,-19.450715962022514,0.0,-1.0,SL,0.32385073012997173,7
2026-05-04 04:45:00,2026-05-04 09:06:00,BUY,4601.91,4587.603603751029,4587.603603751029,4638.93,14.306396248970486,-14.306396248970486,-28.612792497940973,0.0,-1.0,SL,0.30011834319313857,261
2026-05-05 17:15:00,2026-05-05 23:59:00,SELL,4573.28,4555.39,4588.774379035404,4522.51,15.494379035404563,17.889999999999418,35.779999999998836,0.0,1.1546122602990978,session_end,-0.241872969831261,404
2026-05-07 19:15:00,2026-05-07 20:26:00,SELL,4715.1,4698.495,4735.706206913777,4698.495,20.606206913776987,16.605000000000473,33.210000000000946,0.0,0.8058251608110676,TP,-0.3151214128055566,71
2026-05-27 02:00:00,2026-05-27 08:33:00,BUY,4511.05,4494.713252400714,4494.713252400714,4532.085,16.336747599286355,-16.336747599286355,-32.67349519857271,0.0,-1.0,SL,0.5701441192559826,393
2026-05-28 15:45:00,2026-05-28 17:12:00,BUY,4402.85,4450.594999999999,4378.844986339118,4450.594999999999,24.00501366088247,47.74499999999898,95.48999999999796,0.0,1.988959501314601,TP,0.44963820184780645,87
2026-06-02 05:30:00,2026-06-02 05:48:00,BUY,4482.27,4473.886592017295,4473.886592017295,4506.695000000001,8.383407982705648,-8.383407982705648,-16.766815965411297,0.0,-1.0,SL,0.3361966117871733,18
2026-06-02 06:00:00,2026-06-02 07:16:00,BUY,4486.16,4506.695000000001,4468.714204341442,4506.695000000001,17.445795658557472,20.535000000000764,41.07000000000153,0.0,1.177074431106728,TP,0.29671836174617344,76
2026-06-04 04:45:00,2026-06-04 05:52:00,SELL,4458.94,4474.88423098263,4474.88423098263,4439.025,15.94423098262996,-15.94423098262996,-31.88846196525992,0.0,-1.0,SL,-0.2981541349469767,67
2026-06-04 06:45:00,2026-06-04 07:24:00,SELL,4460.54,4475.245959086114,4475.245959086114,4439.025,14.70595908611449,-14.70595908611449,-29.41191817222898,0.0,-1.0,SL,-0.5419056429245667,39
2026-06-04 10:15:00,2026-06-04 12:52:00,SELL,4464.02,4474.835440664244,4474.835440664244,4439.025,10.815440664243397,-10.815440664243397,-21.630881328486794,0.0,-1.0,SL,-0.39598953106423623,157
2026-06-04 18:00:00,2026-06-04 19:08:00,SELL,4465.8,4481.284327477351,4481.284327477351,4439.025,15.484327477351144,-15.484327477351144,-30.968654954702288,0.0,-1.0,SL,-0.21740112812116436,68
2026-06-16 13:15:00,2026-06-16 15:44:00,SELL,4345.96,4349.899813985477,4349.899813985477,4322.1449999999995,3.939813985476576,-3.939813985476576,-7.879627970953152,0.0,-1.0,SL,-0.21046892038823414,149
2026-06-17 12:00:00,2026-06-17 16:37:00,BUY,4324.95,4339.515,4313.8604814155915,4339.515,11.089518584408324,14.56500000000051,29.13000000000102,0.0,1.3134023708187526,TP,0.21203622085008533,277
2026-06-29 21:15:00,2026-06-29 21:49:00,BUY,4024.17,4015.8628284913298,4015.8628284913298,4068.44,8.307171508670308,-8.307171508670308,-16.614343017340616,0.0,-1.0,SL,0.26150355086769733,34
2026-07-01 22:30:00,2026-07-01 23:04:00,SELL,4058.56,4029.3300000000004,4070.474290375284,4029.3300000000004,11.914290375284054,29.229999999999563,58.45999999999913,0.0,2.453356354368917,TP,-0.3626875810455243,34
2026-07-02 04:30:00,2026-07-02 06:52:00,SELL,4052.98,4070.3098064911756,4070.3098064911756,3976.1,17.329806491175532,-17.329806491175532,-34.659612982351064,0.0,-1.0,SL,-0.3070812911995798,142
2026-07-02 10:30:00,2026-07-02 10:41:00,SELL,4062.1,4072.6389262749303,4072.6389262749303,3976.1,10.538926274930418,-10.538926274930418,-21.077852549860836,0.0,-1.0,SL,-0.46494899293857367,11
2026-07-07 02:00:00,2026-07-07 03:12:00,SELL,4163.48,4154.52,4169.8656481894695,4154.52,6.3856481894699755,8.959999999999127,17.919999999998254,0.0,1.4031465145189637,TP,-0.48255114322800585,72
2026-07-07 04:45:00,2026-07-07 06:43:00,BUY,4142.280000000001,4128.235265889467,4128.235265889467,4154.52,14.044734110533682,-14.044734110533682,-28.089468221067364,0.0,-1.0,SL,0.330422090917731,118
2026-07-07 11:15:00,2026-07-07 12:29:00,BUY,4137.39,4120.471919575498,4120.471919575498,4154.52,16.918080424502477,-16.918080424502477,-33.836160849004955,0.0,-1.0,SL,0.31605654222718044,74
2026-07-15 16:30:00,2026-07-15 21:07:00,SELL,4055.46,4070.727049287727,4070.727049287727,4015.88,15.267049287726877,-15.267049287726877,-30.534098575453754,0.0,-1.0,SL,-0.3350771979123178,277
2026-07-15 22:30:00,2026-07-15 23:59:00,SELL,4056.04,4060.3300000000004,4065.895592362739,4015.88,9.855592362739117,-4.290000000000418,-8.580000000000837,0.0,-0.4352858602613836,session_end,-0.4359368988128168,89
2026-07-20 10:15:00,2026-07-20 10:30:00,SELL,4004.1,4009.8652774384464,4009.8652774384464,3995.68,5.7652774384464465,-5.7652774384464465,-11.530554876892893,0.0,-1.0,SL,-0.25593389203582617,15
2026-07-31 02:15:00,2026-07-31 05:43:00,SELL,4107.04,4076.335,4114.741399455032,4076.335,7.701399455031606,30.704999999999927,61.409999999999854,0.0,3.9869377220706594,TP,-0.2745815899861888,208
2026-08-04 03:45:00,2026-08-04 05:38:00,SELL,4056.12,4063.2048397799845,4063.2048397799845,4036.3450000000003,7.084839779984577,-7.084839779984577,-14.169679559969154,0.0,-1.0,SL,-0.24836705430862088,113
2026-08-04 06:45:00,2026-08-04 07:29:00,SELL,4052.74,4061.6982913104584,4061.6982913104584,4036.3450000000003,8.958291310458662,-8.958291310458662,-17.916582620917325,0.0,-1.0,SL,-0.59263434801149,44
2026-08-04 08:15:00,2026-08-04 08:30:00,SELL,4057.66,4067.353062157076,4067.353062157076,4036.3450000000003,9.693062157075929,-9.693062157075929,-19.386124314151857,0.0,-1.0,SL,-0.3641328413256287,15
2026-08-04 12:00:00,2026-08-04 14:31:00,SELL,4054.8,4062.3381218148743,4062.3381218148743,4036.3450000000003,7.538121814874103,-7.538121814874103,-15.076243629748205,0.0,-1.0,SL,-0.2368658602560717,151
2026-08-05 02:00:00,2026-08-05 04:16:00,SELL,4075.52,4087.491688942781,4087.491688942781,4062.635,11.97168894278093,-11.97168894278093,-23.94337788556186,0.0,-1.0,SL,-0.31344984803488923,136
2026-08-12 08:30:00,2026-08-12 09:55:00,SELL,4391.69,4403.9620046473265,4403.9620046473265,4371.5,12.272004647326867,-12.272004647326867,-24.544009294653733,0.0,-1.0,SL,-0.3461150353303458,85
2026-08-12 21:00:00,2026-08-12 21:24:00,SELL,4398.96,4411.037643762876,4411.037643762876,4371.5,12.077643762875596,-12.077643762875596,-24.15528752575119,0.0,-1.0,SL,-0.4007561966062831,24
2026-08-17 09:00:00,2026-08-17 09:49:00,SELL,4394.66,4400.9945896634845,4400.9945896634845,4386.28,6.334589663484621,-6.334589663484621,-12.669179326969243,0.0,-1.0,SL,-0.22693786034555885,49
2026-08-17 11:45:00,2026-08-17 13:29:00,SELL,4396.1,4405.456046857576,4405.456046857576,4386.28,9.356046857576075,-9.356046857576075,-18.71209371515215,0.0,-1.0,SL,-0.3637590480043449,104
2026-08-17 15:00:00,2026-08-17 15:26:00,SELL,4396.46,4386.28,4403.729347996021,4386.28,7.26934799602077,10.180000000000291,20.360000000000582,0.0,1.400400696950099,TP,-0.43541406174582836,26
2026-08-24 11:30:00,2026-08-24 11:43:00,SELL,4629.23,4645.321590085001,4645.321590085001,4583.29,16.09159008500137,-16.09159008500137,-32.18318017000274,0.0,-1.0,SL,-0.24452596584712138,13
2026-08-25 23:45:00,2026-08-25 23:59:00,SELL,4661.34,4657.13,4667.912304829686,4636.55,6.572304829685891,4.210000000000036,8.420000000000073,0.0,0.64056675840479,session_end,-0.39300184160101626,14
2026-08-27 05:30:00,2026-08-27 10:26:00,SELL,4632.72,4594.509999999999,4645.158835829579,4594.509999999999,12.438835829579148,38.210000000000946,76.42000000000189,0.0,3.071830878991007,TP,-0.4809892145091336,296
2026-08-28 05:30:00,2026-08-28 08:40:00,BUY,4583.74,4574.378255211254,4574.378255211254,4609.54,9.361744788745455,-9.361744788745455,-18.72348957749091,0.0,-1.0,SL,0.25015069316049876,190
2026-09-02 10:15:00,2026-09-02 11:54:00,BUY,4326.99,4314.18610418357,4314.18610418357,4370.26,12.803895816429758,-12.803895816429758,-25.607791632859517,0.0,-1.0,SL,0.27933068962559343,99
2026-09-02 14:45:00,2026-09-02 16:42:00,BUY,4324.99,4370.26,4317.173307318192,4370.26,7.816692681807581,45.27000000000044,90.54000000000087,0.0,5.7914519404557065,TP,0.40283979729345926,117
2026-09-04 01:30:00,2026-09-04 03:05:00,SELL,4474.7,4481.778000351902,4481.778000351902,4427.16,7.078000351902119,-7.078000351902119,-14.156000703804239,0.0,-1.0,SL,-0.3129879347038767,95
2026-09-04 06:15:00,2026-09-04 10:42:00,SELL,4473.1,4482.530110170429,4482.530110170429,4427.16,9.430110170428634,-9.430110170428634,-18.860220340857268,0.0,-1.0,SL,-0.20789446772635575,267
2026-09-04 11:45:00,2026-09-04 15:30:00,SELL,4477.27,4427.16,4486.0194106126255,4427.16,8.74941061262507,50.11000000000058,100.22000000000116,0.0,5.727242921676774,TP,-0.34172661870503596,225
2026-09-04 16:00:00,2026-09-04 16:00:00,BUY,4393.87,4372.749147078433,4372.749147078433,4427.16,21.12085292156644,-21.12085292156644,-42.24170584313288,0.0,-1.0,SL,0.2113383036763915,0
2026-09-04 16:15:00,2026-09-04 16:46:00,BUY,4394.2300000000005,4427.16,4357.669208001403,4427.16,36.56079199859778,32.92999999999938,65.85999999999876,0.0,0.9006916480710361,TP,0.25607189117948764,31
2026-09-08 14:30:00,2026-09-08 15:14:00,BUY,4402.35,4390.746726048396,4390.746726048396,4413.28,11.603273951604024,-11.603273951604024,-23.206547903208048,0.0,-1.0,SL,0.20498015158843855,44
2026-09-10 06:15:00,2026-09-10 08:32:00,SELL,4412.37,4424.704094085349,4424.704094085349,4399.7,12.334094085349534,-12.334094085349534,-24.668188170699068,0.0,-1.0,SL,-0.31195287439057173,137
2026-09-10 10:15:00,2026-09-10 11:38:00,SELL,4413.1,4399.7,4429.429807050964,4399.7,16.32980705096361,13.400000000000546,26.80000000000109,0.0,0.8205853234015905,TP,-0.24493758669570923,83
2026-09-15 03:45:00,2026-09-15 10:51:00,BUY,4292.99,4279.728030769126,4279.728030769126,4330.625,13.261969230873547,-13.261969230873547,-26.523938461747093,0.0,-1.0,SL,0.2748631281915883,426
2026-09-15 16:00:00,2026-09-15 17:38:00,BUY,4290.66,4276.898628497491,4276.898628497491,4330.625,13.761371502509064,-13.761371502509064,-27.52274300501813,0.0,-1.0,SL,0.32156868573128444,98
2026-09-15 19:30:00,2026-09-15 23:59:00,BUY,4296.030000000001,4289.38,4281.005211802839,4330.625,15.024788197161797,-6.650000000000546,-13.300000000001091,0.0,-0.4426019131009607,session_end,0.30840636831274315,269
2026-09-18 23:00:00,2026-09-18 23:59:00,SELL,4376.4,4377.110000000001,4386.838408693101,4366.555,10.438408693101337,-0.7100000000009459,-1.4200000000018917,0.0,-0.06801803041781448,session_end,-0.47521865889509685,59
2026-09-22 06:45:00,2026-09-22 07:02:00,BUY,4343.25,4336.661884519075,4336.661884519075,4350.28,6.588115480924898,-6.588115480924898,-13.176230961849797,0.0,-1.0,SL,0.296373296344378,17
2026-09-22 08:00:00,2026-09-22 08:21:00,BUY,4342.99,4334.922638881383,4334.922638881383,4350.28,8.067361118616645,-8.067361118616645,-16.13472223723329,0.0,-1.0,SL,0.25544927084567337,21
