t,ask_minus_bid_median
0,3.0000000000085514e-05
1,3.0000000000085514e-05
2,3.0000000000085514e-05
3,3.0000000000085514e-05
4,2.999999999997449e-05
5,2.999999999997449e-05
6,2.999999999997449e-05
7,2.999999999997449e-05
8,2.999999999997449e-05
9,2.999999999997449e-05
10,2.999999999997449e-05
11,2.999999999997449e-05
12,2.999999999997449e-05
13,2.999999999997449e-05
14,2.999999999997449e-05
15,2.999999999997449e-05
16,2.999999999997449e-05
17,2.999999999997449e-05
18,2.999999999997449e-05
19,2.999999999997449e-05
20,3.0000000000085514e-05
21,0.00021000000000004349
22,7.999999999996898e-05
23,4.0000000000040004e-05
