run,group,desc,tf,profile,hedge,trail_mode,deposit,trades,win,pf,exp,net_sum_periods,avg_win,avg_loss,max_loss,consec_losses,spread_cost,DEV_n,DEV_net,DEV_pf,DEV_exp,DEV_dd_pct,DEV_final,DEV_ruin,DEV_stopped,VAL_n,VAL_net,VAL_pf,VAL_exp,VAL_dd_pct,VAL_final,VAL_ruin,VAL_stopped,OOS_n,OOS_net,OOS_pf,OOS_exp,OOS_dd_pct,OOS_final,OOS_ruin,OOS_stopped,cont_net,cont_final,cont_pf,cont_dd_pct,cont_ruin,cont_stopped,cont_sharpe,cont_trades
default_M1_hedge_calib,core,"default profile, M1, hedge chain on, tick-calibrated trailing",1,default_M1_hedge_calib,True,calib,1000.0,3170,0.5,0.61,-0.93,-2940.0,2.96,-4.89,-138.5,57,1941.0,1160,-980.0,0.66,-0.84,98.0,20.0,True,True,780,-980.0,0.48,-1.26,98.0,20.0,True,True,1230,-980.0,0.66,-0.8,98.2,20.0,True,True,-980.0,20.0,0.66,98.0,True,True,-5.35,1160.0
default_M1_hedge_path,bounds,optimistic bar bound (extreme reached first),1,default_M1_hedge_path,True,path,1000.0,12133,0.612,0.94,-0.16,-1980.0,4.16,-7.15,-206.9,67,7697.0,3792,-980.0,0.91,-0.26,98.1,20.0,True,True,3120,-20.0,1.0,-0.01,62.7,980.0,False,False,5221,-980.0,0.9,-0.19,98.3,20.0,True,True,-980.0,20.0,0.91,98.1,True,True,-1.5,3792.0
default_M1_hedge_worst,bounds,pessimistic bar bound (reversal right after activation),1,default_M1_hedge_worst,True,worst,1000.0,4187,0.524,0.68,-0.7,-2941.0,2.82,-4.63,-138.5,64,2476.0,1488,-980.0,0.71,-0.66,98.1,20.0,True,True,1066,-980.0,0.56,-0.92,98.0,20.0,True,True,1633,-980.0,0.72,-0.6,98.2,20.0,True,True,-980.0,20.0,0.71,98.1,True,True,-5.09,1488.0
default_M1_nohedge_calib,core,"default profile, M1, hedge chain off, tick-calibrated trailing",1,default_M1_nohedge_calib,False,calib,1000.0,6098,0.581,0.57,-0.48,-2941.0,1.12,-2.76,-10.0,99,2755.0,2074,-980.0,0.56,-0.47,98.0,20.0,True,True,2045,-980.0,0.58,-0.48,98.0,20.0,True,True,1979,-980.0,0.58,-0.5,98.0,20.0,True,True,-980.0,20.0,0.56,98.0,True,True,-7.44,2074.0
default_M1_nohedge_path,bounds,optimistic bar bound (extreme reached first),1,default_M1_nohedge_path,False,path,1000.0,87792,0.76,1.42,0.55,48628.0,2.48,-5.69,-118.6,8,38879.0,6182,628.0,1.1,0.1,6.7,1628.0,False,False,4600,599.0,1.12,0.13,8.1,1599.0,False,False,77010,47401.0,1.45,0.62,6.4,48401.0,False,False,48657.0,49657.0,1.41,6.7,False,False,3.22,88669.0
default_M1_nohedge_worst,bounds,pessimistic bar bound (reversal right after activation),1,default_M1_nohedge_worst,False,worst,1000.0,7018,0.589,0.63,-0.42,-2941.0,1.2,-2.81,-10.0,54,3179.0,2479,-980.0,0.63,-0.4,98.0,20.0,True,True,2415,-980.0,0.65,-0.41,98.0,20.0,True,True,2124,-981.0,0.61,-0.46,98.1,19.0,True,True,-980.0,20.0,0.63,98.0,True,True,-6.39,2479.0
default_M5_hedge_calib,core,"default profile, M5, hedge chain on, tick-calibrated trailing",5,default_M5_hedge_calib,True,calib,1000.0,4774,0.572,0.73,-0.62,-2941.0,2.86,-5.43,-393.2,64,2799.0,1817,-980.0,0.73,-0.54,98.2,20.0,True,True,1728,-980.0,0.79,-0.57,98.3,20.0,True,True,1229,-980.0,0.58,-0.8,98.0,20.0,True,True,-980.0,20.0,0.73,98.2,True,True,-4.74,1817.0
default_M5_hedge_path,bounds,optimistic bar bound (extreme reached first),5,default_M5_hedge_path,True,path,1000.0,16563,0.67,0.93,-0.17,-2869.0,3.3,-7.52,-257.9,53,10015.0,4698,-980.0,0.91,-0.21,98.3,20.0,True,True,5021,-909.0,0.93,-0.18,93.1,91.0,False,False,6844,-980.0,0.93,-0.14,98.0,20.0,True,True,-980.0,20.0,0.91,98.3,True,True,-1.89,4698.0
default_M5_hedge_worst,bounds,pessimistic bar bound (reversal right after activation),5,default_M5_hedge_worst,True,worst,1000.0,4999,0.585,0.75,-0.59,-2941.0,2.95,-5.75,-257.9,59,2974.0,1892,-980.0,0.74,-0.52,98.2,20.0,True,True,1765,-980.0,0.81,-0.56,98.4,20.0,True,True,1342,-981.0,0.61,-0.73,98.1,19.0,True,True,-980.0,20.0,0.74,98.2,True,True,-4.31,1892.0
default_M5_nohedge_calib,core,"default profile, M5, hedge chain off, tick-calibrated trailing",5,default_M5_nohedge_calib,False,calib,1000.0,6780,0.603,0.6,-0.43,-2940.0,1.06,-2.8,-9.9,69,3004.0,2313,-980.0,0.59,-0.42,98.0,20.0,True,True,2230,-980.0,0.6,-0.44,98.0,20.0,True,True,2237,-980.0,0.6,-0.44,98.0,20.0,True,True,-980.0,20.0,0.59,98.0,True,True,-10.39,2313.0
default_M5_nohedge_path,bounds,optimistic bar bound (extreme reached first),5,default_M5_nohedge_path,False,path,1000.0,52869,0.802,1.27,0.34,18017.0,2.02,-6.8,-77.5,7,23605.0,8257,-430.0,0.95,-0.05,46.2,570.0,False,False,5311,-110.0,0.98,-0.02,28.7,890.0,False,False,39301,18557.0,1.36,0.47,20.4,19557.0,False,False,18009.0,19009.0,1.28,49.3,False,False,3.61,50502.0
default_M5_nohedge_worst,bounds,pessimistic bar bound (reversal right after activation),5,default_M5_nohedge_worst,False,worst,1000.0,7440,0.607,0.63,-0.4,-2941.0,1.13,-2.86,-10.1,67,3295.0,2496,-980.0,0.62,-0.39,98.1,20.0,True,True,2482,-980.0,0.64,-0.39,98.0,20.0,True,True,2462,-980.0,0.64,-0.4,98.0,20.0,True,True,-980.0,20.0,0.62,98.1,True,True,-9.88,2496.0
default_M3_hedge_calib,core,"default profile, M3, hedge chain on, tick-calibrated trailing",3,default_M3_hedge_calib,True,calib,1000.0,4146,0.559,0.68,-0.71,-2942.0,2.64,-5.06,-117.4,60,2467.0,1262,-980.0,0.67,-0.78,98.0,20.0,True,True,1258,-980.0,0.64,-0.78,98.1,20.0,True,True,1626,-981.0,0.71,-0.6,98.3,19.0,True,True,-980.0,20.0,0.67,98.0,True,True,-5.69,1262.0
default_M3_hedge_path,bounds,optimistic bar bound (extreme reached first),3,default_M3_hedge_path,True,path,1000.0,14921,0.645,0.92,-0.19,-2906.0,3.32,-6.82,-159.2,71,8894.0,2673,-980.0,0.86,-0.37,98.1,20.0,True,True,4829,-946.0,0.93,-0.2,95.3,54.0,False,False,7419,-980.0,0.94,-0.13,98.2,20.0,True,True,,,,,,,,
default_M3_hedge_worst,bounds,pessimistic bar bound (reversal right after activation),3,default_M3_hedge_worst,True,worst,1000.0,5055,0.567,0.72,-0.58,-2940.0,2.7,-4.98,-117.4,64,2980.0,1414,-980.0,0.69,-0.69,98.0,20.0,True,True,1462,-980.0,0.66,-0.67,98.0,20.0,True,True,2179,-980.0,0.78,-0.45,98.2,20.0,True,True,,,,,,,,
default_M3_nohedge_calib,core,"default profile, M3, hedge chain off, tick-calibrated trailing",3,default_M3_nohedge_calib,False,calib,1000.0,6787,0.597,0.59,-0.43,-2941.0,1.06,-2.72,-9.8,64,2973.0,2520,-981.0,0.62,-0.39,98.1,19.0,True,True,2181,-980.0,0.59,-0.45,98.0,20.0,True,True,2086,-980.0,0.57,-0.47,98.0,20.0,True,True,-981.0,19.0,0.62,98.1,True,True,-8.79,2520.0
default_M3_nohedge_path,bounds,optimistic bar bound (extreme reached first),3,default_M3_nohedge_path,False,path,1000.0,67643,0.785,1.26,0.34,23004.0,2.08,-6.27,-127.1,6,29811.0,8450,202.0,1.02,0.02,20.9,1202.0,False,False,5486,260.0,1.05,0.05,11.7,1260.0,False,False,53707,22542.0,1.31,0.42,28.8,23542.0,False,False,,,,,,,,
default_M3_nohedge_worst,bounds,pessimistic bar bound (reversal right after activation),3,default_M3_nohedge_worst,False,worst,1000.0,7614,0.608,0.64,-0.39,-2940.0,1.15,-2.86,-9.8,68,3354.0,2797,-980.0,0.66,-0.35,98.0,20.0,True,True,2587,-980.0,0.66,-0.38,98.0,20.0,True,True,2230,-980.0,0.61,-0.44,98.0,20.0,True,True,,,,,,,,
safe_M1_calib,profiles,safe profile as shipped (hedge off),1,safe_M1_calib,False,calib,1000.0,1316,0.713,0.66,-0.37,-492.0,1.04,-3.98,-5.0,8,484.0,298,-96.0,0.65,-0.32,10.5,904.0,False,False,228,-94.0,0.6,-0.41,10.1,906.0,False,False,790,-302.0,0.68,-0.38,30.7,698.0,False,True,-296.0,704.0,0.57,30.3,False,True,-2.46,620.0
safe_M5_calib,profiles,safe profile as shipped (hedge off),5,safe_M5_calib,False,calib,1000.0,1584,0.754,0.75,-0.25,-398.0,1.0,-4.24,-5.0,9,607.0,504,-108.0,0.73,-0.21,11.2,892.0,False,False,331,-73.0,0.75,-0.22,7.8,927.0,False,False,749,-217.0,0.76,-0.29,22.6,783.0,False,False,-295.0,705.0,0.73,29.6,False,True,-1.78,1184.0
balanced_M1_calib,profiles,balanced profile as shipped (hedge on),1,balanced_M1_calib,True,calib,1000.0,5289,0.57,0.7,-0.53,-2819.0,2.2,-4.26,-88.0,76,2500.0,1859,-980.0,0.67,-0.53,98.0,20.0,True,True,1681,-859.0,0.76,-0.51,86.3,141.0,False,False,1749,-980.0,0.66,-0.56,98.1,20.0,True,True,-980.0,20.0,0.67,98.0,True,True,-4.46,1859.0
balanced_M5_calib,profiles,balanced profile as shipped (hedge on),5,balanced_M5_calib,True,calib,1000.0,6288,0.58,0.69,-0.47,-2941.0,1.83,-3.71,-89.1,97,2861.0,1908,-980.0,0.64,-0.51,98.1,20.0,True,True,2470,-980.0,0.76,-0.4,98.0,20.0,True,True,1910,-980.0,0.66,-0.51,98.2,20.0,True,True,-980.0,20.0,0.64,98.1,True,True,-5.99,1908.0
aggressive_M1_calib,profiles,aggressive profile as shipped (hedge on),1,aggressive_M1_calib,True,calib,1000.0,853,0.441,0.57,-3.54,-3016.0,10.66,-14.76,-269.4,52,1885.0,159,-1051.0,0.53,-6.61,104.9,-51.0,True,True,169,-982.0,0.4,-5.81,98.2,18.0,True,True,525,-983.0,0.69,-1.87,98.6,17.0,True,True,-1051.0,-51.0,0.53,104.9,True,True,,159.0
aggressive_M5_calib,profiles,aggressive profile as shipped (hedge on),5,aggressive_M5_calib,True,calib,1000.0,1213,0.407,0.61,-2.43,-2945.0,9.35,-10.55,-334.6,43,2539.0,365,-982.0,0.69,-2.69,98.4,18.0,True,True,518,-981.0,0.59,-1.89,98.1,19.0,True,True,330,-982.0,0.5,-2.97,98.2,18.0,True,True,-982.0,18.0,0.69,98.4,True,True,,365.0
default_M1_hedge_calib_dep200,deposit,default profile on a $200 account (stop = 1% of $200 = $2 at 0.01 lot),1,default_M1_hedge_calib_dep200,True,calib,200.0,1197,0.285,0.41,-0.45,-541.0,1.08,-1.07,-5.1,88,554.0,465,-180.0,0.47,-0.39,90.1,20.0,False,True,403,-180.0,0.4,-0.45,90.1,20.0,False,True,329,-180.0,0.33,-0.55,90.2,20.0,False,True,-180.0,20.0,0.47,90.1,False,True,-10.08,465.0
default_M5_hedge_calib_dep200,deposit,default profile on a $200 account,5,default_M5_hedge_calib_dep200,True,calib,200.0,1324,0.304,0.44,-0.41,-541.0,1.06,-1.05,-23.8,53,621.0,522,-181.0,0.49,-0.35,90.4,19.0,False,True,412,-180.0,0.39,-0.44,90.2,20.0,False,True,390,-180.0,0.43,-0.46,90.2,20.0,False,True,-181.0,19.0,0.49,90.4,False,True,-15.95,522.0
cost_M1_spread_x1.25,cost,spread x1.25,1,cost_M1_spread_x1.25,False,calib,1000.0,4718,0.603,0.57,-0.58,-2715.0,1.26,-3.39,-10.1,62,2741.0,1462,-981.0,0.49,-0.67,98.1,19.0,True,True,1518,-753.0,0.63,-0.5,75.3,247.0,False,False,1738,-981.0,0.57,-0.56,98.1,19.0,True,True,,,,,,,,
cost_M1_spread_x1.5,cost,spread x1.5,1,cost_M1_spread_x1.5,False,calib,1000.0,3321,0.619,0.56,-0.69,-2304.0,1.41,-4.17,-10.0,57,2382.0,1199,-811.0,0.56,-0.68,81.2,189.0,False,False,817,-512.0,0.62,-0.63,53.1,488.0,False,False,1305,-980.0,0.51,-0.75,98.0,20.0,True,True,,,,,,,,
cost_M1_spread_x2.0,cost,spread x2.0,1,cost_M1_spread_x2.0,False,calib,1000.0,1639,0.568,0.47,-1.03,-1691.0,1.59,-4.49,-10.0,98,1593.0,493,-563.0,0.46,-1.14,56.7,437.0,False,False,307,-148.0,0.7,-0.48,15.9,852.0,False,False,839,-981.0,0.4,-1.17,98.1,19.0,True,True,,,,,,,,
cost_M1_slip_5pts,cost,5 points slippage on entries and stop exits,1,cost_M1_slip_5pts,False,calib,1000.0,4765,0.558,0.49,-0.62,-2941.0,1.07,-2.75,-10.0,64,2159.0,1583,-980.0,0.48,-0.62,98.0,20.0,True,True,1616,-980.0,0.5,-0.61,98.0,20.0,True,True,1566,-980.0,0.49,-0.63,98.0,20.0,True,True,,,,,,,,
cost_M1_slip_10pts,cost,10 points slippage on entries and stop exits,1,cost_M1_slip_10pts,False,calib,1000.0,3983,0.544,0.42,-0.74,-2942.0,1.0,-2.81,-10.1,73,1812.0,1341,-980.0,0.42,-0.73,98.0,20.0,True,True,1285,-980.0,0.42,-0.76,98.0,20.0,True,True,1357,-981.0,0.43,-0.72,98.1,19.0,True,True,,,,,,,,
cost_M5_spread_x1.25,cost,spread x1.25,5,cost_M5_spread_x1.25,False,calib,1000.0,5644,0.603,0.58,-0.52,-2941.0,1.18,-3.15,-10.3,71,3182.0,2121,-980.0,0.6,-0.46,98.1,20.0,True,True,1758,-980.0,0.56,-0.56,98.0,20.0,True,True,1765,-980.0,0.56,-0.56,98.1,20.0,True,True,,,,,,,,
cost_M5_spread_x1.5,cost,spread x1.5,5,cost_M5_spread_x1.5,False,calib,1000.0,4315,0.568,0.52,-0.68,-2941.0,1.3,-3.31,-10.1,117,2977.0,1625,-980.0,0.54,-0.6,98.1,20.0,True,True,1269,-980.0,0.49,-0.77,98.0,20.0,True,True,1421,-981.0,0.52,-0.69,98.1,19.0,True,True,,,,,,,,
cost_M5_spread_x2.0,cost,spread x2.0,5,cost_M5_spread_x2.0,False,calib,1000.0,3357,0.524,0.47,-0.88,-2943.0,1.51,-3.51,-10.1,116,3141.0,1202,-980.0,0.49,-0.82,98.0,20.0,True,True,1080,-980.0,0.47,-0.91,98.0,20.0,True,True,1075,-982.0,0.47,-0.91,98.2,18.0,True,True,,,,,,,,
cost_M5_slip_5pts,cost,5 points slippage on entries and stop exits,5,cost_M5_slip_5pts,False,calib,1000.0,5246,0.586,0.51,-0.56,-2941.0,1.0,-2.77,-10.0,61,2338.0,1752,-980.0,0.5,-0.56,98.0,20.0,True,True,1747,-980.0,0.52,-0.56,98.0,20.0,True,True,1747,-980.0,0.51,-0.56,98.1,20.0,True,True,,,,,,,,
cost_M5_slip_10pts,cost,10 points slippage on entries and stop exits,5,cost_M5_slip_10pts,False,calib,1000.0,4402,0.577,0.45,-0.67,-2941.0,0.95,-2.87,-10.0,59,1978.0,1494,-980.0,0.44,-0.66,98.0,20.0,True,True,1446,-980.0,0.46,-0.68,98.0,20.0,True,True,1462,-980.0,0.45,-0.67,98.0,20.0,True,True,,,,,,,,
cost_M1_hedge_spread_x1.5,cost,"hedge on, spread x1.5",1,cost_M1_hedge_spread_x1.5,True,calib,1000.0,3114,0.58,0.7,-0.85,-2644.0,3.45,-6.85,-145.0,79,2827.0,935,-980.0,0.64,-1.05,98.1,20.0,True,True,902,-684.0,0.77,-0.76,70.8,316.0,False,False,1277,-980.0,0.68,-0.77,98.1,20.0,True,True,,,,,,,,
cost_M1_hedge_slip_5pts,cost,"hedge on, 5 points slippage",1,cost_M1_hedge_slip_5pts,True,calib,1000.0,2638,0.501,0.58,-1.11,-2941.0,3.05,-5.3,-138.8,61,1670.0,887,-980.0,0.59,-1.11,98.1,20.0,True,True,681,-980.0,0.45,-1.44,98.0,20.0,True,True,1070,-980.0,0.65,-0.92,98.2,20.0,True,True,,,,,,,,
entryonly_M1_rr1.5,entry,"Nyao entry only: SL 1.5 ATR, TP 1.5R, one position, no trailing/health/hedge",1,entryonly_M1_rr1.5,False,path,1000.0,6653,0.347,0.81,-0.39,-2627.0,4.87,-3.19,-29.9,17,2366.0,2124,-981.0,0.75,-0.46,98.2,19.0,True,True,1736,-665.0,0.81,-0.38,69.1,335.0,False,False,2793,-980.0,0.85,-0.35,98.1,20.0,True,True,,,,,,,,
entryonly_M5_rr1.5,entry,"Nyao entry only: SL 1.5 ATR, TP 1.5R, one position, no trailing/health/hedge",5,entryonly_M5_rr1.5,False,path,1000.0,7180,0.356,0.85,-0.39,-2805.0,6.23,-4.05,-30.4,20,2556.0,2099,-980.0,0.79,-0.47,98.0,20.0,True,True,2303,-845.0,0.85,-0.37,92.4,155.0,False,False,2778,-980.0,0.89,-0.35,98.1,20.0,True,True,,,,,,,,
entryonly_M3_rr1.5,entry,"Nyao entry only: SL 1.5 ATR, TP 1.5R, one position, no trailing/health/hedge",3,entryonly_M3_rr1.5,False,path,1000.0,8685,0.36,0.86,-0.33,-2828.0,5.52,-3.62,-32.7,23,3055.0,3297,-980.0,0.85,-0.3,98.2,20.0,True,True,2378,-868.0,0.84,-0.36,88.9,132.0,False,False,3010,-980.0,0.88,-0.33,98.0,20.0,True,True,,,,,,,,
entryonly_M5_rr1.0,entry,"SL 1.5 ATR, TP 1R",5,entryonly_M5_rr1.0,False,path,1000.0,8732,0.451,0.85,-0.33,-2867.0,4.2,-4.04,-24.5,20,3105.0,2585,-980.0,0.8,-0.38,98.0,20.0,True,True,2902,-906.0,0.85,-0.31,91.5,94.0,False,False,3245,-980.0,0.89,-0.3,98.1,20.0,True,True,,,,,,,,
entryonly_M5_rr2.0,entry,"SL 1.5 ATR, TP 2R",5,entryonly_M5_rr2.0,False,path,1000.0,7792,0.301,0.88,-0.33,-2541.0,7.9,-3.88,-26.0,26,2707.0,3597,-945.0,0.88,-0.26,95.7,55.0,False,False,1922,-616.0,0.88,-0.32,69.1,384.0,False,False,2273,-980.0,0.87,-0.43,98.1,20.0,True,True,,,,,,,,
entryonly_M5_rr1.5_thr6,entry,threshold 6.0,5,entryonly_M5_rr1.5_thr6,False,path,1000.0,3972,0.379,0.95,-0.2,-777.0,9.9,-6.36,-107.6,18,1521.0,1339,-403.0,0.87,-0.3,42.7,597.0,False,False,712,-229.0,0.87,-0.32,24.9,771.0,False,False,1921,-145.0,0.99,-0.08,51.8,855.0,False,False,,,,,,,,
entryonly_M5_rr1.5_blend0,entry,closed candles only (no forming-candle blend),5,entryonly_M5_rr1.5_blend0,False,path,1000.0,7025,0.359,0.84,-0.42,-2941.0,6.29,-4.17,-113.8,18,2497.0,2272,-980.0,0.8,-0.43,98.0,20.0,True,True,1823,-980.0,0.79,-0.54,98.1,20.0,True,True,2930,-980.0,0.89,-0.33,98.0,20.0,True,True,,,,,,,,
pert_M5_thr3.5,perturb,entry threshold 3.5,5,pert_M5_thr3.5,False,calib,1000.0,7550,0.612,0.62,-0.39,-2941.0,1.03,-2.74,-9.9,83,3121.0,2348,-980.0,0.58,-0.42,98.0,20.0,True,True,2541,-980.0,0.63,-0.39,98.0,20.0,True,True,2661,-980.0,0.64,-0.37,98.0,20.0,True,True,,,,,,,,
pert_M5_thr4.0,perturb,entry threshold 4.0,5,pert_M5_thr4.0,False,calib,1000.0,6956,0.599,0.6,-0.42,-2941.0,1.04,-2.72,-9.9,56,2966.0,2314,-980.0,0.58,-0.42,98.0,20.0,True,True,2405,-980.0,0.62,-0.41,98.0,20.0,True,True,2237,-981.0,0.59,-0.44,98.1,19.0,True,True,,,,,,,,
pert_M5_thr5.0,perturb,entry threshold 5.0,5,pert_M5_thr5.0,False,calib,1000.0,6080,0.596,0.58,-0.48,-2941.0,1.12,-2.94,-9.9,46,2996.0,2186,-980.0,0.59,-0.45,98.0,20.0,True,True,1884,-981.0,0.56,-0.52,98.1,19.0,True,True,2010,-980.0,0.59,-0.49,98.0,20.0,True,True,,,,,,,,
pert_M5_thr5.5,perturb,entry threshold 5.5,5,pert_M5_thr5.5,False,calib,1000.0,5853,0.615,0.6,-0.49,-2847.0,1.18,-3.23,-9.9,43,3234.0,2150,-980.0,0.59,-0.46,98.0,20.0,True,True,1911,-887.0,0.63,-0.46,88.8,113.0,False,False,1792,-981.0,0.57,-0.55,98.1,19.0,True,True,,,,,,,,
pert_M5_thr6.0,perturb,entry threshold 6.0,5,pert_M5_thr6.0,False,calib,1000.0,3122,0.554,0.53,-0.8,-2488.0,1.62,-3.83,-9.9,91,2732.0,1274,-980.0,0.5,-0.77,98.0,20.0,True,True,847,-528.0,0.64,-0.62,53.7,472.0,False,False,1001,-980.0,0.48,-0.98,98.0,20.0,True,True,,,,,,,,
pert_M5_ema4_10,perturb,EMA 4/10,5,pert_M5_ema4_10,False,calib,1000.0,6544,0.59,0.58,-0.45,-2941.0,1.07,-2.73,-15.3,52,2930.0,2105,-980.0,0.56,-0.47,98.0,20.0,True,True,2195,-981.0,0.59,-0.45,98.1,19.0,True,True,2244,-980.0,0.6,-0.44,98.0,20.0,True,True,,,,,,,,
pert_M5_ema6_14,perturb,EMA 6/14,5,pert_M5_ema6_14,False,calib,1000.0,7173,0.615,0.61,-0.41,-2941.0,1.06,-2.87,-10.0,70,3181.0,2316,-980.0,0.59,-0.42,98.0,20.0,True,True,2391,-980.0,0.62,-0.41,98.0,20.0,True,True,2466,-980.0,0.63,-0.4,98.0,20.0,True,True,,,,,,,,
pert_M5_ema8_21,perturb,EMA 8/21,5,pert_M5_ema8_21,False,calib,1000.0,7193,0.62,0.62,-0.41,-2941.0,1.06,-2.92,-10.0,57,3168.0,2578,-980.0,0.62,-0.38,98.0,20.0,True,True,2418,-980.0,0.63,-0.41,98.0,20.0,True,True,2197,-980.0,0.6,-0.45,98.0,20.0,True,True,,,,,,,,
pert_M5_rsi6,perturb,RSI 6,5,pert_M5_rsi6,False,calib,1000.0,6710,0.601,0.59,-0.44,-2940.0,1.06,-2.78,-9.9,53,2934.0,2080,-980.0,0.56,-0.47,98.0,20.0,True,True,2290,-980.0,0.6,-0.43,98.0,20.0,True,True,2340,-980.0,0.61,-0.42,98.0,20.0,True,True,,,,,,,,
pert_M5_rsi10,perturb,RSI 10,5,pert_M5_rsi10,False,calib,1000.0,6645,0.6,0.59,-0.44,-2941.0,1.07,-2.81,-10.0,54,2992.0,2313,-980.0,0.59,-0.42,98.0,20.0,True,True,2242,-980.0,0.6,-0.44,98.0,20.0,True,True,2090,-980.0,0.58,-0.47,98.0,20.0,True,True,,,,,,,,
pert_M5_rsi14,perturb,RSI 14,5,pert_M5_rsi14,False,calib,1000.0,6430,0.595,0.58,-0.46,-2941.0,1.07,-2.81,-9.9,51,2975.0,2150,-980.0,0.57,-0.46,98.0,20.0,True,True,2276,-980.0,0.61,-0.43,98.0,20.0,True,True,2004,-980.0,0.57,-0.49,98.0,20.0,True,True,,,,,,,,
pert_M5_atr6,perturb,ATR 6,5,pert_M5_atr6,False,calib,1000.0,6394,0.593,0.58,-0.46,-2941.0,1.07,-2.76,-9.9,51,2912.0,2082,-980.0,0.56,-0.47,98.0,20.0,True,True,2241,-980.0,0.6,-0.44,98.0,20.0,True,True,2071,-980.0,0.58,-0.47,98.0,20.0,True,True,,,,,,,,
pert_M5_atr10,perturb,ATR 10,5,pert_M5_atr10,False,calib,1000.0,7061,0.61,0.61,-0.42,-2941.0,1.06,-2.83,-9.9,44,3054.0,2373,-980.0,0.6,-0.41,98.0,20.0,True,True,2475,-981.0,0.63,-0.4,98.1,19.0,True,True,2213,-980.0,0.6,-0.44,98.0,20.0,True,True,,,,,,,,
pert_M5_atr14,perturb,ATR 14,5,pert_M5_atr14,False,calib,1000.0,7261,0.617,0.61,-0.4,-2940.0,1.03,-2.8,-10.0,66,2975.0,2449,-980.0,0.6,-0.4,98.0,20.0,True,True,2636,-980.0,0.64,-0.37,98.0,20.0,True,True,2176,-980.0,0.58,-0.45,98.0,20.0,True,True,,,,,,,,
pert_M5_blend0.0,perturb,forming-candle blend 0.0,5,pert_M5_blend0.0,False,calib,1000.0,5244,0.574,0.54,-0.56,-2941.0,1.14,-2.93,-12.7,45,2962.0,1846,-980.0,0.54,-0.53,98.0,20.0,True,True,1756,-981.0,0.55,-0.56,98.1,19.0,True,True,1642,-981.0,0.52,-0.6,98.1,19.0,True,True,,,,,,,,
pert_M5_blend0.6,perturb,forming-candle blend 0.6,5,pert_M5_blend0.6,False,calib,1000.0,8864,0.637,0.66,-0.33,-2940.0,1.03,-2.82,-10.0,65,3436.0,3077,-980.0,0.66,-0.32,98.0,20.0,True,True,2839,-980.0,0.65,-0.35,98.0,20.0,True,True,2948,-980.0,0.68,-0.33,98.0,20.0,True,True,,,,,,,,
pert_M5_trail0.5,perturb,trailing distance $0.5 per 0.01 lot,5,pert_M5_trail0.5,False,calib,1000.0,7178,0.607,0.62,-0.41,-2941.0,1.09,-2.83,-10.0,59,3158.0,2397,-980.0,0.61,-0.41,98.0,20.0,True,True,2477,-980.0,0.63,-0.4,98.0,20.0,True,True,2304,-980.0,0.62,-0.43,98.0,20.0,True,True,,,,,,,,
pert_M5_trail1.0,perturb,trailing distance $1.0 per 0.01 lot,5,pert_M5_trail1.0,False,calib,1000.0,7055,0.574,0.63,-0.42,-2941.0,1.22,-2.8,-9.9,67,3085.0,2670,-981.0,0.65,-0.37,98.1,19.0,True,True,2250,-981.0,0.62,-0.44,98.1,19.0,True,True,2135,-980.0,0.61,-0.46,98.0,20.0,True,True,,,,,,,,
pert_M5_trail2.0,perturb,trailing distance $2.0 per 0.01 lot,5,pert_M5_trail2.0,False,calib,1000.0,5588,0.389,0.59,-0.53,-2940.0,1.93,-2.63,-10.4,61,2427.0,2079,-980.0,0.62,-0.47,98.0,20.0,True,True,1756,-980.0,0.57,-0.56,98.0,20.0,True,True,1753,-980.0,0.57,-0.56,98.0,20.0,True,True,,,,,,,,
sess_M5_london,session,entries 10:00-14:59 server only,5,sess_M5_london,False,calib,1000.0,5365,0.66,0.65,-0.37,-1999.0,1.04,-3.34,-10.0,81,2258.0,1850,-824.0,0.59,-0.45,82.5,176.0,False,False,1017,-194.0,0.79,-0.19,20.5,806.0,False,False,2498,-980.0,0.64,-0.39,98.0,20.0,True,True,,,,,,,,
sess_M5_ny,session,entries 15:00-22:59 server only,5,sess_M5_ny,False,calib,1000.0,7296,0.632,0.62,-0.4,-2941.0,1.06,-3.01,-9.9,50,3150.0,2479,-981.0,0.61,-0.4,98.1,19.0,True,True,2296,-980.0,0.61,-0.43,98.0,20.0,True,True,2521,-980.0,0.64,-0.39,98.0,20.0,True,True,,,,,,,,
sess_M5_asia,session,entries 00:00-09:59 server only,5,sess_M5_asia,False,calib,1000.0,5207,0.635,0.6,-0.47,-2472.0,1.11,-3.4,-9.7,46,2491.0,1468,-750.0,0.56,-0.51,75.2,250.0,False,False,1387,-741.0,0.58,-0.53,74.7,259.0,False,False,2352,-981.0,0.63,-0.42,98.1,19.0,True,True,,,,,,,,
news_M5_block1515_1600,session,news-filter proxy: no entries 15:15-16:00 server,5,news_M5_block1515_1600,False,calib,1000.0,7198,0.607,0.61,-0.41,-2941.0,1.06,-2.77,-9.8,92,3148.0,2408,-980.0,0.59,-0.41,98.0,20.0,True,True,2449,-980.0,0.62,-0.4,98.0,20.0,True,True,2341,-980.0,0.62,-0.42,98.0,20.0,True,True,,,,,,,,
news_M1_block1515_1600,session,news-filter proxy: no entries 15:15-16:00 server,1,news_M1_block1515_1600,False,calib,1000.0,6011,0.577,0.57,-0.49,-2941.0,1.11,-2.75,-9.6,73,2714.0,2035,-980.0,0.56,-0.48,98.0,20.0,True,True,2063,-980.0,0.58,-0.48,98.0,20.0,True,True,1913,-980.0,0.57,-0.51,98.0,20.0,True,True,,,,,,,,
