n,win,expR,ci_lo,ci_hi,pf,totalR,maxdd_R,gross_expR,cost_R,med_risk,med_hold_min,mfe1,mfe2,tf,rr,period
10071,0.47989276139410186,-0.3534460245288006,-0.3742885122279095,-0.3326035368296917,0.48372850965537145,-3559.554913029551,3560.098824977553,-0.005678395884086689,0.3477676286447139,2.092269550002129,2.0,0.5189156985403635,0.08062754443451495,1m,1.0,TEST
9947,0.38202473107469587,-0.7555503873352076,-0.7785462666943225,-0.7325545079760928,0.20723034552828742,-7515.45970282331,7513.836626230447,-0.03522936414805398,0.7203210231871535,0.8400573863245882,2.0,0.5113099426962904,0.08263798130089474,1m,1.0,CTRL
10071,0.4065137523582564,-0.326651452580279,-0.35147737689367237,-0.30182552826688563,0.5879093763119169,-3289.70677893599,3292.250690883987,0.0211161760644349,0.3477676286447139,2.092269550002129,3.0,0.5189156985403635,0.14417634792969913,1m,1.5,TEST
9947,0.36201869910525786,-0.725346680155228,-0.7519035948333062,-0.6987897654771498,0.31021729564608347,-7215.023427504053,7214.4003509111935,-0.005025656968074429,0.7203210231871535,0.8400573863245882,3.0,0.5113099426962904,0.14607419322408766,1m,1.5,CTRL
10071,0.34872405917982324,-0.3109461304570787,-0.33924770844019314,-0.28264455247396425,0.6422878945117897,-3131.5384798332398,3136.082391781244,0.03682149818763516,0.3477676286447139,2.092269550002129,3.0,0.5189156985403635,0.33958891867739055,1m,2.0,TEST
9947,0.3239167588217553,-0.7154458815148461,-0.7452333630855796,-0.6856583999441126,0.37279312158785416,-7116.540183428175,7115.516136162875,0.004875141672307566,0.7203210231871535,0.8400573863245882,3.0,0.5113099426962904,0.33497536945812806,1m,2.0,CTRL
10071,0.2776288352695859,-0.29505541359450005,-0.32910795949118604,-0.26100286769781406,0.6943377696161572,-2971.50307031021,2977.4697172360625,0.052712215050213874,0.3477676286447139,2.092269550002129,4.0,0.5189156985403635,0.33958891867739055,1m,3.0,TEST
9947,0.2618880064341007,-0.7005486095911337,-0.7357607638914646,-0.6653364552908029,0.44217481690220095,-6968.357019603007,6968.973571435576,0.01977241359601998,0.7203210231871535,0.8400573863245882,4.0,0.5113099426962904,0.33497536945812806,1m,3.0,CTRL
3946,0.49113025848960973,-0.1886726608604858,-0.2216833017389655,-0.15566201998200613,0.6834328285194511,-744.5023197554771,743.2364455666395,-0.01179319933624139,0.1768794615242444,4.049112549075289,5.0,0.49138367967562085,0.02812975164723771,3m,1.0,TEST
3941,0.46866277594519157,-0.3906405952154441,-0.42309553155269464,-0.35818565887819354,0.4425842764325925,-1539.5145857440652,1539.4880149056462,-0.02003751407805706,0.3706030811373871,1.66650906658424,5.0,0.4935295610251205,0.026135498604415122,3m,1.0,CTRL
3946,0.405727318803852,-0.16806067078734632,-0.20741428948161697,-0.12870705209307567,0.7574848400323742,-663.1674069268686,662.0878914286054,0.008818790736898096,0.1768794615242444,4.049112549075289,8.0,0.49138367967562085,0.0701976685250887,3m,1.5,TEST
3941,0.3963461050494798,-0.3780616722704764,-0.41696775037325645,-0.3391555941676963,0.5362529873396432,-1489.9410504179475,1494.0751021040867,-0.007458591133089311,0.3706030811373871,1.66650906658424,7.0,0.4935295610251205,0.0771377822887592,3m,1.5,CTRL
3946,0.353522554485555,-0.15520261635092625,-0.1996858140772734,-0.1107194186245791,0.7938368451664282,-612.429524120755,611.8500086224917,0.021676845173318148,0.1768794615242444,4.049112549075289,10.0,0.49138367967562085,0.31221490116573747,3m,2.0,TEST
3941,0.33900025374270487,-0.3787296301835119,-0.4228948031770296,-0.3345644571899942,0.5773337817860854,-1492.5734725532204,1495.2353600771648,-0.008126549046124797,0.3706030811373871,1.66650906658424,9.0,0.4935295610251205,0.31286475513828976,3m,2.0,CTRL
3946,0.2909275215408008,-0.14437900803000026,-0.1971701828143833,-0.0915878332456172,0.8252370186881319,-569.719565686381,577.8055400799813,0.03250045349424416,0.1768794615242444,4.049112549075289,13.0,0.49138367967562085,0.31221490116573747,3m,3.0,TEST
3941,0.2689672671910683,-0.3919858970459565,-0.44421706534324545,-0.3397547287486675,0.6055577277062667,-1544.8164202581145,1548.7898494196963,-0.021382815908569358,0.3706030811373871,1.66650906658424,12.0,0.4935295610251205,0.31286475513828976,3m,3.0,CTRL
2587,0.49748743718592964,-0.12495677706032964,-0.1636982804226912,-0.08621527369796807,0.7760241639680859,-323.26318225507276,324.73112946469786,0.0017272198759751064,0.12668399693630472,5.801194530137764,9.0,0.49246231155778897,0.017008117510630073,5m,1.0,TEST
2641,0.46421809920484663,-0.32463603126875756,-0.36324011703309766,-0.28603194550441746,0.5115830832401486,-857.3637585807887,864.7952358702063,-0.0555188804160497,0.2691171508527079,2.240473876686792,8.0,0.466868610374858,0.011737978038621734,5m,1.0,CTRL
2587,0.4066486277541554,-0.11982071430453478,-0.16657023997442413,-0.07307118863464543,0.8175981404697611,-309.97618790583147,318.0349049590094,0.006863282631769932,0.12668399693630472,5.801194530137764,14.0,0.49246231155778897,0.050637804406648626,5m,1.5,TEST
2641,0.37826580840590684,-0.33092243839910007,-0.3770677479476926,-0.28477712885050754,0.5747192289769184,-873.9661598120233,879.0104340832646,-0.06180528754639221,0.2691171508527079,2.240473876686792,12.0,0.466868610374858,0.050359712230215826,5m,1.5,CTRL
2587,0.3486664089679165,-0.12176868996414478,-0.17487443716368475,-0.0686629427646048,0.8307381313832778,-315.01560093724254,329.9206059907754,0.004915306972159935,0.12668399693630472,5.801194530137764,18.0,0.49246231155778897,0.3015075376884422,5m,2.0,TEST
2641,0.32979931843998483,-0.3062465249522654,-0.35900501324072515,-0.25348803666380565,0.6348418162053873,-808.7970723989329,818.8413466701749,-0.03712937409955753,0.2691171508527079,2.240473876686792,14.0,0.466868610374858,0.2953426732298372,5m,2.0,CTRL
2587,0.2964824120603015,-0.08693359874938404,-0.1505333698201443,-0.023333827678623756,0.8880035180704698,-224.89721996465653,276.15343375030034,0.03975039818692068,0.12668399693630472,5.801194530137764,23.0,0.49246231155778897,0.3015075376884422,5m,3.0,TEST
2641,0.27073078379401744,-0.28821394937456535,-0.35122501419324814,-0.22520288455588253,0.6844806771658286,-761.1730402982271,791.5083451143117,-0.019096798521857465,0.2691171508527079,2.240473876686792,18.0,0.466868610374858,0.2953426732298372,5m,3.0,CTRL
1247,0.4595028067361668,-0.14114763313879056,-0.19514433252283553,-0.08715093375474559,0.745317901266841,-176.01109852407183,186.1596900144681,-0.07399729012130583,0.06715034301748475,10.241062815218356,29.0,0.43464314354450684,0.0056134723336006415,15m,1.0,TEST
1235,0.4825910931174089,-0.1933709817227296,-0.2487658272446955,-0.13797613620076368,0.6717359125255109,-238.81316242757106,243.8774664432509,-0.04346292167517351,0.14990806004755608,3.9027800512526483,20.0,0.45101214574898785,0.0024291497975708503,15m,1.0,CTRL
1247,0.3897353648757017,-0.1188294133298025,-0.183512394528061,-0.054146432131544006,0.8106641477193341,-148.1802784222637,158.67097055057042,-0.05167907031231776,0.06715034301748475,10.241062815218356,41.0,0.43464314354450684,0.022453889334402566,15m,1.5,TEST
1235,0.40323886639676115,-0.18530397454604894,-0.2515130659283093,-0.11909488316378856,0.727594250926648,-228.85040856437044,235.3636072998454,-0.03539591449849285,0.14990806004755608,3.9027800512526483,30.0,0.45101214574898785,0.015384615384615385,15m,1.5,CTRL
1247,0.3384121892542101,-0.13157387754281244,-0.20404633893523655,-0.05910141615038832,0.8066159175087266,-164.07262529588712,181.78402779097124,-0.06442353452532772,0.06715034301748475,10.241062815218356,51.0,0.43464314354450684,0.2550120288692863,15m,2.0,TEST
1235,0.34898785425101214,-0.1944252042579847,-0.269012939750783,-0.11983746876518643,0.7378682081352762,-240.11512725861112,254.90509510664583,-0.04451714421042859,0.14990806004755608,3.9027800512526483,38.0,0.45101214574898785,0.2704453441295547,15m,2.0,CTRL
1247,0.28869286287089013,-0.15142965528218413,-0.23423435908209828,-0.06862495148226998,0.7925793705835394,-188.8327801368836,206.4372053228177,-0.0842793122646994,0.06715034301748475,10.241062815218356,65.0,0.43464314354450684,0.2550120288692863,15m,3.0,TEST
1235,0.28016194331983807,-0.25447192320111145,-0.3400852944527384,-0.16885855194948454,0.6906088711999053,-314.27282515337265,341.1425758810862,-0.10456386315355536,0.14990806004755608,3.9027800512526483,51.0,0.45101214574898785,0.2704453441295547,15m,3.0,CTRL
890,0.45617977528089887,-0.1382763324192957,-0.2022713313354782,-0.07428133350311324,0.7505019964641413,-123.06593585317317,133.21797621909553,-0.08872168476358118,0.049554647655714525,13.738286899916602,51.5,0.4314606741573034,0.0011235955056179776,30m,1.0,TEST
870,0.4850574712643678,-0.13281373941834212,-0.19808015030622966,-0.06754732853045457,0.7591319624658349,-115.54795329395765,124.69419438296444,-0.032248124626012266,0.10056561479232985,5.6107931456022015,41.0,0.45977011494252873,0.0034482758620689655,30m,1.0,CTRL
890,0.3741573033707865,-0.14700847234017694,-0.22243353945308741,-0.07158340522726647,0.7679491699058996,-130.83754038275748,147.98958074867994,-0.09745382468446247,0.049554647655714525,13.738286899916602,74.0,0.4314606741573034,0.012359550561797753,30m,1.5,TEST
870,0.39195402298850573,-0.16196516246490542,-0.23927436870190694,-0.0846559562279039,0.7508699634861025,-140.90969134446772,150.5679718029947,-0.06139954767257557,0.10056561479232985,5.6107931456022015,61.0,0.45977011494252873,0.009195402298850575,30m,1.5,CTRL
890,0.3258426966292135,-0.15804448683657288,-0.24228978272618532,-0.07379919094696044,0.768942070091955,-140.65959328454986,164.48489074899197,-0.10848983918085839,0.049554647655714525,13.738286899916602,91.0,0.4314606741573034,0.23707865168539327,30m,2.0,TEST
870,0.3413793103448276,-0.17216185178228402,-0.25867596921739644,-0.0856477343471716,0.7549745844260171,-149.7808110505871,163.50875380134488,-0.07159623698995415,0.10056561479232985,5.6107931456022015,81.0,0.45977011494252873,0.2482758620689655,30m,2.0,CTRL
890,0.28314606741573034,-0.16752603082245263,-0.2638601200460998,-0.07119194159880543,0.7692679075342614,-149.09816743198283,169.48038310491273,-0.11797138316673812,0.049554647655714525,13.738286899916602,124.0,0.4314606741573034,0.23707865168539327,30m,3.0,TEST
870,0.29195402298850576,-0.1630609770144582,-0.26447974738183755,-0.06164220664707884,0.7834267668293501,-141.86305000257863,162.76899061353728,-0.06249536222212834,0.10056561479232985,5.6107931456022015,99.0,0.45977011494252873,0.2482758620689655,30m,3.0,CTRL
337,0.4688427299703264,-0.10743281467144869,-0.2102300720990004,-0.0046355572438969705,0.7966024277468254,-36.20485854427821,38.25791590482331,-0.07382867775622065,0.03360413691522805,21.15791871674628,97.0,0.41543026706231456,0.005934718100890208,1h,1.0,TEST
346,0.4653179190751445,-0.17762940625766582,-0.2793248354682334,-0.07593397704709824,0.6862123762286928,-61.45977456515237,71.01439110990196,-0.10829966806041892,0.06932973819724689,7.753030011752799,90.0,0.41040462427745666,0.0,1h,1.0,CTRL
337,0.37388724035608306,-0.16324283347533472,-0.28347412575871644,-0.043011541191952996,0.7395934715092971,-55.0128348811878,59.8171249137522,-0.1296386965601067,0.03360413691522805,21.15791871674628,162.0,0.41543026706231456,0.005934718100890208,1h,1.5,TEST
346,0.3554913294797688,-0.258139577571033,-0.37421134066148176,-0.14206781448058425,0.6144544632566363,-89.31629383957743,88.25767596206343,-0.18880983937378615,0.06932973819724689,7.753030011752799,114.5,0.41040462427745666,0.0,1h,1.5,CTRL
337,0.3323442136498516,-0.16440064086637832,-0.2986235034642253,-0.030177778268531352,0.7537541867781008,-55.403015971969495,64.20730600453395,-0.1307965039511503,0.03360413691522805,21.15791871674628,213.0,0.41543026706231456,0.22551928783382788,1h,2.0,TEST
346,0.3179190751445087,-0.257671905883566,-0.38717482184243646,-0.12816898992469547,0.6369017955674537,-89.15447943571382,95.8148380566455,-0.1883421676863191,0.06932973819724689,7.753030011752799,157.5,0.41040462427745666,0.2138728323699422,1h,2.0,CTRL
337,0.2878338278931751,-0.20249569067164674,-0.3511007217207617,-0.05389065962253181,0.7128917992756019,-68.24104775634495,72.67509290161465,-0.16889155375641873,0.03360413691522805,21.15791871674628,244.0,0.41543026706231456,0.22551928783382788,1h,3.0,TEST
346,0.28901734104046245,-0.23710180997737915,-0.3879710964896011,-0.0862325234651572,0.6806239161985227,-82.03722625217318,93.46124260062399,-0.16777207178013226,0.06932973819724689,7.753030011752799,212.5,0.41040462427745666,0.2138728323699422,1h,3.0,CTRL
207,0.4927536231884058,-0.0021713054527562137,-0.12881815958245688,0.12447554867694445,0.9951278754897839,-0.44946022872053626,13.658709464866522,0.016088727451684076,0.018260032904440296,35.90185118563113,331.0,0.4251207729468599,0.0,4h,1.0,TEST
215,0.4418604651162791,-0.1565117211120813,-0.2830156654708863,-0.030007776753276316,0.71001584110624,-33.650020039097484,37.98765861037352,-0.12070007246076886,0.035811648651312485,14.798613383216889,293.0,0.3813953488372093,0.0,4h,1.0,CTRL
207,0.4057971014492754,-0.05101570222400704,-0.19875878372143693,0.09672737927342287,0.903730034337227,-10.560250360369457,16.279224705259026,-0.032755669319566735,0.018260032904440296,35.90185118563113,483.0,0.4251207729468599,0.0,4h,1.5,TEST
215,0.3627906976744186,-0.16515870057924992,-0.31347254901863597,-0.016844852139863892,0.7293023893596172,-35.50912062453873,39.45288369105347,-0.12934705192793744,0.035811648651312485,14.798613383216889,421.0,0.3813953488372093,0.004651162790697674,4h,1.5,CTRL
207,0.3719806763285024,-0.03923386231954931,-0.20498774813880882,0.1265200234997102,0.9299768741984444,-8.121409500146708,18.82130182022785,-0.020973829415109016,0.018260032904440296,35.90185118563113,566.0,0.4251207729468599,0.21739130434782608,4h,2.0,TEST
215,0.31627906976744186,-0.21792970233794673,-0.3774670651067464,-0.05839233956914708,0.6692544185212377,-46.854886002658546,53.42592485653635,-0.18211805368663425,0.035811648651312485,14.798613383216889,612.0,0.3813953488372093,0.18604651162790697,4h,2.0,CTRL
207,0.357487922705314,0.030469629015807763,-0.16537670162639814,0.22631595965801368,1.052977385564196,6.307213206272207,17.821301820227852,0.04872966192024808,0.018260032904440296,35.90185118563113,695.0,0.4251207729468599,0.21739130434782608,4h,3.0,TEST
215,0.27906976744186046,-0.253291336680358,-0.4299056180498313,-0.07667705531088473,0.6371379505125603,-54.45763738627697,54.43434480333089,-0.21747968802904555,0.035811648651312485,14.798613383216889,660.0,0.3813953488372093,0.18604651162790697,4h,3.0,CTRL
27,0.5555555555555556,0.05430971852573715,-0.29887594032386267,0.4074953773753369,1.1316898319859288,1.466362400194903,5.585867053014004,0.06276245829776347,0.008452739772026303,74.3803761665622,1541.0,0.4444444444444444,0.0,1d,1.0,TEST
27,0.4444444444444444,-0.13040884696617883,-0.5111655384051754,0.2503478444728177,0.7690222550617783,-3.521038868086828,6.311468130320063,-0.1142695073791819,0.016139339586996933,39.61001090152695,2401.0,0.4074074074074074,0.0,1d,1.0,CTRL
27,0.5185185185185185,0.18393934815536608,-0.25766660604142666,0.6255453023521589,1.4088907896824174,4.9663624001948845,5.085867053014004,0.1923920879273924,0.008452739772026303,74.3803761665622,2252.0,0.4444444444444444,0.0,1d,1.5,TEST
27,0.2962962962962963,-0.3023760420506236,-0.7063623230253185,0.1016102389240714,0.5550340232163065,-8.164153135366837,7.154315789587644,-0.28623670246362665,0.016139339586996933,39.61001090152695,3022.0,0.4074074074074074,0.0,1d,1.5,CTRL
27,0.48148148148148145,0.27476816181201114,-0.25105991258454163,0.8005962362085639,1.5638361009987078,7.4187403689243006,4.585867053014004,0.28322090158403745,0.008452739772026303,74.3803761665622,2945.0,0.4444444444444444,0.3333333333333333,1d,2.0,TEST
27,0.2962962962962963,-0.24027609824238644,-0.689067137539973,0.20851494105520008,0.6464181221927012,-6.487454652544434,7.030302215502088,-0.2241367586553896,0.016139339586996933,39.61001090152695,3206.0,0.4074074074074074,0.14814814814814814,1d,2.0,CTRL
27,0.48148148148148145,0.37381564873365575,-0.22854895219000554,0.9761802496573171,1.767085809667026,10.093022515808705,4.588566048951794,0.38226838850568207,0.008452739772026303,74.3803761665622,6170.0,0.4444444444444444,0.3333333333333333,1d,3.0,TEST
27,0.2962962962962963,-0.20684943945846232,-0.7055402471698264,0.29184136825290186,0.6956076207241817,-5.584934865378482,7.030302215502088,-0.1907100998714654,0.016139339586996933,39.61001090152695,3279.0,0.4074074074074074,0.14814814814814814,1d,3.0,CTRL
