grid,playbook,imp_k,rng_min_bars,period,n,expectancy,pf,total_r,win_rate,max_dd_r
impk_x_minbars_A,A_pingpong,2.5,4,DEV,1400,-0.19002027822594864,0.6889849193320609,-266.0283895163281,0.42428571428571427,-271.58426288026124
impk_x_minbars_A,A_pingpong,2.5,4,VAL,707,-0.07897913550487491,0.866867296671013,-55.83824880194656,0.44271570014144274,-69.34385228748977
impk_x_minbars_A,A_pingpong,2.5,4,OOS,909,-0.09744839126104533,0.8357931792577121,-88.5805876562902,0.43014301430143015,-116.91539763897978
impk_x_minbars_A,A_pingpong,2.5,4,ALL,3016,-0.13608992903665942,0.773760862446484,-410.44722597456484,0.4303713527851459,-428.98061856243834
impk_x_minbars_A,A_pingpong,2.5,8,DEV,978,-0.2776531915041606,0.5961287471292117,-271.54482129106907,0.36400817995910023,-277.55570923997624
impk_x_minbars_A,A_pingpong,2.5,8,VAL,488,-0.15389003966017478,0.7626627764061614,-75.09833935416529,0.375,-86.52309261624796
impk_x_minbars_A,A_pingpong,2.5,8,OOS,680,-0.13445268077989622,0.797684232212237,-91.42782293032943,0.36323529411764705,-93.80586543015248
impk_x_minbars_A,A_pingpong,2.5,8,ALL,2146,-0.20413372953194955,0.6959280247419193,-438.07098357556373,0.3662628145386766,-441.0405970072499
impk_x_minbars_A,A_pingpong,2.5,16,DEV,590,-0.3189899268570496,0.5702678003786404,-188.20405684565924,0.31186440677966104,-194.99566763704226
impk_x_minbars_A,A_pingpong,2.5,16,VAL,290,-0.17420193026045783,0.7571532772799479,-50.51855977553277,0.3137931034482759,-51.94028219418337
impk_x_minbars_A,A_pingpong,2.5,16,OOS,407,-0.2030701866985746,0.7165491197456445,-82.64956598631986,0.3046683046683047,-88.11461627085382
impk_x_minbars_A,A_pingpong,2.5,16,ALL,1287,-0.24970643559247233,0.6572273245217877,-321.3721826075119,0.31002331002331,-326.4474730509959
impk_x_minbars_A,A_pingpong,3.5,4,DEV,1017,-0.17143656065973945,0.7191033906065393,-174.35098219095502,0.4247787610619469,-186.22154177440083
impk_x_minbars_A,A_pingpong,3.5,4,VAL,495,-0.08330582818085254,0.8615853047070781,-41.236384949522005,0.4262626262626263,-45.247654383483145
impk_x_minbars_A,A_pingpong,3.5,4,OOS,608,-0.035228439758704225,0.9386004532244331,-21.41889137329217,0.43585526315789475,-58.932351887579486
impk_x_minbars_A,A_pingpong,3.5,4,ALL,2120,-0.11179540495932509,0.8130066301481397,-237.00625851376918,0.42830188679245285,-251.44991754546047
impk_x_minbars_A,A_pingpong,3.5,8,DEV,800,-0.2893970603563973,0.5880931186967366,-231.51764828511784,0.3525,-238.82375765598434
impk_x_minbars_A,A_pingpong,3.5,8,VAL,371,-0.15580509430628736,0.7602084677604093,-57.803689987632616,0.3719676549865229,-64.65126376887062
impk_x_minbars_A,A_pingpong,3.5,8,OOS,490,-0.1386419712811891,0.7959445461440061,-67.93456592778266,0.36122448979591837,-71.57105476142384
impk_x_minbars_A,A_pingpong,3.5,8,ALL,1661,-0.21508483094553468,0.6855261412759012,-357.2559042005331,0.35942203491872365,-361.48396396603795
impk_x_minbars_A,A_pingpong,3.5,16,DEV,496,-0.31780820632958073,0.5723145902300194,-157.63287033947205,0.3084677419354839,-162.69605902987422
impk_x_minbars_A,A_pingpong,3.5,16,VAL,224,-0.19341726143383758,0.7338539458347433,-43.32546656117962,0.30357142857142855,-44.51279245376463
impk_x_minbars_A,A_pingpong,3.5,16,OOS,326,-0.18491125463591562,0.7405611150653788,-60.281069011308496,0.31901840490797545,-68.69680097029203
impk_x_minbars_A,A_pingpong,3.5,16,ALL,1046,-0.2497508660726197,0.657934672450864,-261.2394059119602,0.3107074569789675,-264.5862742544637
impk_x_minbars_A,A_pingpong,5.0,4,DEV,521,-0.16357112606884192,0.7379931233935939,-85.22055668186664,0.4107485604606526,-93.9323692576238
impk_x_minbars_A,A_pingpong,5.0,4,VAL,251,-0.14157036039027407,0.7652898224989735,-35.53416045795879,0.41832669322709165,-41.134276298038785
impk_x_minbars_A,A_pingpong,5.0,4,OOS,299,-0.17257623993935708,0.7297200983621123,-51.60029574186777,0.3712374581939799,-66.96808754437042
impk_x_minbars_A,A_pingpong,5.0,4,ALL,1071,-0.1609290503097042,0.741817690348041,-172.3550128816932,0.40149393090569563,-178.93724519943373
impk_x_minbars_A,A_pingpong,5.0,8,DEV,461,-0.2899047950978817,0.5945771847346589,-133.64611054012346,0.34490238611713664,-140.58204080590932
impk_x_minbars_A,A_pingpong,5.0,8,VAL,226,-0.013166051147649257,0.9787081183812004,-2.9755275593687323,0.39823008849557523,-30.08019317451222
impk_x_minbars_A,A_pingpong,5.0,8,OOS,257,-0.09902006741767237,0.8544536409144932,-25.4481573263418,0.3540856031128405,-34.03742390353578
impk_x_minbars_A,A_pingpong,5.0,8,ALL,944,-0.1716841053239767,0.7484331097092105,-162.069795425834,0.3601694915254237,-162.66136635769848
impk_x_minbars_A,A_pingpong,5.0,16,DEV,355,-0.3031148544892354,0.5850388009041998,-107.60577334367856,0.3154929577464789,-114.02995393267123
impk_x_minbars_A,A_pingpong,5.0,16,VAL,137,-0.26147788106918435,0.6303662288318037,-35.82246970647826,0.31386861313868614,-37.00979559906328
impk_x_minbars_A,A_pingpong,5.0,16,OOS,196,-0.19047333034325484,0.7386577592094455,-37.33277274727795,0.29081632653061223,-42.32899108440713
impk_x_minbars_A,A_pingpong,5.0,16,ALL,688,-0.26273403458929473,0.6378106745402241,-180.76101579743477,0.3081395348837209,-182.58138805613538
