grid,playbook,pp_stop_atr,zone,period,n,expectancy,pf,total_r,win_rate,max_dd_r
stop_x_zone_A,A_pingpong,0.5,0.1,DEV,696,-0.32365686111062547,0.5806687819420416,-225.26517533299534,0.3031609195402299,-231.726407093403
stop_x_zone_A,A_pingpong,0.5,0.1,VAL,336,-0.15494129535762396,0.7778944831439709,-52.06027524016165,0.3244047619047619,-67.32210817882117
stop_x_zone_A,A_pingpong,0.5,0.1,OOS,436,-0.1263749883985783,0.8214555166177818,-55.09949494178014,0.3211009174311927,-60.91848269227764
stop_x_zone_A,A_pingpong,0.5,0.1,ALL,1468,-0.22644751056875825,0.6922558678275521,-332.4249455149371,0.3133514986376022,-338.2439332654338
stop_x_zone_A,A_pingpong,0.5,0.2,DEV,800,-0.2893970603563973,0.5880931186967366,-231.51764828511784,0.3525,-238.82375765598434
stop_x_zone_A,A_pingpong,0.5,0.2,VAL,371,-0.15580509430628736,0.7602084677604093,-57.803689987632616,0.3719676549865229,-64.65126376887062
stop_x_zone_A,A_pingpong,0.5,0.2,OOS,490,-0.1386419712811891,0.7959445461440061,-67.93456592778266,0.36122448979591837,-71.57105476142384
stop_x_zone_A,A_pingpong,0.5,0.2,ALL,1661,-0.21508483094553468,0.6855261412759012,-357.2559042005331,0.35942203491872365,-361.48396396603795
stop_x_zone_A,A_pingpong,0.5,0.3,DEV,844,-0.22679445333351694,0.643553699458787,-191.4145186134883,0.4028436018957346,-198.76168326680715
stop_x_zone_A,A_pingpong,0.5,0.3,VAL,388,-0.1370460932355595,0.7741580121049725,-53.173884175397085,0.4097938144329897,-63.664457019718945
stop_x_zone_A,A_pingpong,0.5,0.3,OOS,525,-0.12468436037615171,0.8001532104125367,-65.45928919747965,0.4114285714285714,-67.45913520760926
stop_x_zone_A,A_pingpong,0.5,0.3,ALL,1757,-0.17646425269571145,0.7181391447704154,-310.047691986365,0.40694365395560617,-313.60801507757253
stop_x_zone_A,A_pingpong,1.0,0.1,DEV,640,-0.24512652308687982,0.6263715601643282,-156.88097477560308,0.3828125,-163.37206094253304
stop_x_zone_A,A_pingpong,1.0,0.1,VAL,308,-0.05331659078036911,0.9100939287188434,-16.421509960353685,0.41883116883116883,-35.5094663109215
stop_x_zone_A,A_pingpong,1.0,0.1,OOS,404,-0.1733991511742543,0.7305597648506738,-70.05325707439874,0.3910891089108911,-72.97131211733976
stop_x_zone_A,A_pingpong,1.0,0.1,ALL,1352,-0.1799968504514464,0.7178590044536262,-243.3557418103555,0.39349112426035504,-247.07750239967666
stop_x_zone_A,A_pingpong,1.0,0.2,DEV,732,-0.2193487910223982,0.6311938192302383,-160.5633150283955,0.43169398907103823,-168.4590798612358
stop_x_zone_A,A_pingpong,1.0,0.2,VAL,342,-0.1591653918132697,0.7274395590620063,-54.43456400013824,0.45321637426900585,-57.344853253256424
stop_x_zone_A,A_pingpong,1.0,0.2,OOS,449,-0.15699408021510522,0.7398607587475764,-70.49034201658225,0.42761692650334077,-71.20739854759972
stop_x_zone_A,A_pingpong,1.0,0.2,ALL,1523,-0.1874512285260118,0.6849078519150855,-285.48822104511595,0.43532501641497046,-290.30013638140497
stop_x_zone_A,A_pingpong,1.0,0.3,DEV,775,-0.1852363103666109,0.6626338034024489,-143.55814053412345,0.47483870967741937,-150.53688784899342
stop_x_zone_A,A_pingpong,1.0,0.3,VAL,359,-0.14093437065042427,0.740684583110949,-50.59543906350232,0.49025069637883006,-56.1926939865846
stop_x_zone_A,A_pingpong,1.0,0.3,OOS,474,-0.11563239036290564,0.7866848371283703,-54.80975303201727,0.47890295358649787,-55.9742366393755
stop_x_zone_A,A_pingpong,1.0,0.3,ALL,1608,-0.1548279431776387,0.7163070731835615,-248.96333262964305,0.47947761194029853,-253.49091871506428
stop_x_zone_A,A_pingpong,2.0,0.1,DEV,604,-0.1496800325989007,0.6967552945087477,-90.40673968973601,0.5182119205298014,-97.20847539705375
stop_x_zone_A,A_pingpong,2.0,0.1,VAL,297,0.00222137161994327,1.0051249467977041,0.6597473711231512,0.569023569023569,-15.65416291609867
stop_x_zone_A,A_pingpong,2.0,0.1,OOS,384,-0.06792268927179189,0.8573326603191973,-26.082312680368084,0.5390625,-30.7245332914958
stop_x_zone_A,A_pingpong,2.0,0.1,ALL,1285,-0.0901395369641875,0.8100171402570473,-115.82930499898093,0.5361867704280155,-126.3708803341587
stop_x_zone_A,A_pingpong,2.0,0.2,DEV,693,-0.13048560634426587,0.7045538645449435,-90.42652519657625,0.5598845598845599,-96.32767633982391
stop_x_zone_A,A_pingpong,2.0,0.2,VAL,329,-0.023101975669667586,0.9413655607756581,-7.600549995320636,0.6048632218844985,-17.18598971491813
stop_x_zone_A,A_pingpong,2.0,0.2,OOS,429,-0.07839849810200417,0.8272581520485569,-33.63295568575979,0.5617715617715617,-35.95908522896759
stop_x_zone_A,A_pingpong,2.0,0.2,ALL,1451,-0.09073744374752353,0.791146586143811,-131.66003087765665,0.5706409372846313,-139.05909053039005
stop_x_zone_A,A_pingpong,2.0,0.3,DEV,734,-0.11324342232317562,0.7217347046167316,-83.1206719852109,0.5940054495912807,-85.31107828310445
stop_x_zone_A,A_pingpong,2.0,0.3,VAL,345,-0.021406981906545875,0.9420212487202457,-7.385408757758327,0.6289855072463768,-15.007722630128995
stop_x_zone_A,A_pingpong,2.0,0.3,OOS,456,-0.06233099622682582,0.8464365911390421,-28.422934279432575,0.6030701754385965,-29.299111591708723
stop_x_zone_A,A_pingpong,2.0,0.3,ALL,1535,-0.07747818568234645,0.805411043635332,-118.9290150224018,0.6045602605863192,-121.94800636173873
