playbook,variant,period,n,expectancy,pf,total_r,win_rate,max_dd_r,spread_r
A_pingpong,ideal,DEV,808,-0.0866837753056362,0.8628114022767864,-70.04049044695405,0.37376237623762376,-86.8724459181748,0.0
A_pingpong,ideal,VAL,377,0.026899071679359208,1.0444753390900416,10.140950023118421,0.3952254641909814,-25.18814345853026,0.0
A_pingpong,ideal,OOS,502,-0.06890360696243848,0.8955955953043803,-34.58961069514412,0.3665338645418327,-45.77699877521874,0.0
A_pingpong,ideal,ALL,1687,-0.056010166638399375,0.9116807141068061,-94.48915111897975,0.3764078245406046,-103.25012469164876,0.0
A_pingpong,spread_only,DEV,806,-0.1760638815086043,0.7282682156392644,-141.90748849593507,0.3560794044665012,-153.44392541996467,0.09133683196562703
A_pingpong,spread_only,VAL,377,-0.08178434303430841,0.8693529774409565,-30.83269732393427,0.3740053050397878,-43.49375495519256,0.09133683196562703
A_pingpong,spread_only,OOS,496,-0.12351276905360048,0.8148624569255102,-61.262333450585835,0.3548387096774194,-66.74731154991177,0.09133683196562703
A_pingpong,spread_only,ALL,1679,-0.13937017228734674,0.7851483682334942,-234.0025192704552,0.35973793924955333,-240.57561673441154,0.09133683196562703
A_pingpong,real_slip0,DEV,799,-0.2202113310289062,0.669927579534577,-175.94885349209605,0.35294117647058826,-185.26012897600282,0.0958945959123137
A_pingpong,real_slip0,VAL,371,-0.10739425085227036,0.8290998627324278,-39.843267066192304,0.3746630727762803,-47.43795711094033,0.0958945959123137
A_pingpong,real_slip0,OOS,490,-0.11606364541585802,0.8268064235514471,-56.87118625377043,0.36122448979591837,-61.508766202600846,0.0958945959123137
A_pingpong,real_slip0,ALL,1660,-0.16425500410364985,0.7508938702326489,-272.66330681205875,0.3602409638554217,-278.1922298605611,0.0958945959123137
A_pingpong,real,DEV,800,-0.2893970603563973,0.5880931186967366,-231.51764828511784,0.3525,-238.82375765598434,0.09241927527480134
A_pingpong,real,VAL,371,-0.15580509430628736,0.7602084677604093,-57.803689987632616,0.3719676549865229,-64.65126376887062,0.09241927527480134
A_pingpong,real,OOS,490,-0.1386419712811891,0.7959445461440061,-67.93456592778266,0.36122448979591837,-71.57105476142384,0.09241927527480134
A_pingpong,real,ALL,1661,-0.21508483094553468,0.6855261412759012,-357.2559042005331,0.35942203491872365,-361.48396396603795,0.09241927527480134
A_pingpong,real_slip0.2,DEV,800,-0.3424725946841988,0.5280295163521596,-273.978075747359,0.3525,-279.4499575872466,0.08705685702363553
A_pingpong,real_slip0.2,VAL,370,-0.2009568920080346,0.7005280086135787,-74.3540500429728,0.37027027027027026,-80.53987889499837,0.08705685702363553
A_pingpong,real_slip0.2,OOS,490,-0.1602568395672546,0.7671729051704183,-78.52585138795475,0.36122448979591837,-81.18622118804548,0.08705685702363553
A_pingpong,real_slip0.2,ALL,1660,-0.25714335974595576,0.6339292592664135,-426.85797717828655,0.35903614457831323,-429.8473024600248,0.08705685702363553
A_pingpong,real_ecn_comm,DEV,800,-0.32167027947252097,0.5564258108095458,-257.33622357801676,0.3525,-263.7835778750409,0.09241927527480134
A_pingpong,real_ecn_comm,VAL,371,-0.17814441881810153,0.7320107040886847,-66.09157938151567,0.3719676549865229,-72.6887683948789,0.09241927527480134
A_pingpong,real_ecn_comm,OOS,490,-0.1487924437015876,0.7832393591759587,-72.90829741377792,0.36122448979591837,-76.12613792010167,0.09241927527480134
A_pingpong,real_ecn_comm,ALL,1661,-0.23861294423438315,0.6592464688481993,-396.3361003733104,0.35942203491872365,-399.9865211183609,0.09241927527480134
A_pingpong,real_delay5,DEV,783,-0.37889792457274146,0.517394704468146,-296.6770749404566,0.3499361430395913,-303.54297500209583,0.12312096733677355
A_pingpong,real_delay5,VAL,368,-0.16267088750944808,0.7506532377991774,-59.862886603476895,0.3695652173913043,-65.73894689121367,0.12312096733677355
A_pingpong,real_delay5,OOS,477,-0.16428369860444608,0.7602195632213999,-78.36332423432079,0.3584905660377358,-79.31030217058564,0.12312096733677355
A_pingpong,real_delay5,ALL,1628,-0.2671396104289031,0.6319470254032922,-434.90328577825426,0.3568796068796069,-436.74942279742817,0.12312096733677355
A_pingpong,real_spread_x0.5,DEV,804,-0.255480026624658,0.6333403195088102,-205.40594140622505,0.35945273631840796,-215.95296126341634,0.04806465516516751
A_pingpong,real_spread_x0.5,VAL,372,-0.1084946098434375,0.83066811346806,-40.35999486175875,0.3844086021505376,-47.865649071356046,0.04806465516516751
A_pingpong,real_spread_x0.5,OOS,491,-0.10970305440383063,0.8379334614322788,-53.864199712280836,0.3645621181262729,-60.47088810668918,0.04806465516516751
A_pingpong,real_spread_x0.5,ALL,1667,-0.17974213316152649,0.7350552885773505,-299.63013598026464,0.3665266946610678,-306.89634372194587,0.04806465516516751
A_pingpong,real_spread_x1.5,DEV,805,-0.3273655212470583,0.540776304516366,-263.5292446038819,0.34285714285714286,-268.40137849322014,0.13526804247221882
A_pingpong,real_spread_x1.5,VAL,373,-0.18430787150559552,0.7181271597946107,-68.74683607158713,0.3646112600536193,-75.03456696617269,0.13526804247221882
A_pingpong,real_spread_x1.5,OOS,489,-0.15206812140269513,0.7763088135558806,-74.36131136591791,0.35991820040899797,-77.64189024669389,0.13526804247221882
A_pingpong,real_spread_x1.5,ALL,1667,-0.24393364849513316,0.646457492809548,-406.637392041387,0.35272945410917816,-410.4462399243832,0.13526804247221882
A_pingpong,real_spread_x2.0,DEV,806,-0.37229846454919713,0.4896823563494943,-300.0725624266529,0.33126550868486354,-302.0886172118497,0.17866676309038115
A_pingpong,real_spread_x2.0,VAL,375,-0.21599680005017072,0.672386748373982,-80.99880001881402,0.36,-86.78013623551328,0.17866676309038115
A_pingpong,real_spread_x2.0,OOS,490,-0.18302118474737727,0.732321748707126,-89.68038052621486,0.3551020408163265,-92.33487830248586,0.17866676309038115
A_pingpong,real_spread_x2.0,ALL,1671,-0.28171857748155704,0.5977446700264701,-470.7517429716818,0.34470377019748655,-473.875919170117,0.17866676309038115
