filter,description,period,n_before,exp_before,pf_before,dd_before,n_after,exp_after,pf_after,dd_after,removed,removed_mean_r,survives
impulse_too_small,impulse < 5 pre-impulse ATR,DEV,668,-0.2690830159896607,0.6452797743982321,-183.66253292751242,620,-0.2515418124367406,0.6666764744742617,-159.87100195719822,48,-0.4956568952148778,DEV only
impulse_too_small,impulse < 5 pre-impulse ATR,VAL,314,-0.21892652338154825,0.7129464312391349,-77.18156778601542,302,-0.22965036110266118,0.7032795218339911,-77.79304849721294,12,0.05095672593312762,DEV only
impulse_too_small,impulse < 5 pre-impulse ATR,OOS,437,-0.10520372459456195,0.8503625792030612,-61.017855699372674,403,-0.08955825544080948,0.8737800117990348,-51.844470376518686,34,-0.2906485501522756,DEV only
impulse_too_small,impulse < 5 pre-impulse ATR,ALL,1419,-0.2075154409236949,0.7204745682404999,-294.4644106707232,1325,-0.197284762042588,0.7353057051068433,-261.40230970642926,94,-0.3517244783435529,DEV only
impulse_too_large,impulse > 15 pre-impulse ATR,DEV,668,-0.2690830159896607,0.6452797743982321,-183.66253292751242,586,-0.2260647499437168,0.6943402846571918,-136.2558215287135,82,-0.5765062343179915,DEV+VAL+OOS
impulse_too_large,impulse > 15 pre-impulse ATR,VAL,314,-0.21892652338154825,0.7129464312391349,-77.18156778601542,286,-0.19119585382159887,0.7434179251282506,-63.12065363718656,28,-0.5021755053153169,DEV+VAL+OOS
impulse_too_large,impulse > 15 pre-impulse ATR,OOS,437,-0.10520372459456195,0.8503625792030612,-61.017855699372674,401,-0.07231618337570386,0.8955988556047145,-38.984269865318716,36,-0.47153439206017567,DEV+VAL+OOS
impulse_too_large,impulse > 15 pre-impulse ATR,ALL,1419,-0.2075154409236949,0.7204745682404999,-294.4644106707232,1273,-0.16979948719061475,0.7661380521593597,-217.46317035792543,146,-0.5363675580621268,DEV+VAL+OOS
range_too_narrow,width < 1.5 ATR14,DEV,668,-0.2690830159896607,0.6452797743982321,-183.66253292751242,630,-0.28994694969016843,0.6255270073507886,-186.58165655122514,38,0.07681904272928335,no
range_too_narrow,width < 1.5 ATR14,VAL,314,-0.21892652338154825,0.7129464312391349,-77.18156778601542,305,-0.22658305444010157,0.703843229611914,-77.54647104844027,9,0.04054480693609262,no
range_too_narrow,width < 1.5 ATR14,OOS,437,-0.10520372459456195,0.8503625792030612,-61.017855699372674,422,-0.11467641592850705,0.8393166535364958,-63.9809312547048,15,0.16129465826709294,no
range_too_narrow,width < 1.5 ATR14,ALL,1419,-0.2075154409236949,0.7204745682404999,-294.4644106707232,1357,-0.2211996001701305,0.7063850357077694,-300.1678574308673,62,0.09199107677651605,no
range_too_wide,width > 5 ATR14,DEV,668,-0.2690830159896607,0.6452797743982321,-183.66253292751242,618,-0.26291051477843475,0.6486135787834346,-166.39377637949175,50,-0.3453751309604135,DEV only
range_too_wide,width > 5 ATR14,VAL,314,-0.21892652338154825,0.7129464312391349,-77.18156778601542,291,-0.29790183648606555,0.6120087216191978,-89.56161440104225,23,0.7802828728538663,DEV only
range_too_wide,width > 5 ATR14,OOS,437,-0.10520372459456195,0.8503625792030612,-61.017855699372674,428,-0.10019287589590609,0.857075676613269,-57.92637893499689,9,-0.3434974182639746,DEV only
range_too_wide,width > 5 ATR14,ALL,1419,-0.2075154409236949,0.7204745682404999,-294.4644106707232,1337,-0.21843730997304828,0.7037609038801834,-292.0506834339657,82,-0.029435698009238093,DEV only
poor_symmetry,|drift| over the confirmation window > 30% of width,DEV,668,-0.2690830159896607,0.6452797743982321,-183.66253292751242,397,-0.31904672688959085,0.5770107015108562,-128.44470259966917,271,-0.19588894504031643,no
poor_symmetry,|drift| over the confirmation window > 30% of width,VAL,314,-0.21892652338154825,0.7129464312391349,-77.18156778601542,172,-0.14007824248574682,0.8024718421605758,-32.75019085523025,142,-0.31443289179054706,no
poor_symmetry,|drift| over the confirmation window > 30% of width,OOS,437,-0.10520372459456195,0.8503625792030612,-61.017855699372674,246,-0.053488200448779326,0.9186915703458188,-28.07756091155356,191,-0.17181115359907778,no
poor_symmetry,|drift| over the confirmation window > 30% of width,ALL,1419,-0.2075154409236949,0.7204745682404999,-294.4644106707232,815,-0.2011203749608782,0.7189650425411346,-163.91310559311592,604,-0.21614454483047568,no
middle_of_range,fill between 35% and 65% of the range,DEV,668,-0.2690830159896607,0.6452797743982321,-183.66253292751242,668,-0.2690830159896607,0.6452797743982321,-183.66253292751242,0,,no
middle_of_range,fill between 35% and 65% of the range,VAL,314,-0.21892652338154825,0.7129464312391349,-77.18156778601542,314,-0.21892652338154825,0.7129464312391349,-77.18156778601542,0,,no
middle_of_range,fill between 35% and 65% of the range,OOS,437,-0.10520372459456195,0.8503625792030612,-61.017855699372674,437,-0.10520372459456195,0.8503625792030612,-61.017855699372674,0,,no
middle_of_range,fill between 35% and 65% of the range,ALL,1419,-0.2075154409236949,0.7204745682404999,-294.4644106707232,1419,-0.2075154409236949,0.7204745682404999,-294.4644106707232,0,,no
va_too_far,boundary > 3 ATR from both weekly VAH and VAL,DEV,668,-0.2690830159896607,0.6452797743982321,-183.66253292751242,175,-0.2531528641618211,0.671403150292003,-55.54216250500433,493,-0.27473773519832584,DEV only
va_too_far,boundary > 3 ATR from both weekly VAH and VAL,VAL,314,-0.21892652338154825,0.7129464312391349,-77.18156778601542,101,-0.3729528628609581,0.5307635135120203,-44.77034383155828,213,-0.1458905595908421,DEV only
va_too_far,boundary > 3 ATR from both weekly VAH and VAL,OOS,437,-0.10520372459456195,0.8503625792030612,-61.017855699372674,108,-0.15196153520711933,0.8033272305819577,-23.510578834052296,329,-0.0898546560652118,DEV only
va_too_far,boundary > 3 ATR from both weekly VAH and VAL,ALL,1419,-0.2075154409236949,0.7204745682404999,-294.4644106707232,384,-0.2562026983844905,0.6704612472018358,-114.31248193421831,1035,-0.18945176279331277,DEV only
va_inside_range,weekly VAH and VAL both inside the range,DEV,668,-0.2690830159896607,0.6452797743982321,-183.66253292751242,668,-0.2690830159896607,0.6452797743982321,-183.66253292751242,0,,no
va_inside_range,weekly VAH and VAL both inside the range,VAL,314,-0.21892652338154825,0.7129464312391349,-77.18156778601542,314,-0.21892652338154825,0.7129464312391349,-77.18156778601542,0,,no
va_inside_range,weekly VAH and VAL both inside the range,OOS,437,-0.10520372459456195,0.8503625792030612,-61.017855699372674,437,-0.10520372459456195,0.8503625792030612,-61.017855699372674,0,,no
va_inside_range,weekly VAH and VAL both inside the range,ALL,1419,-0.2075154409236949,0.7204745682404999,-294.4644106707232,1419,-0.2075154409236949,0.7204745682404999,-294.4644106707232,0,,no
too_many_tests,traded side already touched >= 3 times / breakout already failed,DEV,668,-0.2690830159896607,0.6452797743982321,-183.66253292751242,646,-0.28650247595116224,0.6244596910846472,-188.9956777108699,22,0.2424156719707943,no
too_many_tests,traded side already touched >= 3 times / breakout already failed,VAL,314,-0.21892652338154825,0.7129464312391349,-77.18156778601542,303,-0.21718516364315585,0.7133696932988005,-74.24574402808548,11,-0.26689306890272096,no
too_many_tests,traded side already touched >= 3 times / breakout already failed,OOS,437,-0.10520372459456195,0.8503625792030612,-61.017855699372674,419,-0.09828249550000166,0.8582498298181399,-63.824830872076745,18,-0.2663145574068275,no
too_many_tests,traded side already touched >= 3 times / breakout already failed,ALL,1419,-0.2075154409236949,0.7204745682404999,-294.4644106707232,1368,-0.2135000509231197,0.7116631971843388,-292.0680696628277,51,-0.046987078586183326,no
breakout_extended,breakout close > 1 ATR beyond the boundary,DEV,668,-0.2690830159896607,0.6452797743982321,-183.66253292751242,550,-0.26374939682126525,0.6664543718508993,-149.1947066644152,118,-0.2939431053338767,DEV only
breakout_extended,breakout close > 1 ATR beyond the boundary,VAL,314,-0.21892652338154825,0.7129464312391349,-77.18156778601542,262,-0.22572857433026053,0.7149910328497053,-60.332601966012035,52,-0.1846546512938057,DEV only
breakout_extended,breakout close > 1 ATR beyond the boundary,OOS,437,-0.10520372459456195,0.8503625792030612,-61.017855699372674,362,-0.14915264851574744,0.8021157737582421,-67.32766986258649,75,0.1069230815316933,DEV only
breakout_extended,breakout close > 1 ATR beyond the boundary,ALL,1419,-0.2075154409236949,0.7204745682404999,-294.4644106707232,1174,-0.2199287167708047,0.7179007509845088,-258.8295689661682,245,-0.14803304972162587,DEV only
breakout_bar_too_large,breakout bar range > 2.5 ATR,DEV,668,-0.2690830159896607,0.6452797743982321,-183.66253292751242,610,-0.2593907278032856,0.6611434591575549,-163.16925024447642,58,-0.3710191503636056,DEV only
breakout_bar_too_large,breakout bar range > 2.5 ATR,VAL,314,-0.21892652338154825,0.7129464312391349,-77.18156778601542,288,-0.2367716925101267,0.6970747958507634,-77.63502436776542,26,-0.021256957649602358,DEV only
breakout_bar_too_large,breakout bar range > 2.5 ATR,OOS,437,-0.10520372459456195,0.8503625792030612,-61.017855699372674,405,-0.13697932457969447,0.8126655527658234,-69.13773436754852,32,0.2969562127172713,DEV only
breakout_bar_too_large,breakout bar range > 2.5 ATR,ALL,1419,-0.2075154409236949,0.7204745682404999,-294.4644106707232,1303,-0.21634322168664386,0.7147359810927819,-281.8952178576969,116,-0.10835511045712162,DEV only
abnormal_volatility,ATR percentile (60 d) > 0.90,DEV,668,-0.2690830159896607,0.6452797743982321,-183.66253292751242,606,-0.30527965425377324,0.6054427890792182,-188.91454872420562,62,0.08470993220473012,no
abnormal_volatility,ATR percentile (60 d) > 0.90,VAL,314,-0.21892652338154825,0.7129464312391349,-77.18156778601542,273,-0.2346461767588337,0.6985247975408208,-72.06844353156376,41,-0.11425663625962301,no
abnormal_volatility,ATR percentile (60 d) > 0.90,OOS,437,-0.10520372459456195,0.8503625792030612,-61.017855699372674,369,-0.14011762788791812,0.8017582370527826,-61.546339622075806,68,0.08425554474732647,no
abnormal_volatility,ATR percentile (60 d) > 0.90,ALL,1419,-0.2075154409236949,0.7204745682404999,-294.4644106707232,1248,-0.24099461652531248,0.6807786983320733,-300.76128142359,171,0.03682380557232119,no
news_slot,signal inside the 08:30 / 10:00 ET / FOMC slot proxy,DEV,668,-0.2690830159896607,0.6452797743982321,-183.66253292751242,583,-0.28676180788562455,0.6344346720094332,-172.12304028179142,85,-0.14782730216204926,no
news_slot,signal inside the 08:30 / 10:00 ET / FOMC slot proxy,VAL,314,-0.21892652338154825,0.7129464312391349,-77.18156778601542,270,-0.2787466651979744,0.6509443997567702,-82.26549939921556,44,0.14815161958288506,no
news_slot,signal inside the 08:30 / 10:00 ET / FOMC slot proxy,OOS,437,-0.10520372459456195,0.8503625792030612,-61.017855699372674,386,-0.1422657363985034,0.803688976466579,-72.33505640511598,51,0.17530483533330835,no
news_slot,signal inside the 08:30 / 10:00 ET / FOMC slot proxy,ALL,1419,-0.2075154409236949,0.7204745682404999,-294.4644106707232,1239,-0.23999863426198106,0.6878692804485816,-297.3583078505946,180,0.016077206554841558,no
low_liquidity,off-hours session or signal-bar volume < 50% of the 20-bar average,DEV,668,-0.2690830159896607,0.6452797743982321,-183.66253292751242,581,-0.24860287265016787,0.6656137754408514,-147.97119475621042,87,-0.4058527088660438,DEV+VAL only
low_liquidity,off-hours session or signal-bar volume < 50% of the 20-bar average,VAL,314,-0.21892652338154825,0.7129464312391349,-77.18156778601542,264,-0.16123768826778592,0.7775261667731782,-50.63885204261882,50,-0.5235235727822133,DEV+VAL only
low_liquidity,off-hours session or signal-bar volume < 50% of the 20-bar average,OOS,437,-0.10520372459456195,0.8503625792030612,-61.017855699372674,379,-0.12607058772132113,0.82055985223075,-58.53600596190188,58,0.031150432733743467,DEV+VAL only
low_liquidity,off-hours session or signal-bar volume < 50% of the 20-bar average,ALL,1419,-0.2075154409236949,0.7204745682404999,-294.4644106707232,1224,-0.1918184407343331,0.7360655677936258,-237.46923207686308,195,-0.3060443036507659,DEV+VAL only
weak_orderflow_proxy,PROXY: signal-bar volume < 0.8 x 20-bar average,DEV,668,-0.2690830159896607,0.6452797743982321,-183.66253292751242,500,-0.20255627305805887,0.7165090759023065,-111.29188894776873,168,-0.46707927471466587,DEV+VAL only
weak_orderflow_proxy,PROXY: signal-bar volume < 0.8 x 20-bar average,VAL,314,-0.21892652338154825,0.7129464312391349,-77.18156778601542,214,-0.1479034106153307,0.7912658994472952,-42.3151384639452,100,-0.3709159847012538,DEV+VAL only
weak_orderflow_proxy,PROXY: signal-bar volume < 0.8 x 20-bar average,OOS,437,-0.10520372459456195,0.8503625792030612,-61.017855699372674,327,-0.12289464310123022,0.8215700446782594,-51.19123281798022,110,-0.05261344867019361,DEV+VAL only
weak_orderflow_proxy,PROXY: signal-bar volume < 0.8 x 20-bar average,ALL,1419,-0.2075154409236949,0.7204745682404999,-294.4644106707232,1041,-0.16629780470202932,0.7641828870201229,-175.620765948618,378,-0.3210275025817739,DEV+VAL only
unfavourable_rr,planned reward / risk < 1.0,DEV,668,-0.2690830159896607,0.6452797743982321,-183.66253292751242,528,-0.29066738782219415,0.6517357182015653,-157.48480353401376,140,-0.18767909936410573,no
unfavourable_rr,planned reward / risk < 1.0,VAL,314,-0.21892652338154825,0.7129464312391349,-77.18156778601542,262,-0.2299930486604104,0.7208875153425806,-67.82406042012512,52,-0.1631682613995891,no
unfavourable_rr,planned reward / risk < 1.0,OOS,437,-0.10520372459456195,0.8503625792030612,-61.017855699372674,368,-0.14790537159278533,0.8117215217001184,-67.7581622850641,69,0.1225383927292959,no
unfavourable_rr,planned reward / risk < 1.0,ALL,1419,-0.2075154409236949,0.7204745682404999,-294.4644106707232,1158,-0.2315714475520648,0.7164307409923507,-268.1597362652912,261,-0.10078419312426062,no
target_too_close,planned reward < 1 ATR14,DEV,668,-0.2690830159896607,0.6452797743982321,-183.66253292751242,593,-0.28858587016368453,0.6434155654863052,-175.04649925348397,75,-0.1148804489870454,no
target_too_close,planned reward < 1 ATR14,VAL,314,-0.21892652338154825,0.7129464312391349,-77.18156778601542,292,-0.23152977087096535,0.7104926006606953,-76.04533253853114,22,-0.051647056703830053,no
target_too_close,planned reward < 1 ATR14,OOS,437,-0.10520372459456195,0.8503625792030612,-61.017855699372674,399,-0.1302919783052565,0.8273978105088831,-65.74085570074394,38,0.15822293936773033,no
target_too_close,planned reward < 1 ATR14,ALL,1419,-0.2075154409236949,0.7204745682404999,-294.4644106707232,1284,-0.2264210385087104,0.7134685311415232,-290.72461344518433,135,-0.02770220167065861,no
stop_too_large,stop distance > 1.5 ATR14,DEV,668,-0.2690830159896607,0.6452797743982321,-183.66253292751242,480,-0.32267229651668194,0.6108391396664461,-158.03574991271535,188,-0.13225932102705332,no
stop_too_large,stop distance > 1.5 ATR14,VAL,314,-0.21892652338154825,0.7129464312391349,-77.18156778601542,247,-0.19517083064992372,0.7557925483310314,-52.64163875053027,67,-0.3065034801682834,no
stop_too_large,stop distance > 1.5 ATR14,OOS,437,-0.10520372459456195,0.8503625792030612,-61.017855699372674,342,-0.17220803318697936,0.7799873896633119,-67.14760008602323,95,0.1360117863381408,no
stop_too_large,stop distance > 1.5 ATR14,ALL,1419,-0.2075154409236949,0.7204745682404999,-294.4644106707232,1069,-0.24507487824928476,0.6964547465148135,-262.82890782199655,350,-0.09279818806353614,no
unclear_boundary,fewer than 2 touches of the traded boundary before the signal,DEV,668,-0.2690830159896607,0.6452797743982321,-183.66253292751242,137,-0.0028348768859105793,0.9958179866908837,-15.111751737226221,531,-0.33777603869627787,DEV only
unclear_boundary,fewer than 2 touches of the traded boundary before the signal,VAL,314,-0.21892652338154825,0.7129464312391349,-77.18156778601542,60,-0.47187470019491445,0.41625233379474846,-33.82728874675168,254,-0.15917498555161927,DEV only
unclear_boundary,fewer than 2 touches of the traded boundary before the signal,OOS,437,-0.10520372459456195,0.8503625792030612,-61.017855699372674,91,-0.23183058300543197,0.7000683921280969,-29.686726944375778,346,-0.07190012888534472,DEV only
unclear_boundary,fewer than 2 touches of the traded boundary before the signal,ALL,1419,-0.2075154409236949,0.7204745682404999,-294.4644106707232,288,-0.17290778888388514,0.7647823222348114,-69.08395441297762,1131,-0.21632799953330162,DEV only
cost_gate,spread > 15% of the stop distance,DEV,668,-0.2690830159896607,0.6452797743982321,-183.66253292751242,517,-0.20046612872723646,0.7148905039252933,-107.89777438328768,151,-0.5040163319808747,DEV+VAL+OOS
cost_gate,spread > 15% of the stop distance,VAL,314,-0.21892652338154825,0.7129464312391349,-77.18156778601542,282,-0.15099469200074978,0.7942878489023774,-52.21924691577516,32,-0.8175757874248348,DEV+VAL+OOS
cost_gate,spread > 15% of the stop distance,OOS,437,-0.10520372459456195,0.8503625792030612,-61.017855699372674,427,-0.08276860287818887,0.8808439746519329,-50.38602148053572,10,-1.063183421883693,DEV+VAL+OOS
cost_gate,spread > 15% of the stop distance,ALL,1419,-0.2075154409236949,0.7204745682404999,-294.4644106707232,1226,-0.14809435980846603,0.7906100605020377,-181.90539271006693,193,-0.5849778525675842,DEV+VAL+OOS
