time_pend,time_in,time_out,side,pend_px,entry,isl,exit,sl_exit,exit_reason,pnl,swap,mfe_usd,mae_usd,bars_held,hold_min,atr_entry,spread_entry,cum_pnl
2025-09-29 08:00:00,2025-09-29 08:05:00,2025-09-30 11:37:00,BUY,3808.74,3808.84,3721.92,3808.84,3808.94,SL_breakeven,-0.87,-0.87,62.66,8.04,7,1652.0,23.27,0.39,-0.87
2025-09-30 12:00:00,2025-10-01 05:05:00,2025-10-02 20:00:00,BUY,3871.5,3871.6,3792.88,3844.44,3792.88,MA18_exit,-29.77,-2.61,25.36,52.5,11,2335.0,25.6,0.39,-30.63
2025-10-03 20:00:00,2025-10-06 01:04:00,2025-10-08 09:17:00,BUY,3891.48,3891.58,3837.78,4022.84,4022.94,SL_trailing,129.52,-1.74,145.2,8.33,15,3373.0,26.31,0.33,98.89
2025-10-13 20:00:00,2025-10-14 02:28:00,2025-10-16 21:15:00,BUY,4117.0,4117.1,3943.79,4278.37,4278.47,SL_trailing,157.8,-3.47,181.3,27.3,18,4007.0,35.83,0.36,256.69
2025-10-17 08:00:00,2025-10-17 08:00:00,2025-10-17 20:00:00,BUY,4377.0,4377.1,4089.8,4204.44,4089.8,MA18_exit,-172.66,0.0,1.36,177.04,4,720.0,42.85,0.39,84.03
2025-10-20 20:00:00,2025-10-20 21:29:00,2025-10-21 12:00:00,BUY,4355.34,4355.44,4185.42,4273.74,4185.42,MA18_exit,-82.57,-0.87,25.86,111.36,5,871.0,53.5,0.38,1.46
2025-10-30 16:00:00,2025-10-30 16:04:00,2025-11-04 04:00:00,BUY,4000.6,4000.7,3915.06,3987.1,3915.06,MA18_exit,-16.21,-2.61,42.14,38.38,16,6476.0,47.2,0.34,-14.75
2025-11-11 20:00:00,2025-11-12 01:40:00,2025-11-14 12:00:00,BUY,4142.96,4143.06,3983.86,4169.0,4143.16,MA18_exit,22.47,-3.47,101.86,44.4,16,3500.0,27.49,0.33,7.72
2025-11-26 01:00:00,2025-11-26 03:41:00,2025-12-02 12:00:00,BUY,4150.66,4150.76,4109.42,4191.59,4150.86,MA18_exit,35.62,-5.21,113.62,15.08,28,9139.0,36.76,0.4,43.34
2025-12-11 08:00:00,2025-12-11 16:37:00,2025-12-12 17:04:00,BUY,4240.56,4240.66,4181.56,4341.26,4341.36,SL_trailing,99.73,-0.87,112.66,14.68,7,1467.0,22.15,0.34,143.07
2025-12-17 20:00:00,2025-12-18 18:10:00,2025-12-23 03:23:00,BUY,4348.68,4348.78,4306.3,4472.73,4472.83,SL_trailing,121.34,-2.61,137.66,40.06,15,6313.0,26.53,0.34,264.41
2025-12-23 08:00:00,2025-12-23 15:19:00,2025-12-29 02:22:00,BUY,4497.34,4497.44,4319.53,4497.44,4497.54,SL_breakeven,-4.34,-4.34,52.28,67.46,16,7863.0,25.9,0.34,260.07
2026-01-05 08:00:00,2026-01-05 08:01:00,2026-01-08 04:00:00,BUY,4414.34,4414.44,4309.62,4447.96,4309.62,MA18_exit,29.18,-4.34,85.91,18.4,18,4079.0,45.9,0.52,289.25
2026-01-09 20:00:00,2026-01-12 01:00:00,2026-01-15 04:00:00,BUY,4516.9,4520.95,4407.48,4599.65,4521.05,MA18_exit,74.36,-4.34,121.75,9.05,20,4500.0,30.56,0.55,363.61
2026-01-20 20:00:00,2026-01-20 20:01:00,2026-01-21 21:46:00,BUY,4762.2,4762.3,4659.24,4762.3,4762.4,SL_breakeven,-0.87,-0.87,125.78,15.25,7,1545.0,31.99,0.51,362.74
2026-01-22 01:00:00,2026-01-22 17:27:00,2026-01-26 05:52:00,BUY,4853.88,4853.98,4755.34,5069.87,5069.97,SL_trailing,214.15,-1.74,238.8,3.78,10,5065.0,42.1,0.51,576.89
2026-01-26 08:00:00,2026-01-26 08:44:00,2026-01-29 01:39:00,BUY,5092.78,5092.88,4899.54,5550.2,5550.3,SL_trailing,452.98,-4.34,483.36,103.08,17,3895.0,51.87,0.52,1029.87
2026-02-10 20:00:00,2026-02-11 12:40:00,2026-02-12 18:13:00,BUY,5078.48,5078.58,4998.69,4998.59,4998.69,SL_initial,-82.6,-2.61,40.23,95.5,8,1773.0,66.58,0.51,947.28
2026-02-18 20:00:00,2026-02-19 08:41:00,2026-02-26 01:00:00,BUY,5010.81,5010.91,4840.1,5157.8,5011.01,MA18_exit,140.81,-6.08,238.67,48.27,29,9619.0,49.17,0.52,1088.09
2026-02-27 20:00:00,2026-02-27 22:21:00,2026-03-03 11:25:00,BUY,5257.4,5257.5,5129.5,5257.5,5257.6,SL_breakeven,-1.74,-1.74,161.38,11.9,10,5104.0,44.03,0.51,1086.35
2026-03-17 20:00:00,2026-03-18 12:35:00,2026-03-19 09:06:00,SELL,4973.5,4973.4,5044.35,4773.78,4773.68,SL_trailing,200.21,0.59,225.38,7.63,6,1231.0,42.78,0.51,1286.56
2026-03-19 12:00:00,2026-03-19 12:20:00,2026-03-20 03:42:00,SELL,4686.64,4686.54,5016.06,4686.54,4686.44,SL_breakeven,0.2,0.2,183.92,14.43,4,922.0,53.03,0.51,1286.76
2026-03-20 16:00:00,2026-03-20 16:00:00,2026-03-23 08:15:00,SELL,4612.62,4612.52,4735.84,4310.31,4310.21,SL_trailing,302.41,0.2,342.04,10.41,5,3855.0,66.58,0.51,1589.17
2026-03-26 16:00:00,2026-03-26 18:21:00,2026-03-27 20:00:00,SELL,4416.34,4416.24,4602.12,4486.99,4602.12,MA18_exit,-70.55,0.2,64.73,139.23,8,1539.0,102.11,0.51,1518.62
2026-04-06 20:00:00,2026-04-06 20:12:00,2026-04-07 12:00:00,SELL,4651.55,4651.45,4699.64,4683.13,4699.64,MA18_exit,-31.48,0.2,34.91,39.48,5,948.0,67.49,0.51,1487.14
2026-04-22 20:00:00,2026-04-23 02:01:00,2026-04-24 20:00:00,SELL,4723.69,4723.59,4772.16,4727.27,4772.16,MA18_exit,-3.48,0.2,65.59,30.52,12,2519.0,38.76,0.54,1483.65
2026-04-27 20:00:00,2026-04-28 05:00:00,2026-04-30 12:00:00,SELL,4667.06,4666.96,4740.0,4616.77,4666.86,MA18_exit,50.98,0.79,156.57,13.18,15,3300.0,35.79,0.52,1534.64
2026-05-04 16:00:00,2026-05-04 18:21:00,2026-05-06 04:00:00,SELL,4525.85,4525.75,4660.06,4619.06,4660.06,MA18_exit,-92.91,0.4,24.58,94.58,10,2019.0,41.02,0.51,1441.72
2026-05-08 12:00:00,2026-05-08 16:30:00,2026-05-11 03:20:00,BUY,4734.35,4734.45,4675.65,4675.55,4675.65,SL_initial,-59.77,-0.87,14.79,58.8,3,3530.0,37.53,0.51,1381.95
2026-05-15 08:00:00,2026-05-15 08:01:00,2026-05-20 20:00:00,SELL,4604.12,4604.02,4718.57,4534.88,4603.92,MA18_exit,69.73,0.59,150.35,1.27,22,7919.0,35.84,0.52,1451.69
2026-05-26 12:00:00,2026-05-26 12:14:00,2026-05-28 08:30:00,SELL,4519.81,4519.71,4580.23,4381.15,4381.05,SL_trailing,139.35,0.79,153.14,21.18,12,2656.0,28.96,0.51,1591.04
2026-06-03 08:00:00,2026-06-03 08:30:00,2026-06-04 08:00:00,SELL,4462.98,4462.88,4541.38,4481.47,4541.38,MA18_exit,-18.0,0.59,38.64,21.48,7,1410.0,34.27,0.52,1573.04
2026-06-05 08:00:00,2026-06-05 09:15:00,2026-06-09 18:45:00,SELL,4434.98,4434.88,4515.18,4280.75,4280.65,SL_trailing,154.53,0.4,171.51,41.28,15,6330.0,33.47,0.51,1727.57
2026-06-09 20:00:00,2026-06-10 01:51:00,2026-06-12 01:00:00,SELL,4236.24,4236.14,4346.62,4212.15,4236.04,MA18_exit,24.78,0.79,212.02,11.26,13,2829.0,43.67,0.55,1752.35
2026-06-18 08:00:00,2026-06-18 08:46:00,2026-06-23 12:06:00,SELL,4306.65,4306.55,4382.12,4112.49,4112.39,SL_trailing,194.65,0.59,215.5,4.21,19,7400.0,40.6,0.52,1947.0
2026-06-23 16:00:00,2026-06-24 01:33:00,2026-06-26 16:00:00,SELL,4103.72,4103.62,4198.44,4059.91,4103.52,MA18_exit,44.5,0.79,144.41,8.87,17,3747.0,41.71,0.55,1991.5
2026-07-08 01:00:00,2026-07-08 11:17:00,2026-07-08 21:49:00,SELL,4091.84,4091.74,4168.2,4091.74,4091.64,SL_breakeven,0.0,0.0,69.71,15.42,4,632.0,34.55,0.51,1991.5
2026-07-09 01:00:00,2026-07-09 06:09:00,2026-07-09 17:04:00,SELL,4059.38,4059.28,4133.69,4133.79,4133.69,SL_initial,-74.51,0.0,4.78,75.92,4,655.0,35.15,0.52,1916.99
2026-07-13 08:00:00,2026-07-13 09:04:00,2026-07-14 16:00:00,SELL,4050.08,4049.98,4120.77,4076.51,4120.77,MA18_exit,-26.33,0.2,66.17,51.31,9,1856.0,37.46,0.51,1890.66
2026-07-15 08:00:00,2026-07-15 08:11:00,2026-07-15 16:00:00,SELL,4027.78,4027.68,4100.78,4068.71,4100.78,MA18_exit,-41.03,0.0,10.01,44.09,3,469.0,34.19,0.52,1849.63
2026-07-16 12:00:00,2026-07-16 14:25:00,2026-07-20 08:00:00,SELL,4022.74,4022.64,4080.94,4019.34,4080.94,MA18_exit,3.7,0.4,62.65,20.93,12,5375.0,36.1,0.51,1853.33
2026-07-23 20:00:00,2026-07-24 04:04:00,2026-07-27 04:00:00,SELL,4039.68,4039.58,4165.77,4100.85,4165.77,MA18_exit,-61.07,0.2,17.4,77.1,7,4316.0,28.48,0.52,1792.26
2026-07-28 20:00:00,2026-07-29 04:04:00,2026-07-29 22:01:00,SELL,4011.34,4011.24,4116.15,4116.25,4116.15,SL_initial,-105.01,0.0,15.07,105.03,5,1077.0,26.25,0.52,1687.25
2026-08-05 20:00:00,2026-08-05 21:23:00,2026-08-12 15:45:00,BUY,4264.92,4265.02,4018.92,4420.98,4421.08,SL_trailing,149.88,-6.08,173.08,41.79,29,9742.0,34.04,0.51,1837.13
2026-08-12 16:00:00,2026-08-12 16:00:00,2026-08-13 12:00:00,BUY,4438.1,4438.2,4360.1,4375.7,4360.1,MA18_exit,-65.11,-2.61,11.26,74.3,6,1200.0,36.86,0.51,1772.02
2026-08-17 08:00:00,2026-08-17 16:57:00,2026-08-18 17:59:00,BUY,4416.23,4416.33,4366.86,4366.76,4366.86,SL_initial,-50.44,-0.87,19.57,52.97,7,1502.0,34.69,0.51,1721.58
2026-08-19 20:00:00,2026-08-19 20:01:00,2026-08-24 16:44:00,BUY,4499.12,4499.22,4323.92,4661.65,4661.75,SL_trailing,158.09,-4.34,181.44,48.86,18,7003.0,36.09,0.51,1879.67
2026-08-24 20:00:00,2026-08-25 02:50:00,2026-08-26 12:00:00,BUY,4680.66,4680.76,4450.36,4628.3,4450.36,MA18_exit,-53.33,-0.87,15.88,75.95,10,1990.0,42.62,0.54,1826.34
2026-09-03 12:00:00,2026-09-03 14:57:00,2026-09-04 16:00:00,BUY,4443.46,4443.56,4282.04,4393.26,4282.04,MA18_exit,-51.17,-0.87,67.08,69.41,8,1503.0,38.04,0.51,1775.18
2026-09-10 01:00:00,2026-09-10 06:00:00,2026-09-10 12:00:00,BUY,4421.42,4421.52,4374.46,4394.46,4374.46,MA18_exit,-27.06,0.0,13.59,29.22,3,360.0,37.3,0.52,1748.12
2026-09-23 16:00:00,2026-09-23 16:42:00,2026-09-25 16:37:00,SELL,4294.46,4294.36,4370.96,4284.69,4370.96,end_of_test,10.46,0.79,49.93,21.69,13,2875.0,31.31,0.51,1758.58
