time_pend,time_in,time_out,side,lots,entry,isl,exit,exit_reason,pnl,swap,mfe_usd,balance
2025-01-06 12:00:00,2025-01-06 15:44:00,2025-01-07 08:00:00,SELL,0.01,2624.94,2665.18,2644.89,MA18_exit,-19.75,0.2,10.24,180.25
2025-01-07 20:00:00,2025-01-08 16:03:00,2025-01-13 16:00:00,BUY,0.01,2663.0,2645.1,2668.98,MA18_exit,1.64,-4.34,34.71,181.89
2025-01-15 16:00:00,2025-01-15 16:00:00,2025-01-20 01:23:00,BUY,0.01,2694.12,2659.64,2694.12,SL_breakeven,-4.34,-4.34,30.44,177.54
2025-01-21 08:00:00,2025-01-21 08:17:00,2025-01-27 08:00:00,BUY,0.01,2729.08,2689.31,2752.88,MA18_exit,18.59,-5.21,56.74,196.13
2025-01-30 08:00:00,2025-01-30 08:56:00,2025-01-31 17:19:00,BUY,0.01,2763.26,2745.0,2811.31,SL_trailing,47.18,-0.87,53.68,243.32
2025-01-31 20:00:00,2025-02-03 16:35:00,2025-02-05 18:05:00,BUY,0.01,2817.04,2790.9,2875.76,SL_trailing,56.98,-1.74,65.18,300.3
2025-02-05 20:00:00,2025-02-07 17:19:00,2025-02-07 20:00:00,BUY,0.01,2882.32,2833.96,2859.8,MA18_exit,-22.52,0.0,4.28,277.78
2025-02-10 08:00:00,2025-02-10 08:00:00,2025-02-12 08:00:00,BUY,0.01,2879.9,2852.08,2886.04,MA18_exit,4.4,-1.74,62.76,282.18
2025-02-13 12:00:00,2025-02-13 14:12:00,2025-02-14 20:00:00,BUY,0.01,2920.38,2863.68,2886.8,MA18_exit,-34.45,-0.87,19.56,247.73
2025-02-18 16:00:00,2025-02-18 16:05:00,2025-02-21 04:00:00,BUY,0.01,2921.24,2891.78,2928.4,MA18_exit,2.82,-4.34,33.52,250.55
2025-03-04 12:00:00,2025-03-04 13:51:00,2025-03-06 12:00:00,BUY,0.01,2921.18,2832.46,2893.98,MA18_exit,-30.67,-3.47,8.57,219.88
2025-03-07 16:00:00,2025-03-07 16:55:00,2025-03-07 20:00:00,BUY,0.01,2926.18,2895.7,2907.84,MA18_exit,-18.34,0.0,4.0,201.54
2025-03-11 16:00:00,2025-03-12 10:58:00,2025-03-14 06:54:00,BUY,0.01,2922.15,2901.82,2985.78,SL_trailing,60.16,-3.47,71.69,261.69
2025-03-14 12:00:00,2025-03-14 12:05:00,2025-03-21 08:00:00,BUY,0.01,2999.4,2932.77,3027.78,MA18_exit,22.3,-6.08,57.84,284.0
2025-03-27 12:00:00,2025-03-27 12:00:00,2025-03-31 05:24:00,BUY,0.01,3041.08,3012.12,3099.92,SL_trailing,57.1,-1.74,65.56,341.1
2025-03-31 08:00:00,2025-03-31 08:53:00,2025-04-01 18:58:00,BUY,0.01,3115.78,3012.12,3115.78,SL_breakeven,-0.87,-0.87,33.06,340.23
2025-04-01 20:00:00,2025-04-02 23:29:00,2025-04-03 13:58:00,BUY,0.01,3137.02,3100.66,3100.56,SL_initial,-39.07,-2.61,30.53,301.16
2025-04-09 12:00:00,2025-04-09 14:18:00,2025-04-11 13:43:00,BUY,0.01,3052.33,2969.6,3218.85,SL_trailing,163.05,-3.47,184.99,464.21
2025-04-11 20:00:00,2025-04-14 05:10:00,2025-04-21 16:34:00,BUY,0.01,3245.12,2969.6,3405.02,SL_trailing,154.69,-5.21,179.1,618.9
2025-04-21 20:00:00,2025-04-21 22:09:00,2025-04-22 15:51:00,BUY,0.01,3430.12,3283.34,3430.12,SL_breakeven,-0.87,-0.87,69.8,618.03
2025-05-05 20:00:00,2025-05-05 22:17:00,2025-05-08 09:33:00,BUY,0.01,3328.52,3222.4,3328.52,SL_breakeven,-4.34,-4.34,109.14,613.69
2025-05-15 08:00:00,2025-05-15 08:32:00,2025-05-15 20:00:00,SELL,0.01,3135.12,3265.4,3222.74,MA18_exit,-87.62,0.0,14.54,526.07
2025-05-22 08:00:00,2025-05-23 14:49:00,2025-05-27 12:00:00,BUY,0.01,3345.3,3278.79,3298.15,MA18_exit,-48.89,-1.74,20.5,477.18
2025-06-02 12:00:00,2025-06-02 14:39:00,2025-06-05 20:00:00,BUY,0.01,3358.85,3271.1,3354.02,MA18_exit,-9.17,-4.34,44.33,468.01
2025-06-11 20:00:00,2025-06-11 21:22:00,2025-06-16 01:00:00,BUY,0.01,3344.44,3315.24,3440.4,SL_trailing,91.62,-4.34,106.62,559.63
2025-06-27 16:00:00,2025-06-27 16:00:00,2025-07-01 01:00:00,SELL,0.01,3269.22,3350.02,3303.33,MA18_exit,-33.72,0.4,23.97,525.91
2025-07-07 08:00:00,2025-07-07 10:45:00,2025-07-08 01:00:00,SELL,0.01,3304.9,3344.9,3338.93,MA18_exit,-33.83,0.2,8.32,492.08
2025-07-09 01:00:00,2025-07-09 02:35:00,2025-07-10 01:00:00,SELL,0.01,3299.0,3345.55,3313.38,MA18_exit,-13.79,0.59,16.2,478.29
2025-07-21 20:00:00,2025-07-22 02:22:00,2025-07-23 18:57:00,BUY,0.01,3401.44,3344.8,3401.44,SL_breakeven,-0.87,-0.87,37.22,477.42
2025-07-30 20:00:00,2025-07-30 21:39:00,2025-08-01 15:37:00,SELL,0.01,3288.32,3333.91,3334.01,SL_initial,-44.9,0.79,19.98,432.52
2025-08-07 08:00:00,2025-08-07 09:42:00,2025-08-11 04:00:00,BUY,0.01,3384.1,3358.02,3381.34,MA18_exit,-4.5,-1.74,24.58,428.03
2025-08-18 20:00:00,2025-08-18 20:02:00,2025-08-20 16:00:00,SELL,0.01,3331.51,3358.22,3343.1,MA18_exit,-11.2,0.4,19.86,416.83
2025-08-22 12:00:00,2025-08-22 15:12:00,2025-08-22 17:01:00,SELL,0.01,3325.06,3347.94,3348.04,SL_initial,-22.98,0.0,3.68,393.85
2025-08-26 08:00:00,2025-08-26 18:41:00,2025-08-29 23:03:00,BUY,0.01,3384.58,3359.5,3446.19,SL_trailing,57.27,-4.34,68.98,451.12
2025-09-01 01:00:00,2025-09-01 04:58:00,2025-09-02 20:04:00,BUY,0.01,3453.66,3404.18,3521.91,SL_trailing,67.38,-0.87,74.9,518.5
2025-09-03 01:00:00,2025-09-03 03:23:00,2025-09-04 05:37:00,BUY,0.01,3539.95,3469.8,3539.95,SL_breakeven,-2.61,-2.61,38.23,515.89
2025-09-04 08:00:00,2025-09-05 15:30:00,2025-09-09 17:03:00,BUY,0.01,3563.25,3510.42,3663.07,SL_trailing,98.08,-1.74,110.39,613.97
2025-09-15 20:00:00,2025-09-16 03:32:00,2025-09-17 12:00:00,BUY,0.01,3685.44,3626.15,3664.58,MA18_exit,-21.73,-0.87,17.39,592.25
2025-09-17 20:00:00,2025-09-17 21:00:00,2025-09-17 21:01:00,BUY,0.01,3688.45,3678.62,3678.52,SL_initial,-9.93,0.0,8.47,582.32
2025-09-22 08:00:00,2025-09-22 08:22:00,2025-09-24 20:00:00,BUY,0.01,3697.4,3631.94,3735.5,MA18_exit,36.36,-1.74,93.46,618.68
2025-09-29 08:00:00,2025-09-29 08:05:00,2025-09-30 11:37:00,BUY,0.01,3808.84,3721.92,3808.84,SL_breakeven,-0.87,-0.87,62.66,617.81
2025-09-30 12:00:00,2025-10-01 05:05:00,2025-10-02 20:00:00,BUY,0.01,3871.6,3792.88,3844.44,MA18_exit,-29.77,-2.61,25.36,588.05
2025-10-03 20:00:00,2025-10-06 01:04:00,2025-10-08 09:17:00,BUY,0.01,3891.58,3837.78,4022.84,SL_trailing,129.52,-1.74,145.2,717.57
2025-10-13 20:00:00,2025-10-14 02:28:00,2025-10-16 21:15:00,BUY,0.01,4117.1,3943.79,4278.37,SL_trailing,157.8,-3.47,181.3,875.37
2025-10-17 08:00:00,2025-10-17 08:00:00,2025-10-17 20:00:00,BUY,0.01,4377.1,4089.8,4204.44,MA18_exit,-172.66,0.0,1.36,702.71
2025-10-20 20:00:00,2025-10-20 21:29:00,2025-10-21 12:00:00,BUY,0.01,4355.44,4185.42,4273.74,MA18_exit,-82.57,-0.87,25.86,620.14
2025-10-30 16:00:00,2025-10-30 16:04:00,2025-11-04 04:00:00,BUY,0.01,4000.7,3915.06,3987.1,MA18_exit,-16.21,-2.61,42.14,603.93
2025-11-11 20:00:00,2025-11-12 01:40:00,2025-11-14 12:00:00,BUY,0.01,4143.06,3983.86,4169.0,MA18_exit,22.47,-3.47,101.86,626.4
2025-11-26 01:00:00,2025-11-26 03:41:00,2025-12-02 12:00:00,BUY,0.01,4150.76,4109.42,4191.59,MA18_exit,35.62,-5.21,113.62,662.02
2025-12-11 08:00:00,2025-12-11 16:37:00,2025-12-12 17:04:00,BUY,0.01,4240.66,4181.56,4341.26,SL_trailing,99.73,-0.87,112.66,761.75
2025-12-17 20:00:00,2025-12-18 18:10:00,2025-12-23 03:23:00,BUY,0.01,4348.78,4306.3,4472.73,SL_trailing,121.34,-2.61,137.66,883.09
2025-12-23 08:00:00,2025-12-23 15:19:00,2025-12-29 02:22:00,BUY,0.01,4497.44,4319.53,4497.44,SL_breakeven,-4.34,-4.34,52.28,878.75
2026-01-05 08:00:00,2026-01-05 08:01:00,2026-01-08 04:00:00,BUY,0.01,4414.44,4309.62,4447.96,MA18_exit,29.18,-4.34,85.91,907.93
2026-01-09 20:00:00,2026-01-12 01:00:00,2026-01-15 04:00:00,BUY,0.01,4520.95,4407.48,4599.65,MA18_exit,74.36,-4.34,121.75,982.29
2026-01-20 20:00:00,2026-01-20 20:01:00,2026-01-21 21:46:00,BUY,0.01,4762.3,4659.24,4762.3,SL_breakeven,-0.87,-0.87,125.78,981.42
2026-01-22 01:00:00,2026-01-22 17:27:00,2026-01-26 05:52:00,BUY,0.01,4853.98,4755.34,5069.87,SL_trailing,214.15,-1.74,238.8,1195.57
2026-01-26 08:00:00,2026-01-26 08:44:00,2026-01-29 01:39:00,BUY,0.01,5092.88,4899.54,5550.2,SL_trailing,452.98,-4.34,483.36,1648.55
2026-02-10 20:00:00,2026-02-11 12:40:00,2026-02-12 18:13:00,BUY,0.01,5078.58,4998.69,4998.59,SL_initial,-82.6,-2.61,40.23,1565.96
2026-02-18 20:00:00,2026-02-19 08:41:00,2026-02-26 01:00:00,BUY,0.01,5010.91,4840.1,5157.8,MA18_exit,140.81,-6.08,238.67,1706.77
2026-02-27 20:00:00,2026-02-27 22:21:00,2026-03-03 11:25:00,BUY,0.01,5257.5,5129.5,5257.5,SL_breakeven,-1.74,-1.74,161.38,1705.03
2026-03-17 20:00:00,2026-03-18 12:35:00,2026-03-19 09:06:00,SELL,0.01,4973.4,5044.35,4773.78,SL_trailing,200.21,0.59,225.38,1905.24
2026-03-19 12:00:00,2026-03-19 12:20:00,2026-03-20 03:42:00,SELL,0.01,4686.54,5016.06,4686.54,SL_breakeven,0.2,0.2,183.92,1905.44
2026-03-20 16:00:00,2026-03-20 16:00:00,2026-03-23 08:15:00,SELL,0.01,4612.52,4735.84,4310.31,SL_trailing,302.41,0.2,342.04,2207.85
2026-03-26 16:00:00,2026-03-26 18:21:00,2026-03-27 20:00:00,SELL,0.01,4416.24,4602.12,4486.99,MA18_exit,-70.55,0.2,64.73,2137.3
2026-04-06 20:00:00,2026-04-06 20:12:00,2026-04-07 12:00:00,SELL,0.01,4651.45,4699.64,4683.13,MA18_exit,-31.48,0.2,34.91,2105.82
2026-04-22 20:00:00,2026-04-23 02:01:00,2026-04-24 20:00:00,SELL,0.01,4723.59,4772.16,4727.27,MA18_exit,-3.48,0.2,65.59,2102.33
2026-04-27 20:00:00,2026-04-28 05:00:00,2026-04-30 12:00:00,SELL,0.01,4666.96,4740.0,4616.77,MA18_exit,50.98,0.79,156.57,2153.32
2026-05-04 16:00:00,2026-05-04 18:21:00,2026-05-06 04:00:00,SELL,0.01,4525.75,4660.06,4619.06,MA18_exit,-92.91,0.4,24.58,2060.4
2026-05-08 12:00:00,2026-05-08 16:30:00,2026-05-11 03:20:00,BUY,0.01,4734.45,4675.65,4675.55,SL_initial,-59.77,-0.87,14.79,2000.63
2026-05-15 08:00:00,2026-05-15 08:01:00,2026-05-20 20:00:00,SELL,0.01,4604.02,4718.57,4534.88,MA18_exit,69.73,0.59,150.35,2070.37
2026-05-26 12:00:00,2026-05-26 12:14:00,2026-05-28 08:30:00,SELL,0.01,4519.71,4580.23,4381.15,SL_trailing,139.35,0.79,153.14,2209.72
2026-06-03 08:00:00,2026-06-03 08:30:00,2026-06-04 08:00:00,SELL,0.01,4462.88,4541.38,4481.47,MA18_exit,-18.0,0.59,38.64,2191.72
2026-06-05 08:00:00,2026-06-05 09:15:00,2026-06-09 18:45:00,SELL,0.01,4434.88,4515.18,4280.75,SL_trailing,154.53,0.4,171.51,2346.25
2026-06-09 20:00:00,2026-06-10 01:51:00,2026-06-12 01:00:00,SELL,0.01,4236.14,4346.62,4212.15,MA18_exit,24.78,0.79,212.02,2371.03
2026-06-18 08:00:00,2026-06-18 08:46:00,2026-06-23 12:06:00,SELL,0.01,4306.55,4382.12,4112.49,SL_trailing,194.65,0.59,215.5,2565.68
2026-06-23 16:00:00,2026-06-24 01:33:00,2026-06-26 16:00:00,SELL,0.01,4103.62,4198.44,4059.91,MA18_exit,44.5,0.79,144.41,2610.18
2026-07-08 01:00:00,2026-07-08 11:17:00,2026-07-08 21:49:00,SELL,0.01,4091.74,4168.2,4091.74,SL_breakeven,0.0,0.0,69.71,2610.18
2026-07-09 01:00:00,2026-07-09 06:09:00,2026-07-09 17:04:00,SELL,0.01,4059.28,4133.69,4133.79,SL_initial,-74.51,0.0,4.78,2535.67
2026-07-13 08:00:00,2026-07-13 09:04:00,2026-07-14 16:00:00,SELL,0.01,4049.98,4120.77,4076.51,MA18_exit,-26.33,0.2,66.17,2509.34
2026-07-15 08:00:00,2026-07-15 08:11:00,2026-07-15 16:00:00,SELL,0.01,4027.68,4100.78,4068.71,MA18_exit,-41.03,0.0,10.01,2468.31
2026-07-16 12:00:00,2026-07-16 14:25:00,2026-07-20 08:00:00,SELL,0.01,4022.64,4080.94,4019.34,MA18_exit,3.7,0.4,62.65,2472.01
2026-07-23 20:00:00,2026-07-24 04:04:00,2026-07-27 04:00:00,SELL,0.01,4039.58,4165.77,4100.85,MA18_exit,-61.07,0.2,17.4,2410.94
2026-07-28 20:00:00,2026-07-29 04:04:00,2026-07-29 22:01:00,SELL,0.01,4011.24,4116.15,4116.25,SL_initial,-105.01,0.0,15.07,2305.93
2026-08-05 20:00:00,2026-08-05 21:23:00,2026-08-12 15:45:00,BUY,0.01,4265.02,4018.92,4420.98,SL_trailing,149.88,-6.08,173.08,2455.81
2026-08-12 16:00:00,2026-08-12 16:00:00,2026-08-13 12:00:00,BUY,0.01,4438.2,4360.1,4375.7,MA18_exit,-65.11,-2.61,11.26,2390.7
2026-08-17 08:00:00,2026-08-17 16:57:00,2026-08-18 17:59:00,BUY,0.01,4416.33,4366.86,4366.76,SL_initial,-50.44,-0.87,19.57,2340.26
2026-08-19 20:00:00,2026-08-19 20:01:00,2026-08-24 16:44:00,BUY,0.01,4499.22,4323.92,4661.65,SL_trailing,158.09,-4.34,181.44,2498.35
2026-08-24 20:00:00,2026-08-25 02:50:00,2026-08-26 12:00:00,BUY,0.01,4680.76,4450.36,4628.3,MA18_exit,-53.33,-0.87,15.88,2445.02
2026-09-03 12:00:00,2026-09-03 14:57:00,2026-09-04 16:00:00,BUY,0.01,4443.56,4282.04,4393.26,MA18_exit,-51.17,-0.87,67.08,2393.85
2026-09-10 01:00:00,2026-09-10 06:00:00,2026-09-10 12:00:00,BUY,0.01,4421.52,4374.46,4394.46,MA18_exit,-27.06,0.0,13.59,2366.79
2026-09-23 16:00:00,2026-09-23 16:42:00,2026-09-25 16:37:00,SELL,0.01,4294.36,4370.96,4284.69,end_of_test,10.46,0.79,49.93,2377.26
