t_in,side,lots_in,entry,swap,pnl,comm,t_out,n_exits,last_exit,exit_kind,year,bal
2023-01-04 09:11:16,BUY,0.01,1850.0,0.0,-11.84,0.0,2023-01-05 15:53:20,1,1838.16,SL,2023,188.16
2023-01-06 20:29:15,BUY,0.01,1865.06,0.0,8.73,0.0,2023-01-11 20:00:00,1,1873.79,EA_close,2023,196.89
2023-01-13 10:07:37,BUY,0.01,1901.61,0.0,4.99,0.0,2023-01-17 12:00:00,1,1906.6,EA_close,2023,201.88
2023-01-18 16:06:15,BUY,0.01,1924.28,0.0,-18.85,0.0,2023-01-18 20:00:00,1,1905.43,EA_close,2023,183.03
2023-01-19 16:00:27,BUY,0.01,1913.45,0.0,0.08,0.0,2023-01-23 16:45:37,1,1913.53,SL,2023,183.11
2023-01-23 20:10:05,BUY,0.01,1926.27,0.0,-5.61,0.0,2023-01-24 17:00:42,1,1920.66,SL,2023,177.5
2023-01-24 21:18:03,BUY,0.01,1936.65,0.0,-9.13,0.0,2023-01-25 08:00:00,1,1927.52,EA_close,2023,168.37
2023-02-01 21:39:42,BUY,0.01,1933.2,0.0,0.09,0.0,2023-02-02 16:48:31,1,1933.29,SL,2023,168.46
2023-02-10 18:23:38,SELL,0.01,1857.57,0.0,-5.13,0.0,2023-02-14 12:00:00,1,1862.7,EA_close,2023,163.32999999999998
2023-02-15 15:33:42,SELL,0.01,1831.81,0.0,-9.19,0.0,2023-02-17 20:00:00,1,1841.0,EA_close,2023,154.14
2023-02-22 20:46:29,SELL,0.01,1830.2,0.0,4.8,0.0,2023-02-28 17:06:40,1,1825.4,SL,2023,158.94
2023-03-07 16:02:05,SELL,0.01,1833.4,0.0,8.14,0.0,2023-03-09 16:00:00,1,1825.26,EA_close,2023,167.07999999999998
2023-03-15 13:30:42,BUY,0.01,1913.47,0.0,51.94,0.0,2023-03-21 10:06:53,1,1965.41,SL,2023,219.01999999999998
2023-03-23 15:56:27,BUY,0.01,1983.57,0.0,-9.84,0.0,2023-03-27 04:00:00,1,1973.73,EA_close,2023,209.18
2023-03-30 18:58:15,BUY,0.01,1975.3,0.0,-7.49,0.0,2023-04-03 01:02:00,1,1967.81,EA_close,2023,201.69
2023-04-04 16:42:19,BUY,0.01,1990.51,0.0,5.01,0.0,2023-04-10 01:03:00,1,1995.52,SL,2023,206.7
2023-04-12 15:30:40,BUY,0.01,2021.24,0.0,0.09,0.0,2023-04-14 15:45:25,1,2021.33,SL,2023,206.79
2023-04-25 20:24:25,BUY,0.01,1993.66,0.0,-7.04,0.0,2023-04-26 20:00:00,1,1986.62,EA_close,2023,199.75
2023-05-03 07:07:29,BUY,0.01,2019.39,0.0,21.94,0.0,2023-05-04 05:36:37,1,2041.33,SL,2023,221.69
2023-05-04 16:47:37,BUY,0.01,2045.39,0.0,-5.23,0.0,2023-05-05 10:35:37,1,2040.16,SL,2023,216.46
2023-05-18 15:30:30,SELL,0.01,1972.2,0.0,0.09,0.0,2023-05-19 18:16:40,1,1972.11,SL,2023,216.55
2023-05-25 15:31:40,SELL,0.01,1954.89,0.0,0.08,0.0,2023-05-26 10:40:24,1,1954.81,SL,2023,216.63
2023-05-26 17:34:38,SELL,0.01,1944.22,0.0,-0.86,0.0,2023-05-30 12:00:00,1,1945.08,EA_close,2023,215.76999999999998
2023-06-13 20:50:27,SELL,0.01,1942.01,0.0,-15.19,0.0,2023-06-14 16:00:00,1,1957.2,EA_close,2023,200.57999999999998
2023-06-15 14:39:19,SELL,0.01,1928.94,0.0,-23.56,0.0,2023-06-15 16:56:30,1,1952.5,SL,2023,177.01999999999998
2023-06-20 15:48:31,SELL,0.01,1946.9,0.0,17.84,0.0,2023-06-23 16:00:00,1,1929.06,EA_close,2023,194.85999999999999
2023-06-28 12:47:31,SELL,0.01,1908.2,0.0,0.1,0.0,2023-06-29 17:12:25,1,1908.1,SL,2023,194.96
2023-07-06 15:18:30,SELL,0.01,1916.22,0.0,0.1,0.0,2023-07-07 10:31:35,1,1916.12,SL,2023,195.06
2023-07-14 02:05:34,BUY,0.01,1961.93,0.0,-7.35,0.0,2023-07-17 04:00:00,1,1954.58,EA_close,2023,187.71
2023-07-18 13:46:25,BUY,0.01,1964.13,0.0,2.18,0.0,2023-07-20 17:43:39,1,1966.31,SL,2023,189.89
2023-07-26 12:00:13,BUY,0.01,1972.49,0.0,-11.5,0.0,2023-07-27 15:50:27,1,1960.99,SL,2023,178.39
2023-08-08 14:01:39,SELL,0.01,1930.15,0.0,0.1,0.0,2023-08-10 15:31:39,1,1930.05,SL,2023,178.49
2023-08-11 16:36:40,SELL,0.01,1913.06,0.0,15.8,0.0,2023-08-21 16:00:00,1,1897.26,EA_close,2023,194.29
2023-09-01 15:14:35,BUY,0.01,1946.35,0.0,-4.72,0.0,2023-09-01 16:50:28,1,1941.63,SL,2023,189.57
2023-09-11 02:04:26,SELL,0.01,1917.24,0.0,-6.32,0.0,2023-09-11 05:14:23,1,1923.56,SL,2023,183.25
2023-09-12 16:00:37,SELL,0.01,1908.59,0.0,-7.7,0.0,2023-09-15 08:00:00,1,1916.29,EA_close,2023,175.55
2023-09-20 16:38:28,BUY,0.01,1936.35,0.0,0.1,0.0,2023-09-20 22:33:39,1,1936.45,SL,2023,175.65
2023-09-27 12:40:05,SELL,0.01,1895.02,0.0,18.25,0.0,2023-09-29 16:10:40,1,1876.77,SL,2023,193.9
2023-09-29 20:03:05,SELL,0.01,1852.17,0.0,24.42,0.0,2023-10-05 08:00:00,1,1827.75,EA_close,2023,218.32
2023-10-17 16:47:19,BUY,0.01,1929.02,0.0,35.99,0.0,2023-10-23 03:53:37,1,1965.01,SL,2023,254.31
2023-10-26 06:44:31,BUY,0.01,1987.17,0.0,-6.84,0.0,2023-10-27 16:00:00,1,1980.33,EA_close,2023,247.47
2023-10-30 15:12:28,BUY,0.01,2000.7,0.0,-16.58,0.0,2023-10-31 20:00:00,1,1984.12,EA_close,2023,230.89
2023-11-14 16:12:41,BUY,0.01,1959.19,0.0,0.1,0.0,2023-11-15 16:51:27,1,1959.29,SL,2023,230.99
2023-11-16 08:44:25,BUY,0.01,1966.64,0.0,5.58,0.0,2023-11-20 13:42:41,1,1972.22,SL,2023,236.57
2023-11-21 15:20:25,BUY,0.01,1994.25,0.0,-1.53,0.0,2023-11-23 16:00:00,1,1992.72,EA_close,2023,235.04
2023-11-27 02:09:36,BUY,0.01,2003.52,0.0,28.01,0.0,2023-11-30 16:42:39,1,2031.53,SL,2023,263.05
2023-12-01 02:10:35,BUY,0.01,2041.36,0.0,-6.07,0.0,2023-12-01 14:48:37,1,2035.29,SL,2023,256.98
2023-12-22 01:02:00,BUY,0.01,2047.46,0.0,19.33,0.0,2023-12-29 01:02:00,1,2066.79,EA_close,2023,276.31
2024-01-10 20:21:38,SELL,0.01,2022.08,0.0,-7.74,0.0,2024-01-11 04:00:00,1,2029.82,EA_close,2024,268.57
2024-01-18 15:30:36,SELL,0.01,2008.11,0.0,-16.01,0.0,2024-01-19 04:00:00,1,2024.12,EA_close,2024,252.56
2024-02-09 16:03:39,SELL,0.01,2025.55,0.0,-1.3,0.0,2024-02-13 12:00:00,1,2026.85,EA_close,2024,251.26
2024-02-14 03:15:16,SELL,0.01,1990.0,0.0,-14.1,0.0,2024-02-15 15:30:39,1,2004.1,SL,2024,237.16
2024-02-27 10:23:28,BUY,0.01,2036.95,0.0,-6.91,0.0,2024-02-28 01:02:00,1,2030.04,EA_close,2024,230.25
2024-02-29 09:43:38,BUY,0.01,2037.93,0.0,-9.18,0.0,2024-02-29 14:20:36,1,2028.75,SL,2024,221.07
2024-02-29 16:00:26,BUY,0.01,2048.65,0.0,112.95,0.0,2024-03-12 14:30:38,1,2161.6,SL,2024,334.02
2024-03-15 12:01:40,BUY,0.01,2172.67,0.0,-13.39,0.0,2024-03-15 14:40:42,1,2159.28,SL,2024,320.63
2024-03-20 20:00:41,BUY,0.01,2164.84,0.0,29.72,0.0,2024-03-21 15:53:25,1,2194.56,SL,2024,350.35
2024-03-28 07:50:21,BUY,0.01,2200.02,0.0,28.56,0.0,2024-04-01 17:41:41,1,2228.58,SL,2024,378.91
2024-04-02 07:46:20,BUY,0.01,2257.91,0.0,20.0,0.0,2024-04-05 08:00:00,1,2277.91,EA_close,2024,398.91
2024-04-05 16:18:29,BUY,0.01,2296.01,0.0,42.4,0.0,2024-04-10 16:00:00,1,2338.41,EA_close,2024,441.31000000000006
2024-04-12 09:59:42,BUY,0.01,2395.36,0.0,0.1,0.0,2024-04-12 18:28:04,1,2395.46,SL,2024,441.41
2024-04-16 18:04:30,BUY,0.01,2389.01,0.0,-21.7,0.0,2024-04-17 19:43:40,1,2367.31,SL,2024,419.71000000000004
2024-04-18 16:00:28,BUY,0.01,2387.48,0.0,-9.17,0.0,2024-04-19 01:02:00,1,2378.31,EA_close,2024,410.5400000000001
2024-04-19 18:03:28,BUY,0.01,2393.86,0.0,-24.29,0.0,2024-04-22 06:01:36,1,2369.57,SL,2024,386.25000000000006
2024-04-25 17:35:02,BUY,0.01,2334.68,0.0,5.36,0.0,2024-04-25 17:36:02,1,2340.04,SL,2024,391.61000000000007
2024-04-26 10:20:37,BUY,0.01,2344.83,0.0,-18.36,0.0,2024-04-30 08:00:00,1,2326.47,EA_close,2024,373.25000000000006
2024-05-09 22:36:27,BUY,0.01,2338.77,0.0,3.86,0.0,2024-05-13 11:39:40,1,2342.63,SL,2024,377.11000000000007
2024-05-15 12:01:13,BUY,0.01,2374.3,0.0,0.09,0.0,2024-05-16 16:19:31,1,2374.39,SL,2024,377.20000000000005
2024-05-17 09:13:04,BUY,0.01,2383.75,0.0,28.43,0.0,2024-05-20 15:42:27,1,2412.18,SL,2024,405.6300000000001
2024-05-30 03:37:27,SELL,0.01,2334.38,0.0,-17.53,0.0,2024-05-30 17:20:15,1,2351.91,SL,2024,388.1000000000001
2024-06-04 16:57:18,SELL,0.01,2325.28,0.0,-12.85,0.0,2024-06-05 08:00:00,1,2338.13,EA_close,2024,375.2500000000001
2024-06-07 03:20:14,BUY,0.01,2378.46,0.0,-28.23,0.0,2024-06-07 11:33:38,1,2350.23,SL,2024,347.0200000000001
2024-06-11 05:11:39,SELL,0.01,2300.36,0.0,-13.46,0.0,2024-06-11 15:19:41,1,2313.82,SL,2024,333.56000000000006
2024-06-25 18:31:26,SELL,0.01,2318.94,0.0,0.09,0.0,2024-06-27 15:02:39,1,2318.85,SL,2024,333.6500000000001
2024-07-05 08:48:41,BUY,0.01,2364.64,0.0,0.1,0.0,2024-07-08 18:44:19,1,2364.74,SL,2024,333.7500000000001
2024-07-11 15:30:28,BUY,0.01,2386.68,0.0,6.59,0.0,2024-07-12 15:31:28,1,2393.27,SL,2024,340.3400000000001
2024-07-12 17:05:42,BUY,0.01,2408.25,0.0,35.56,0.0,2024-07-18 22:09:31,1,2443.81,SL,2024,375.9000000000001
2024-07-24 09:02:42,BUY,0.01,2418.35,0.0,-7.2,0.0,2024-07-24 20:51:38,1,2411.15,SL,2024,368.7000000000001
2024-07-29 16:25:31,BUY,0.01,2396.25,0.0,-5.62,0.0,2024-07-29 16:47:41,1,2390.63,SL,2024,363.0800000000001
2024-07-30 13:56:42,BUY,0.01,2392.01,0.0,44.36,0.0,2024-08-02 17:43:30,1,2436.37,SL,2024,407.4400000000001
2024-08-08 20:29:40,BUY,0.01,2424.33,0.0,20.17,0.0,2024-08-14 18:45:19,1,2444.5,SL,2024,427.6100000000001
2024-08-16 16:00:04,BUY,0.01,2492.38,0.0,14.67,0.0,2024-08-21 20:00:00,1,2507.05,EA_close,2024,442.2800000000001
2024-08-26 13:21:16,BUY,0.01,2525.76,0.0,-14.26,0.0,2024-08-28 08:00:00,1,2511.5,EA_close,2024,428.0200000000001
2024-08-29 12:51:20,BUY,0.01,2521.18,0.0,-11.99,0.0,2024-08-29 16:00:00,1,2509.19,EA_close,2024,416.0300000000001
2024-09-06 15:30:42,BUY,0.01,2523.46,0.0,-29.46,0.0,2024-09-06 19:15:39,1,2494.0,SL,2024,386.5700000000001
2024-09-11 02:57:21,BUY,0.01,2518.47,0.0,44.59,0.0,2024-09-17 20:00:00,1,2563.06,EA_close,2024,431.1600000000001
2024-09-20 08:32:41,BUY,0.01,2594.86,0.0,56.26,0.0,2024-09-27 17:58:42,1,2651.12,SL,2024,487.42000000000013
2024-10-11 16:34:38,BUY,0.01,2650.1,0.0,76.61,0.0,2024-10-23 17:13:38,1,2726.71,SL,2024,564.0300000000002
2024-10-29 02:31:36,BUY,0.01,2745.91,0.0,11.04,0.0,2024-10-31 15:50:32,1,2756.95,SL,2024,575.0700000000002
2024-11-11 12:57:19,SELL,0.01,2663.77,0.0,77.84,0.0,2024-11-18 03:22:18,1,2585.93,SL,2024,652.9100000000002
2024-12-11 20:04:40,BUY,0.01,2719.96,0.0,-36.18,0.0,2024-12-12 16:27:41,1,2683.78,SL,2024,616.7300000000002
2024-12-18 21:00:27,SELL,0.01,2632.98,0.0,11.97,0.0,2024-12-19 09:26:30,1,2621.01,SL,2024,628.7000000000003
2024-12-19 15:02:41,SELL,0.01,2603.27,0.0,-19.05,0.0,2024-12-20 17:12:37,1,2622.32,SL,2024,609.6500000000002
2024-12-30 16:00:20,SELL,0.01,2606.43,0.0,-18.4,0.0,2024-12-31 17:40:42,1,2624.83,SL,2024,591.2500000000002
2025-01-06 15:44:39,SELL,0.01,2625.16,0.0,-4.9,0.0,2025-01-06 16:07:42,1,2630.06,SL,2025,586.3500000000003
2025-01-08 16:03:30,BUY,0.01,2662.95,0.0,4.64,0.0,2025-01-13 14:30:40,1,2667.59,SL,2025,590.9900000000002
2025-01-15 16:00:21,BUY,0.01,2694.13,0.0,0.07,0.0,2025-01-20 01:23:36,1,2694.2,SL,2025,591.0600000000002
2025-01-21 08:18:38,BUY,0.01,2729.11,0.0,24.02,0.0,2025-01-27 08:00:00,1,2753.13,EA_close,2025,615.0800000000002
2025-01-30 16:00:00,BUY,0.01,2786.01,0.0,1.3,0.0,2025-02-03 01:32:04,1,2787.31,SL,2025,616.3800000000002
2025-02-03 13:03:38,BUY,0.01,2800.96,0.0,36.08,0.0,2025-02-06 17:07:32,1,2837.04,SL,2025,652.4600000000003
2025-02-07 02:04:15,BUY,0.01,2859.69,0.0,0.25,0.0,2025-02-07 20:00:00,1,2859.94,EA_close,2025,652.7100000000003
2025-02-10 12:00:04,BUY,0.01,2903.13,0.0,0.08,0.0,2025-02-11 11:59:39,1,2903.21,SL,2025,652.7900000000002
2025-02-13 14:12:40,BUY,0.01,2920.39,0.0,-28.18,0.0,2025-02-14 18:30:16,1,2892.21,SL,2025,624.6100000000001
2025-02-18 20:51:35,BUY,0.01,2933.72,0.0,-5.31,0.0,2025-02-21 04:00:00,1,2928.41,EA_close,2025,619.3000000000002
2025-03-05 17:36:42,BUY,0.01,2922.99,0.0,-28.82,0.0,2025-03-06 12:00:00,1,2894.17,EA_close,2025,590.4800000000002
2025-03-07 16:55:30,BUY,0.01,2926.34,0.0,-18.23,0.0,2025-03-07 20:00:00,1,2908.11,EA_close,2025,572.2500000000002
2025-03-12 10:59:37,BUY,0.01,2922.22,0.0,105.86,0.0,2025-03-21 08:00:00,1,3028.08,EA_close,2025,678.1100000000001
2025-03-25 16:02:32,BUY,0.01,3030.66,0.0,-9.5,0.0,2025-03-26 01:02:00,1,3021.16,EA_close,2025,668.6100000000001
2025-03-27 12:00:41,BUY,0.01,3041.01,0.0,61.54,0.0,2025-04-03 13:35:20,1,3102.55,SL,2025,730.1500000000002
2025-04-09 14:18:39,BUY,0.01,3052.37,0.0,236.94,0.0,2025-04-17 17:35:30,1,3289.31,SL,2025,967.0900000000001
2025-04-21 01:02:00,BUY,0.01,3333.57,0.0,73.1,0.0,2025-04-22 19:02:04,1,3406.67,SL,2025,1040.19
2025-05-05 17:05:38,BUY,0.02,3322.53,0.0,80.55,0.0,2025-05-08 09:00:04,2,3353.0,SL,2025,1120.7400000000002
2025-05-15 08:32:39,SELL,0.02,3135.49,0.0,-125.1,0.0,2025-05-15 18:09:39,2,3210.59,SL,2025,995.6400000000001
2025-05-23 14:49:32,BUY,0.01,3345.47,0.0,-41.13,0.0,2025-05-27 10:03:13,1,3304.34,SL,2025,954.5100000000001
2025-06-02 14:39:14,BUY,0.01,3359.0,0.0,-17.26,0.0,2025-06-05 18:54:27,1,3341.74,SL,2025,937.2500000000001
2025-06-12 01:10:38,BUY,0.01,3360.66,0.0,38.73,0.0,2025-06-16 20:00:00,1,3399.39,EA_close,2025,975.9800000000001
2025-06-27 16:00:29,SELL,0.01,3269.45,0.0,-29.53,0.0,2025-06-30 21:18:39,1,3298.98,SL,2025,946.4500000000002
2025-07-07 10:45:35,SELL,0.01,3305.26,0.0,-35.68,0.0,2025-07-08 01:02:00,1,3340.94,EA_close,2025,910.7700000000002
2025-07-08 12:00:03,SELL,0.01,3323.24,0.0,-5.1,0.0,2025-07-08 16:00:00,1,3328.34,EA_close,2025,905.6700000000002
2025-07-09 11:20:35,SELL,0.01,3284.95,0.0,-30.17,0.0,2025-07-10 01:02:00,1,3315.12,EA_close,2025,875.5000000000002
2025-07-17 12:53:39,SELL,0.01,3325.12,0.0,-14.9,0.0,2025-07-18 04:00:00,1,3340.02,EA_close,2025,860.6000000000003
2025-07-22 02:22:33,BUY,0.01,3401.53,0.0,0.07,0.0,2025-07-23 18:57:30,1,3401.6,SL,2025,860.6700000000003
2025-07-30 21:39:43,SELL,0.01,3288.49,0.0,-26.77,0.0,2025-08-01 15:31:15,1,3315.26,SL,2025,833.9000000000003
2025-08-07 09:42:14,BUY,0.01,3384.1,0.0,-2.48,0.0,2025-08-11 04:00:00,1,3381.62,EA_close,2025,831.4200000000003
2025-08-18 20:03:30,SELL,0.01,3331.74,0.0,-12.75,0.0,2025-08-20 15:58:11,1,3344.49,SL,2025,818.6700000000003
2025-08-22 15:12:02,SELL,0.01,3325.23,0.0,-18.03,0.0,2025-08-22 17:00:03,1,3343.26,SL,2025,800.6400000000003
2025-08-26 18:42:53,BUY,0.01,3384.95,0.0,131.89,0.0,2025-09-04 06:12:31,1,3516.84,SL,2025,932.5300000000003
2025-09-05 15:30:02,BUY,0.01,3564.99,0.0,65.61,0.0,2025-09-11 08:00:00,1,3630.6,EA_close,2025,998.1400000000003
2025-09-12 16:41:50,BUY,0.01,3652.25,0.0,-18.73,0.0,2025-09-15 04:00:00,1,3633.52,EA_close,2025,979.4100000000003
2025-09-15 16:00:02,BUY,0.01,3651.14,0.0,13.7,0.0,2025-09-17 12:00:00,1,3664.84,EA_close,2025,993.1100000000004
2025-09-17 21:00:01,BUY,0.01,3693.31,0.0,-14.56,0.0,2025-09-17 21:01:06,1,3678.75,SL,2025,978.5500000000004
2025-09-22 12:17:31,BUY,0.01,3722.44,0.0,11.72,0.0,2025-09-24 19:50:32,1,3734.16,SL,2025,990.2700000000004
2025-09-29 08:05:11,BUY,0.01,3808.99,0.0,0.01,0.0,2025-09-30 11:37:27,1,3809.0,SL,2025,990.2800000000004
2025-10-01 05:05:00,BUY,0.01,3871.84,0.0,-27.06,0.0,2025-10-02 20:00:00,1,3844.78,EA_close,2025,963.2200000000005
2025-10-06 01:04:31,BUY,0.01,3891.78,0.0,89.93,0.0,2025-10-09 19:41:29,1,3981.71,SL,2025,1053.1500000000005
2025-10-14 02:33:30,BUY,0.02,4117.2,0.0,195.63,0.0,2025-10-17 16:35:48,2,4262.93,SL,2025,1248.7800000000007
2025-10-20 21:29:31,BUY,0.02,4355.9,0.0,-132.25,0.0,2025-10-21 12:00:00,2,4273.64,EA_close,2025,1116.5300000000007
2025-10-30 16:07:22,BUY,0.02,4001.66,0.0,-77.06,0.0,2025-11-03 02:17:15,1,3963.13,SL,2025,1039.4700000000007
2025-11-12 01:40:17,BUY,0.02,4143.32,0.0,60.769999999999996,0.0,2025-11-13 20:35:30,2,4154.02,SL,2025,1100.2400000000007
2025-11-21 08:28:16,SELL,0.02,4036.81,0.0,-86.94,0.0,2025-11-21 16:00:00,1,4080.28,EA_close,2025,1013.3000000000006
2025-11-26 04:25:39,BUY,0.02,4159.25,0.0,83.93,0.0,2025-12-02 11:27:36,2,4193.17,SL,2025,1097.2300000000007
2025-12-11 16:37:51,BUY,0.02,4241.14,0.0,78.16,0.0,2025-12-12 18:38:47,2,4269.26,SL,2025,1175.3900000000008
2025-12-18 18:10:21,BUY,0.02,4348.8,0.0,156.59,0.0,2025-12-29 09:00:20,2,4455.39,SL,2025,1331.9800000000007
2026-01-05 16:54:59,BUY,0.02,4439.95,0.0,58.67,0.0,2026-01-08 04:00:00,2,4448.5,EA_close,2026,1390.6500000000008
2026-01-12 01:03:24,BUY,0.02,4517.08,0.0,132.69,0.0,2026-01-15 04:00:00,2,4599.8,EA_close,2026,1523.3400000000008
2026-01-20 08:06:59,BUY,0.03,4716.82,0.0,178.51,0.0,2026-01-21 21:36:30,2,4780.95,SL,2026,1701.8500000000008
2026-01-22 08:00:00,BUY,0.03,4821.55,0.0,1196.7099999999998,0.0,2026-01-29 17:14:28,2,5394.86,SL,2026,2898.5600000000004
2026-02-04 02:15:48,BUY,0.05,4993.71,0.0,168.1,0.0,2026-02-04 03:06:38,1,5027.33,SL,2026,3066.6600000000003
2026-02-06 20:11:16,BUY,0.06,4969.11,0.0,150.36,0.0,2026-02-12 18:14:28,2,4964.73,SL,2026,3217.0200000000004
2026-02-19 08:45:02,BUY,0.06,5011.06,0.0,474.15,0.0,2026-02-24 15:59:25,2,5116.13,SL,2026,3691.1700000000005
2026-02-25 03:18:41,BUY,0.07,5181.43,0.0,-65.24,0.0,2026-02-26 01:02:00,1,5172.11,EA_close,2026,3625.9300000000007
2026-02-27 22:21:55,BUY,0.07,5258.0,0.0,126.49,0.0,2026-03-02 18:01:08,1,5276.07,SL,2026,3752.4200000000005
2026-03-10 04:00:05,BUY,0.07,5186.24,0.0,23.049999999999997,0.0,2026-03-12 08:00:00,2,5154.54,EA_close,2026,3775.4700000000007
2026-03-17 17:35:58,SELL,0.07,4991.46,0.0,1367.75,0.0,2026-03-20 03:44:23,2,4687.06,SL,2026,5143.220000000001
2026-03-20 15:51:43,SELL,0.1,4633.64,0.0,1534.8,0.0,2026-03-23 13:06:52,2,4376.67,SL,2026,6678.020000000001
2026-03-26 21:54:43,SELL,0.1,4366.49,0.0,-298.1,0.0,2026-03-26 22:12:52,1,4396.3,SL,2026,6379.920000000001
2026-04-06 20:12:57,SELL,0.1,4651.51,0.0,-317.4,0.0,2026-04-07 12:00:00,1,4683.25,EA_close,2026,6062.520000000001
2026-04-23 02:01:26,SELL,0.1,4723.62,0.0,233.85,0.0,2026-04-24 20:00:00,2,4727.12,EA_close,2026,6296.370000000002
2026-04-28 05:00:06,SELL,0.1,4667.06,0.0,507.65,0.0,2026-04-30 11:04:13,2,4615.46,SL,2026,6804.020000000001
2026-05-04 18:21:36,SELL,0.1,4525.96,0.0,-700.95,0.0,2026-05-06 03:55:17,2,4616.14,SL,2026,6103.0700000000015
2026-05-08 16:30:39,BUY,0.1,4735.42,0.0,-584.5,0.0,2026-05-11 03:17:12,1,4676.97,SL,2026,5518.5700000000015
2026-05-15 08:01:02,SELL,0.1,4604.18,0.0,597.45,0.0,2026-05-20 20:00:00,2,4534.93,EA_close,2026,6116.020000000001
2026-05-26 12:14:31,SELL,0.1,4519.88,0.0,498.45000000000005,0.0,2026-05-28 17:19:06,2,4470.77,SL,2026,6614.470000000001
2026-06-03 08:30:36,SELL,0.1,4462.42,0.0,-189.1,0.0,2026-06-04 08:00:00,1,4481.33,EA_close,2026,6425.370000000001
2026-06-05 09:15:00,SELL,0.1,4434.18,0.0,1577.75,0.0,2026-06-11 20:42:19,2,4169.16,SL,2026,8003.120000000001
2026-06-18 08:46:31,SELL,0.1,4306.63,0.0,80.5,0.0,2026-06-18 09:07:45,1,4298.58,SL,2026,8083.620000000001
2026-06-18 12:00:06,SELL,0.1,4265.54,0.0,1278.3,0.0,2026-06-26 16:00:00,2,4060.04,EA_close,2026,9361.92
2026-07-08 11:17:55,SELL,0.1,4096.27,0.0,250.25,0.0,2026-07-09 09:00:26,2,4096.19,SL,2026,9612.17
2026-07-13 09:04:11,SELL,0.1,4050.23,0.0,101.54999999999998,0.0,2026-07-14 15:30:07,2,4080.19,SL,2026,9713.72
2026-07-15 08:11:18,SELL,0.1,4028.03,0.0,-405.7,0.0,2026-07-15 16:00:00,1,4068.6,EA_close,2026,9308.019999999999
2026-07-16 14:25:43,SELL,0.1,4022.31,0.0,267.45,0.0,2026-07-20 08:00:00,2,4019.16,EA_close,2026,9575.47
2026-07-24 04:04:18,SELL,0.1,4040.05,0.0,-533.7,0.0,2026-07-27 01:02:00,1,4093.42,SL,2026,9041.769999999999
2026-07-28 08:00:11,SELL,0.1,4040.08,0.0,-381.9,0.0,2026-07-29 21:00:05,1,4078.27,SL,2026,8659.869999999999
2026-08-05 21:23:38,BUY,0.1,4265.71,0.0,800.7,0.0,2026-08-13 12:00:00,2,4375.78,EA_close,2026,9460.57
2026-08-18 03:00:02,BUY,0.1,4429.66,0.0,-566.15,0.0,2026-08-18 17:59:05,2,4366.96,SL,2026,8894.42
2026-08-19 20:01:54,BUY,0.1,4499.25,0.0,895.2,0.0,2026-08-26 12:00:00,2,4628.25,EA_close,2026,9789.62
2026-09-03 14:57:55,BUY,0.1,4443.73,0.0,26.299999999999983,0.0,2026-09-04 15:30:41,2,4399.25,SL,2026,9815.92
2026-09-10 08:29:59,BUY,0.1,4421.02,0.0,-262.0,0.0,2026-09-10 12:00:00,1,4394.82,EA_close,2026,9553.92
2026-09-14 12:15:51,SELL,0.1,4302.96,0.0,-191.1,0.0,2026-09-16 08:00:00,1,4322.07,EA_close,2026,9362.82
2026-09-23 20:02:46,SELL,0.1,4277.03,0.0,-96.7,0.0,2026-09-25 23:57:58,1,4286.7,end_of_test,2026,9266.119999999999
