time_out,pnl
2023-01-04 17:12:00,-0.8683999999995453
2023-01-11 17:37:00,1.9848000000001456
2023-01-13 13:40:00,-0.8683999999997727
2023-01-13 17:02:00,4.547473508864641e-13
2023-01-16 07:46:00,-0.8683999999997727
2023-01-18 20:00:00,-19.20999999999981
2023-01-23 09:49:00,4.663200000000318
2023-01-23 15:38:00,-7.059999999999718
2023-01-24 16:12:00,-0.8683999999995453
2023-01-25 08:00:00,-10.1983999999997
2023-01-26 18:24:00,-20.049999999999727
2023-01-31 20:00:00,-27.498999999999796
2023-02-03 16:25:00,-0.19899999999961437
2023-02-08 08:00:00,-14.314299999999674
2023-02-14 04:07:00,0.39580000000022736
2023-02-17 17:03:00,0.7916000000002273
2023-02-23 04:49:00,0.5937000000002274
2023-02-23 15:35:00,2.2737367544323206e-13
2023-02-24 15:31:00,4.547473508864641e-13
2023-02-28 10:53:00,0.39580000000022736
2023-03-06 13:50:00,-0.8683999999997727
2023-03-07 12:00:00,-10.748399999999881
2023-03-15 20:31:00,-1.7367999999997727
2023-03-21 10:06:00,29.833200000000165
2023-03-24 08:32:00,-0.8683999999997727
2023-03-24 12:25:00,2.2737367544323206e-13
2023-03-29 20:00:00,-3.158999999999878
2023-04-03 01:00:00,-13.828399999999808
2023-04-06 05:45:00,15.246400000000481
2023-04-06 16:03:00,-9.999999999999545
2023-04-12 15:46:00,2.2737367544323206e-13
2023-04-13 15:31:00,2.2737367544323206e-13
2023-04-14 17:53:00,-45.64839999999975
2023-04-19 15:21:00,2.2737367544323206e-13
2023-04-21 17:17:00,2.2737367544323206e-13
2023-04-25 15:31:00,2.2737367544323206e-13
2023-05-03 21:34:00,4.547473508864641e-13
2023-05-04 05:37:00,2.2737367544323206e-13
2023-05-05 16:00:00,-45.62839999999999
2023-05-15 20:00:00,-7.588999999999714
2023-05-19 20:00:00,24.71050000000023
2023-05-26 10:40:00,0.19790000000022737
2023-05-26 19:23:00,4.547473508864641e-13
2023-05-30 10:02:00,2.2737367544323206e-13
2023-06-07 20:00:00,-25.288399999999847
2023-06-13 15:32:00,2.2737367544323206e-13
2023-06-15 08:57:00,2.2737367544323206e-13
2023-06-15 19:31:00,-31.659999999999854
2023-06-23 16:00:00,18.25050000000042
2023-06-29 11:18:00,0.5937000000004548
2023-06-29 17:09:00,2.2737367544323206e-13
2023-07-05 16:34:00,2.2737367544323206e-13
2023-07-14 17:04:00,8.83800000000029
2023-07-18 14:25:00,2.2737367544323206e-13
2023-07-19 14:18:00,-0.8683999999997727
2023-07-20 08:55:00,2.2737367544323206e-13
2023-07-26 01:00:00,-11.76909999999987
2023-08-04 15:40:00,2.869500000000109
2023-08-08 17:41:00,2.2737367544323206e-13
2023-08-10 13:36:00,0.5937000000004548
2023-08-14 19:06:00,0.19790000000022737
2023-08-15 15:35:00,2.2737367544323206e-13
2023-08-17 09:39:00,0.5937000000002274
2023-08-18 03:47:00,0.19790000000022737
2023-08-21 16:00:00,-8.981099999999632
2023-08-28 12:00:00,-3.1599999999998545
2023-08-29 16:00:00,-9.279999999999745
2023-09-01 17:01:00,-3.473599999999773
2023-09-08 08:00:00,-7.900099999999729
2023-09-11 05:08:00,-6.5799999999997
2023-09-14 17:47:00,0.7916000000004547
2023-09-20 22:33:00,2.2737367544323206e-13
2023-09-29 16:17:00,25.889500000000318
2023-10-05 08:00:00,25.169400000000426
2023-10-24 12:00:00,97.33240000000048
2023-10-26 13:39:00,4.547473508864641e-13
2023-11-14 12:00:00,33.764200000000265
2023-11-22 17:09:00,3.4116000000002
2023-11-30 15:54:00,26.538000000000338
2023-12-01 12:26:00,2.2737367544323206e-13
2023-12-04 08:52:00,0.0
2023-12-12 15:30:00,0.19790000000022737
2023-12-13 10:48:00,0.19790000000022737
2023-12-13 21:03:00,-17.33999999999969
2023-12-22 02:15:00,0.003000000000156433
2023-12-22 18:45:00,4.547473508864641e-13
2023-12-28 21:15:00,-2.605199999999545
2024-01-05 15:50:00,4.547473508864641e-13
2024-01-08 16:58:00,2.2737367544323206e-13
2024-01-11 04:00:00,-7.57029999999976
2024-01-26 08:00:00,-12.346099999999868
2024-01-30 17:05:00,2.2737367544323206e-13
2024-01-31 18:06:00,4.547473508864641e-13
2024-02-01 19:40:00,0.0
2024-02-12 15:11:00,0.19790000000022737
2024-02-12 19:30:00,2.2737367544323206e-13
2024-02-14 18:05:00,2.2737367544323206e-13
2024-02-22 20:00:00,-10.785199999999609
2024-02-28 01:00:00,-6.788399999999618
2024-02-29 14:20:00,-9.379999999999654
2024-03-01 16:45:00,-0.8684000000000001
2024-03-12 07:44:00,80.48440000000018
2024-03-19 11:38:00,4.547473508864641e-13
2024-04-05 08:00:00,71.53120000000013
2024-04-05 17:01:00,4.547473508864641e-13
2024-04-08 15:22:00,-0.8684000000000001
2024-04-09 18:51:00,0.0
2024-04-12 17:00:00,0.0
2024-04-16 20:21:00,0.0
2024-04-18 16:35:00,4.547473508864641e-13
2024-04-19 20:47:00,0.0
2024-04-23 12:32:00,0.0
2024-05-01 02:01:00,0.19790000000045474
2024-05-02 16:30:00,4.547473508864641e-13
2024-05-13 14:11:00,-1.7367999999995454
2024-05-16 16:19:00,-2.605199999999545
2024-05-21 06:27:00,20.963200000000274
2024-05-22 08:00:00,-21.488399999999892
2024-05-27 20:00:00,-22.93909999999926
2024-05-30 06:39:00,4.547473508864641e-13
2024-05-30 20:00:00,-20.527000000000044
2024-06-03 09:48:00,4.547473508864641e-13
2024-06-04 18:13:00,4.547473508864641e-13
2024-06-07 11:02:00,-0.8683999999995453
2024-06-21 16:52:00,-0.8684000000000001
2024-06-26 18:20:00,4.547473508864641e-13
2024-07-03 16:03:00,0.0
2024-07-05 15:30:00,-14.739999999999782
2024-07-05 17:06:00,4.547473508864641e-13
2024-07-08 18:48:00,-35.368399999999546
2024-07-18 21:31:00,58.001199999999926
2024-07-25 17:26:00,0.0
2024-07-29 04:00:00,-42.71820000000003
2024-08-02 17:43:00,1.6264000000003636
2024-08-08 04:08:00,0.5937000000004548
2024-08-14 15:30:00,-0.8683999999995453
2024-08-16 17:00:00,0.0
2024-08-19 03:42:00,-0.8683999999995453
2024-08-20 18:17:00,-0.8684000000000001
2024-08-26 16:56:00,0.0
2024-08-28 08:00:00,-15.239999999999782
2024-08-29 16:00:00,-12.179999999999836
2024-09-03 15:07:00,0.0
2024-09-03 17:10:00,4.547473508864641e-13
2024-09-04 20:00:00,-24.05699999999979
2024-09-11 15:12:00,0.0
2024-09-12 16:00:00,4.547473508864641e-13
2024-09-17 08:18:00,16.664800000000437
2024-09-27 17:49:00,53.02119999999991
2024-10-08 11:39:00,4.547473508864641e-13
2024-10-10 15:36:00,4.251600000000491
2024-10-23 16:16:00,77.40280000000037
2024-10-31 15:01:00,20.73640000000049
2024-11-06 14:38:00,0.0
2024-11-06 16:38:00,4.547473508864641e-13
2024-11-07 03:26:00,4.547473508864641e-13
2024-11-13 15:30:00,46.46580000000062
2024-11-13 17:55:00,0.0
2024-11-14 01:18:00,0.5937000000004548
2024-11-25 05:26:00,26.503200000000238
2024-12-11 05:42:00,0.0
2024-12-12 03:30:00,-2.605199999999545
2024-12-20 17:31:00,8.369500000000109
2025-01-02 13:33:00,0.0
2025-01-03 15:38:00,-0.8683999999995453
2025-01-08 19:29:00,0.0
2025-01-09 16:04:00,0.0
2025-01-10 14:39:00,4.547473508864641e-13
2025-01-10 16:46:00,0.0
2025-01-16 07:29:00,-2.605199999999545
2025-01-17 11:25:00,-0.8683999999995453
2025-01-20 03:05:00,-23.44839999999993
2025-01-27 08:00:00,18.489600000000273
2025-02-03 01:24:00,25.20320000000051
2025-02-07 20:00:00,53.70960000000053
2025-02-12 08:00:00,4.303199999999963
2025-02-14 15:44:00,-0.8684000000000001
2025-02-19 18:00:00,1.1916000000004001
2025-02-20 14:24:00,0.0
2025-02-21 04:00:00,-18.679999999999836
2025-02-27 17:04:00,4.547473508864641e-13
2025-02-28 07:54:00,0.0
2025-02-28 16:10:00,4.547473508864641e-13
2025-03-07 20:00:00,-18.4399999999996
2025-03-21 07:42:00,93.02759999999992
2025-03-31 03:03:00,-0.8684000000000001
2025-03-31 09:34:00,4.547473508864641e-13
2025-04-01 04:05:00,0.0
2025-04-03 03:18:00,-3.4735999999995455
2025-04-07 20:22:00,4.547473508864641e-13
2025-04-08 20:15:00,4.547473508864641e-13
2025-04-09 08:00:00,-38.10999999999967
2025-04-23 01:00:00,97.25280000000028
2025-04-29 20:00:00,-28.92199999999957
2025-04-30 13:31:00,4.547473508864641e-13
2025-05-02 12:53:00,0.19790000000045474
2025-05-13 15:42:00,0.0
2025-05-14 15:03:00,0.0
2025-05-14 16:17:00,4.547473508864641e-13
2025-05-14 22:17:00,4.547473508864641e-13
2025-05-15 09:22:00,0.0
2025-05-21 23:15:00,4.547473508864641e-13
2025-05-23 15:05:00,4.547473508864641e-13
2025-05-23 22:00:00,4.547473508864641e-13
2025-06-04 17:55:00,0.0
2025-06-05 12:32:00,4.547473508864641e-13
2025-06-16 20:00:00,-52.47199999999975
2025-06-26 02:12:00,5.041600000000455
2025-06-30 22:57:00,0.1979
2025-07-15 09:23:00,0.0
2025-07-23 19:21:00,20.443200000000292
2025-07-31 03:01:00,0.5937000000004548
2025-08-01 03:43:00,0.1979
2025-08-06 11:18:00,-0.8684000000000001
2025-08-07 11:06:00,4.547473508864641e-13
2025-08-08 01:02:00,-0.8683999999995453
2025-08-18 02:28:00,0.0
2025-08-19 03:06:00,0.19790000000045474
2025-08-19 16:32:00,4.547473508864641e-13
2025-08-20 04:43:00,0.19790000000045474
2025-08-22 17:01:00,-23.079999999999927
2025-08-26 04:07:00,4.547473508864641e-13
2025-08-27 04:21:00,-0.8683999999995453
2025-08-28 04:00:00,-2.6052
2025-09-11 08:00:00,225.30240000000052
2025-09-16 16:02:00,0.0
2025-09-17 21:00:00,4.547473508864641e-13
2025-09-24 17:54:00,50.493200000000016
2025-09-29 10:35:00,4.547473508864641e-13
2025-09-29 15:24:00,4.547473508864641e-13
2025-09-30 03:06:00,-0.8684000000000001
2025-10-01 15:41:00,4.547473508864641e-13
2025-10-02 16:49:00,4.547473508864641e-13
2025-10-09 19:34:00,104.39800000000024
2025-10-14 08:48:00,-9.094947017729282e-13
2025-10-15 04:14:00,-1.8189894035458565e-12
2025-10-16 03:59:00,-2.6052000000009095
2025-10-16 20:40:00,-1.8189894035458565e-12
2025-10-17 20:00:00,-172.76000000000113
2025-10-20 23:13:00,-9.094947017729282e-13
2025-10-27 16:04:00,0.0
2025-10-28 06:29:00,4.547473508864641e-13
2025-10-30 05:07:00,0.0
2025-11-14 12:00:00,22.366399999999235
2025-11-28 10:03:00,-3.4736000000018192
2025-12-02 11:36:00,-1.7368000000009096
2025-12-10 21:42:00,-1.8189894035458565e-12
2025-12-12 17:20:00,-9.094947017729282e-13
2025-12-18 19:06:00,-1.8189894035458565e-12
2025-12-24 16:50:00,90.98319999999934
2025-12-26 01:34:00,-0.0020000000013169483
2025-12-26 11:17:00,-1.8189894035458565e-12
2025-12-26 15:45:00,-1.8189894035458565e-12
2025-12-26 19:14:00,-9.094947017729282e-13
2025-12-31 22:17:00,-1.8189894035458565e-12
2026-01-08 03:55:00,-28.28520000000029
2026-01-13 22:34:00,50.901599999998616
2026-01-14 17:09:00,-9.094947017729282e-13
2026-01-15 04:00:00,-41.925200000001524
2026-01-21 21:46:00,-0.8684000000009096
2026-01-29 17:27:00,374.4811999999985
2026-02-05 22:56:00,-9.094947017729282e-13
2026-02-23 18:04:00,-9.094947017729282e-13
2026-02-24 02:01:00,-0.8684000000009096
2026-02-27 23:13:00,-9.094947017729282e-13
2026-03-02 09:08:00,-9.094947017729282e-13
2026-03-06 20:00:00,-86.95210000000145
2026-03-09 16:13:00,-9.094947017729282e-13
2026-03-18 12:35:00,-9.094947017729282e-13
2026-03-19 01:00:00,-0.23630000000174622
2026-03-19 12:23:00,-9.094947017729282e-13
2026-03-20 21:00:00,-1.8189894035458565e-12
2026-03-23 14:52:00,-9.094947017729282e-13
2026-03-26 22:23:00,-9.094947017729282e-13
2026-04-01 01:44:00,-9.094947017729282e-13
2026-04-02 02:35:00,-2.6052000000009095
2026-04-10 12:00:00,-61.13840000000135
2026-04-15 06:02:00,-0.8684000000009096
2026-04-16 03:47:00,-9.094947017729282e-13
2026-04-23 03:19:00,-1.8189894035458565e-12
2026-04-23 08:31:00,-1.8189894035458565e-12
2026-04-23 13:15:00,-9.094947017729282e-13
2026-04-23 20:48:00,-9.094947017729282e-13
2026-04-24 07:35:00,-9.094947017729282e-13
2026-04-30 11:04:00,56.85159999999949
2026-05-04 18:23:00,-9.094947017729282e-13
2026-05-18 03:59:00,-9.094947017729282e-13
2026-05-19 16:50:00,-1.8189894035458565e-12
2026-05-20 04:37:00,-9.094947017729282e-13
2026-05-26 12:50:00,-9.094947017729282e-13
2026-05-26 22:00:00,-1.8189894035458565e-12
2026-05-28 13:09:00,-1.8189894035458565e-12
2026-06-03 16:49:00,-1.8189894035458565e-12
2026-06-04 08:00:00,-55.470000000002074
2026-06-05 09:19:00,-1.8189894035458565e-12
2026-06-09 08:41:00,81.31579999999916
2026-06-12 01:00:00,24.681599999998507
2026-06-17 21:00:00,-1.8189894035458565e-12
2026-06-26 12:19:00,125.74949999999886
2026-07-13 09:08:00,0.0
2026-07-14 15:30:00,0.1979
2026-07-15 08:31:00,4.547473508864641e-13
2026-07-16 15:17:00,0.0
2026-07-16 16:12:00,4.547473508864641e-13
2026-07-17 15:47:00,0.19790000000045474
2026-07-17 18:04:00,-44.81999999999971
2026-08-04 20:29:00,4.547473508864641e-13
2026-08-13 12:00:00,225.65599999999924
2026-08-17 17:28:00,-9.094947017729282e-13
2026-08-18 04:00:00,-1.8189894035458565e-12
2026-08-20 04:01:00,-2.6052000000009095
2026-08-20 18:43:00,-9.094947017729282e-13
2026-08-21 07:38:00,-9.094947017729282e-13
2026-08-21 09:02:00,-9.094947017729282e-13
2026-08-21 23:48:00,-9.094947017729282e-13
2026-08-24 14:43:00,-1.8189894035458565e-12
2026-08-24 16:21:00,-9.094947017729282e-13
2026-08-25 03:03:00,-9.094947017729282e-13
2026-09-03 01:00:00,28.681599999998507
2026-09-08 19:15:00,-1.8189894035458565e-12
2026-09-09 05:52:00,0.1978999999990905
2026-09-09 18:06:00,-9.094947017729282e-13
2026-09-10 22:09:00,-9.094947017729282e-13
2026-09-11 07:07:00,-9.094947017729282e-13
2026-09-11 15:31:00,-9.094947017729282e-13
2026-09-14 10:45:00,-9.094947017729282e-13
